2790
   -2.30000004000000036e-01    6.01999983000000086e-02    6.72378387801030350e-21
   -2.29962483399436368e-01    6.01851695617870025e-02   -7.07867911459112331e-04
   -2.29924711911000779e-01    6.01796457898486625e-02   -1.41604094781482264e-03
   -2.29887361801681595e-01    6.01620352735562774e-02   -2.12380094192355772e-03
   -2.29850541676193704e-01    6.01254282397239853e-02   -2.83096366576152071e-03
   -2.29813201314352483e-01    6.00920780853926029e-02   -3.53835077269666403e-03
   -2.29775513585352059e-01    6.00481759442027460e-02   -4.24490481415937520e-03
   -2.29737947410618454e-01    5.99870516445698207e-02   -4.95038167414572558e-03
   -2.29700391569686829e-01    5.99313263118803272e-02   -5.65633013899820292e-03
   -2.29662689596777853e-01    5.98602811025985421e-02   -6.36065357177758445e-03
   -2.29625267453664794e-01    5.97756032293732878e-02   -7.06373763160638574e-03
   -2.29588470672794254e-01    5.96952927384913692e-02   -7.76731039847135523e-03
   -2.29551137929662696e-01    5.95967528989355885e-02   -8.46836814983577615e-03
   -2.29513416624975264e-01    5.94901814660198716e-02   -9.16846569409803837e-03
   -2.29475880500932483e-01    5.93849597969633367e-02   -9.86865515476375611e-03
   -2.29438340102874866e-01    5.92592577583879315e-02   -1.05653914955785438e-02
   -2.29400649347461988e-01    5.91309384295483700e-02   -1.12618399591332113e-02
   -2.29363186952788650e-01    5.90002601598131060e-02   -1.19576696568970634e-02
   -2.29326344649535024e-01    5.88482886719948264e-02   -1.26492481728250634e-02
   -2.29289071854818588e-01    5.86982625694235857e-02   -1.33413639270192133e-02
   -2.29251376424835562e-01    5.85414981004651613e-02   -1.40317164879391956e-02
   -2.29213813775445224e-01    5.83652620830648408e-02   -1.47175324647086190e-02
   -2.29176292827219685e-01    5.81929439432221918e-02   -1.54044086702575314e-02
   -2.29138616170507597e-01    5.80087816791295813e-02   -1.60879387529594374e-02
   -2.29101106675818955e-01    5.78092507415213300e-02   -1.67673875863397250e-02
   -2.29064266269542183e-01    5.76143204330814077e-02   -1.74481947048609476e-02
   -2.29027016418579477e-01    5.74035981200956974e-02   -1.81240421965739203e-02
   -2.28989305783914021e-01    5.71824079307951469e-02   -1.87967667902905304e-02
   -2.28951762161684058e-01    5.69641306734386954e-02   -1.94703667146623842e-02
   -2.28914215956035366e-01    5.67267802356757680e-02   -2.01373467941332387e-02
   -2.28876522317997433e-01    5.64840868934711401e-02   -2.08026291382996734e-02
   -2.28839010157956629e-01    5.62418844578650295e-02   -2.14679424242553499e-02
   -2.28802183633080969e-01    5.59795765238613324e-02   -2.21256072786031391e-02
   -2.28764977356457372e-01    5.57160630091364170e-02   -2.27829510287962458e-02
   -2.28727246620589769e-01    5.54487452238957082e-02   -2.34385035212938582e-02
   -2.28689667778523259e-01    5.51627827660506331e-02   -2.40862536699321533e-02
   -2.28652090024004356e-01    5.48793879528223297e-02   -2.47352465807981897e-02
   -2.28614518693513957e-01    5.45870868293780107e-02   -2.53800019272783818e-02
   -2.28576939649451916e-01    5.42780367481179790e-02   -2.60171182163229445e-02
   -2.28539240122783649e-01    5.39736423134887511e-02   -2.66564952666147742e-02
   -2.28502112869452462e-01    5.36567088157452049e-02   -2.72895220029029453e-02
   -2.28465253887310232e-01    5.33270165000543778e-02   -2.79162875191158594e-02
   -2.28427689272420159e-01    5.30006287288522296e-02   -2.85446891688353882e-02
   -2.28390017336818379e-01    5.26583465576228385e-02   -2.91643701658859077e-02
   -2.28352482634640946e-01    5.23088246189573197e-02   -2.97802721100061604e-02
   -2.28314914190196533e-01    5.19614680100596374e-02   -3.03972741517789247e-02
   -2.28277233281102221e-01    5.15957976014759095e-02   -3.10034924082700988e-02
   -2.28240040278649442e-01    5.12269765786981593e-02   -3.16080711932322789e-02
   -2.28203141636957874e-01    5.08570999641808630e-02   -3.22118116786660538e-02
   -2.28165610911006955e-01    5.04688641189138601e-02   -3.28039142685286333e-02
   -2.28127950198727697e-01    5.00810854543041542e-02   -3.33964760178822387e-02
   -2.28090424311035711e-01    4.96883304755554797e-02   -3.39854909419145534e-02
   -2.28052866674663846e-01    4.92794864860431753e-02   -3.45636213970645159e-02
   -2.28015145286156518e-01    4.88733594745060160e-02   -3.51437414692025232e-02
   -2.27977927641453693e-01    4.84578717930246525e-02   -3.57169280475603604e-02
   -2.27941101786697631e-01    4.80291013592419117e-02   -3.62805419889129510e-02
   -2.27903561461178100e-01    4.76038493888421566e-02   -3.68467672707501470e-02
   -2.27865879806254057e-01    4.71661440071760932e-02   -3.74031447549984103e-02
   -2.27828361088375037e-01    4.67193854979529935e-02   -3.79525974078254932e-02
   -2.27790775490149811e-01    4.62752509974391837e-02   -3.85040821674061604e-02
   -2.27753062997676503e-01    4.58157458531384745e-02   -3.90426254202173167e-02
   -2.27715827146949434e-01    4.53515596701939694e-02   -3.95774746550885126e-02
   -2.27679020698129675e-01    4.48886217505944096e-02   -4.01132519655035893e-02
   -2.27641536063802025e-01    4.44093261463020250e-02   -4.06343452856563064e-02
   -2.27603837040372015e-01    4.39286000967985812e-02   -4.11543579171295693e-02
   -2.27566296422234943e-01    4.34455243199725616e-02   -4.16719148345888746e-02
   -2.27528738059295965e-01    4.29472007797049304e-02   -4.21749239715788551e-02
   -2.27491022751168115e-01    4.24504867234821587e-02   -4.26796773530999513e-02
   -2.27453721726123381e-01    4.19475543855356431e-02   -4.31779064174815166e-02
   -2.27416911598902233e-01    4.14313582705635730e-02   -4.36626936415292280e-02
   -2.27379467308788608e-01    4.09188920769661055e-02   -4.41514353946430016e-02
   -2.27341788867005817e-01    4.03971696283610404e-02   -4.46298936785017308e-02
   -2.27304262734763229e-01    3.98652449025948055e-02   -4.50973708364112297e-02
   -2.27266685570296167e-01    3.93367790760486835e-02   -4.55687018814457181e-02
   -2.27228965968875984e-01    3.87966831971628401e-02   -4.60263435325632478e-02
   -2.27191628061493567e-01    3.82501780131019944e-02   -4.64767365619322137e-02
   -2.27154811436868415e-01    3.77055172574969552e-02   -4.69292400132682169e-02
   -2.27117411159005522e-01    3.71478660498367128e-02   -4.73654159901171420e-02
   -2.27079722651266025e-01    3.65873804204103412e-02   -4.77982727046112055e-02
   -2.27042175692359877e-01    3.60264878252511619e-02   -4.82303313155296107e-02
   -2.27004618144652615e-01    3.54525325502984337e-02   -4.86449065822677912e-02
   -2.26966929250022958e-01    3.48787807916965328e-02   -4.90600095403312675e-02
   -2.26929565639608699e-01    3.43021436398537397e-02   -4.94707432739969616e-02
   -2.26892736029056574e-01    3.37138101359561945e-02   -4.98648204844780521e-02
   -2.26855355606549902e-01    3.31271017577367752e-02   -5.02614071125312561e-02
   -2.26817670313965852e-01    3.25347060078911843e-02   -5.06489777441192918e-02
   -2.26780135447034487e-01    3.19331862446532097e-02   -5.10226305102588068e-02
   -2.26742555945106172e-01    3.13340818766886381e-02   -5.14001652832890080e-02
   -2.26704845808232303e-01    3.07269193178916454e-02   -5.17641485640506077e-02
   -2.26667449930867959e-01    3.01131655125033565e-02   -5.21174237393388293e-02
   -2.26630638695343251e-01    2.95014784591255269e-02   -5.24742061291404160e-02
   -2.26593320514650448e-01    2.88807481103715291e-02   -5.28146419996203126e-02
   -2.26555622832464471e-01    2.82562953184432933e-02   -5.31486391512663789e-02
   -2.26518061208487442e-01    2.76323840064483725e-02   -5.34833933216467550e-02
   -2.26480531887859438e-01    2.69989378443354980e-02   -5.37996214925681102e-02
   -2.26442835048389968e-01    2.63641441887957906e-02   -5.41135321278549061e-02
   -2.26405362875028771e-01    2.57281534951219054e-02   -5.44246063047823317e-02
   -2.26368536124712111e-01    2.50833216502691393e-02   -5.47171446016821092e-02
   -2.26331229324615579e-01    2.44392209581094817e-02   -5.50115333778489202e-02
   -2.26293527968410207e-01    2.37919417420788988e-02   -5.52982077755807336e-02
   -2.26255988764638594e-01    2.31368865719707231e-02   -5.55671223908252992e-02
   -2.26218406505082764e-01    2.24837777304335885e-02   -5.58408696769675458e-02
   -2.26180832444175250e-01    2.18258588286993592e-02   -5.61021401064017364e-02
   -2.26143236944833209e-01    2.11620094615656805e-02   -5.63486636846156491e-02
   -2.26105585199639247e-01    2.05001253338488107e-02   -5.66003442731043971e-02
   -2.26068528398671253e-01    1.98323858261218768e-02   -5.68355127856672998e-02
   -2.26031558266472199e-01    1.91610108634779966e-02   -5.70609026155298182e-02
   -2.25993943860589186e-01    1.84909108569493545e-02   -5.72896667248601471e-02
   -2.25956314746865311e-01    1.78145910913427158e-02   -5.74989228786117121e-02
   -2.25918783059703365e-01    1.71363840203891844e-02   -5.77027726333668237e-02
   -2.25881171665554104e-01    1.64581910698649060e-02   -5.79060949381561135e-02
   -2.25843496833917301e-01    1.57742899408984914e-02   -5.80892823489552734e-02
   -2.25806424216487611e-01    1.50901305786549905e-02   -5.82722385533644138e-02
   -2.25769501549759971e-01    1.44049107617853587e-02   -5.84503707162448705e-02
   -2.25731894929384391e-01    1.37147776559705826e-02   -5.86087342759996563e-02
   -2.25694246562810452e-01    1.30252598738926657e-02   -5.87701721827161017e-02
   -2.25656723479096322e-01    1.23336911309421815e-02   -5.89214375432606380e-02
   -2.25619139128675594e-01    1.16383382125246175e-02   -5.90553012593500598e-02
   -2.25581457191842166e-01    1.09440063984054918e-02   -5.91944475528623296e-02
   -2.25544323901719468e-01    1.02471037161470848e-02   -5.93189121504954647e-02
   -2.25507403391938976e-01    9.54770098153065981e-03   -5.94301251597282518e-02
   -2.25469827222112923e-01    8.84906909296251896e-03   -5.95455596497411060e-02
   -2.25432200438733854e-01    8.14776614721543155e-03   -5.96421797753724364e-02
   -2.25394685637802628e-01    7.44515392251763296e-03   -5.97307664344385800e-02
   -2.25357075009602920e-01    6.74292299753921718e-03   -5.98213493844955285e-02
   -2.25319354637938118e-01    6.03837476963350710e-03   -5.98908897190335715e-02
   -2.25282215819544579e-01    5.33330124291033370e-03   -5.99573638064999428e-02
   -2.25245372298261887e-01    4.62820838288620796e-03   -6.00217941421467699e-02
   -2.25207795631554825e-01    3.92149262358709207e-03   -6.00650607411979676e-02
   -2.25170123368380271e-01    3.21472281153322922e-03   -6.01095264736674420e-02
   -2.25132602402508986e-01    2.50776909876764638e-03   -6.01469521994259793e-02
   -2.25095012510177828e-01    1.79990670577253133e-03   -6.01650196055986755e-02
   -2.25057290590646941e-01    1.09210024667435448e-03   -6.01870683575045640e-02
   -2.25020097523685375e-01    3.84236833941781339e-04   -6.01968896466170411e-02
   -2.24983275900739688e-01   -3.23913857397255570e-04   -6.01909377534938367e-02
   -2.24945769444909321e-01   -1.03204827101415126e-03   -6.01898838475506265e-02
   -2.24908071524315828e-01   -1.73971119714935859e-03   -6.01714576388435451e-02
   -2.24870506410060428e-01   -2.44725540072624707e-03   -6.01418356822833455e-02
   -2.24832939341401916e-01   -3.15488325428944305e-03   -6.01164408057945424e-02
   -2.24795241767259263e-01   -3.86136884485168514e-03   -6.00710654930593502e-02
   -2.24757998339609771e-01   -4.56770898196879379e-03   -6.00198378285967393e-02
   -2.24721161392286761e-01   -5.27394015615930203e-03   -5.99689362428034653e-02
   -2.24683700290031846e-01   -5.97818723231117229e-03   -5.98960433512452581e-02
   -2.24646028094686867e-01   -6.68251332904458081e-03   -5.98223518799726600e-02
   -2.24608478282761093e-01   -7.38625882495987443e-03   -5.97451323042683183e-02
   -2.24570917423485783e-01   -8.08750694287136036e-03   -5.96471217909582199e-02
   -2.24533208340600116e-01   -8.78911730880772152e-03   -5.95510256667291515e-02
   -2.24495923529902497e-01   -9.48919913458975972e-03   -5.94458079430886244e-02
   -2.24459098997380702e-01   -1.01866435911893514e-02   -5.93231340208894772e-02
   -2.24421633336429421e-01   -1.08848508684517772e-02   -5.92048868523455396e-02
   -2.24383944187026035e-01   -1.15803509691731320e-02   -5.90729254522203567e-02
   -2.24346416630865408e-01   -1.22733731324019286e-02   -5.89273330214650781e-02
   -2.24308868945716583e-01   -1.29671489491277013e-02   -5.87855623827593446e-02
   -2.24271143572586873e-01   -1.36567882506781393e-02   -5.86257259233091896e-02
   -2.24233806123749990e-01   -1.43447589720187806e-02   -5.84577563365120331e-02
   -2.24196999046844037e-01   -1.50333535090912251e-02   -5.82926956881080552e-02
   -2.24159569728755670e-01   -1.57164707453801150e-02   -5.81067439594774721e-02
   -2.24121888821057408e-01   -1.63987635415555576e-02   -5.79170340275213247e-02
   -2.24084367273148233e-01   -1.70805690448957437e-02   -5.77262286340106193e-02
   -2.24046783560380408e-01   -1.77561732123269721e-02   -5.75144164168935948e-02
   -2.24009059594763804e-01   -1.84321075851311932e-02   -5.73032038378436248e-02
   -2.23971720959498521e-01   -1.91060679151228638e-02   -5.70864398915326005e-02
   -2.23934938491219732e-01   -1.97739268901797952e-02   -5.68510491489764708e-02
   -2.23897538023753062e-01   -2.04429699962303014e-02   -5.66189179625459366e-02
   -2.23859816705594405e-01   -2.11079173217017628e-02   -5.63760609773125004e-02
   -2.23822265920887747e-01   -2.17672845304055090e-02   -5.61178281296541986e-02
   -2.23784708807463706e-01   -2.24283962826971953e-02   -5.58640855857032367e-02
   -2.23747026629711993e-01   -2.30833249135032337e-02   -5.55953821225836226e-02
   -2.23709650809633426e-01   -2.37338357206279341e-02   -5.53154886748015995e-02
   -2.23672820073807982e-01   -2.43857360862481387e-02   -5.50389522246128304e-02
   -2.23635458053256603e-01   -2.50296553823186087e-02   -5.47447229049975170e-02
   -2.23597754699412399e-01   -2.56710150057559393e-02   -5.44444649343736181e-02
   -2.23560194933983658e-01   -2.63126544864498366e-02   -5.41451089101661551e-02
   -2.23522642444846514e-01   -2.69449660009957841e-02   -5.38266079628056532e-02
   -2.23485090430490085e-01   -2.75765269447686839e-02   -5.35062254756875980e-02
   -2.23447452013881276e-01   -2.82063665431103831e-02   -5.31829129028734554e-02
   -2.23409793160338543e-01   -2.88265760267794602e-02   -5.28413343275218189e-02
   -2.23372806349454778e-01   -2.94476801334332856e-02   -5.25010779877430334e-02
   -2.23335831076122343e-01   -3.00644717131374056e-02   -5.21535355960034835e-02
   -2.23298200520744117e-01   -3.06723122611203512e-02   -5.17903034804974502e-02
   -2.23260562674450519e-01   -3.12822709073438746e-02   -5.14305496055269123e-02
   -2.23223012533290938e-01   -3.18849726084041232e-02   -5.10592121836015919e-02
   -2.23185392671328448e-01   -3.24802598918439295e-02   -5.06756812254872055e-02
   -2.23147749664523803e-01   -3.30782329165697428e-02   -5.02963954876794322e-02
   -2.23110721192917250e-01   -3.36659490674389092e-02   -4.99017123928733111e-02
   -2.23073745724629235e-01   -3.42481931696288835e-02   -4.94985505218408714e-02
   -2.23036118789289833e-01   -3.48322232501048490e-02   -4.90982204697223076e-02
   -2.22998475998701734e-01   -3.54046223918418543e-02   -4.86816044852794935e-02
   -2.22960952737996626e-01   -3.59744720522306091e-02   -4.82611393092367766e-02
   -2.22923360719123970e-01   -3.65434436875226379e-02   -4.78397769812586235e-02
   -2.22885670573071931e-01   -3.70992723937516866e-02   -4.74012124574619345e-02
   -2.22848610750951776e-01   -3.76555792868191255e-02   -4.69629469792181634e-02
   -2.22811684215942385e-01   -3.82082698691648612e-02   -4.65204854930102926e-02
   -2.22774053005657169e-01   -3.87477853319544291e-02   -4.60619055516338430e-02
   -2.22736419599451285e-01   -3.92898461688766520e-02   -4.56061991982590342e-02
   -2.22698907801567786e-01   -3.98246332160777511e-02   -4.51423654655998263e-02
   -2.22661300628099273e-01   -4.03479630850877499e-02   -4.46653241786803684e-02
   -2.22623597919131500e-01   -4.08751899499087551e-02   -4.41925802340907628e-02
   -2.22586485453088179e-01   -4.13915830121180245e-02   -4.37083305591661544e-02
   -2.22549586838273028e-01   -4.18992259333991340e-02   -4.32145290775824836e-02
   -2.22512020830380519e-01   -4.24100596468753241e-02   -4.27241676258741099e-02
   -2.22474355294012244e-01   -4.29069912493211456e-02   -4.22199659618983300e-02
   -2.22436816604007936e-01   -4.33984754839622441e-02   -4.17101061160424155e-02
   -2.22399254509628441e-01   -4.38911017596323866e-02   -4.12015336045311875e-02
   -2.22361574919670318e-01   -4.43685221251237730e-02   -4.06787436701902330e-02
   -2.22324421672810135e-01   -4.48440526457160871e-02   -4.01539432624652831e-02
   -2.22287533179264252e-01   -4.53173227660413416e-02   -3.96273395851584470e-02
   -2.22249993526505291e-01   -4.57749558639289761e-02   -3.90870581348717397e-02
   -2.22212307305546974e-01   -4.62339305086095290e-02   -3.85477622730485761e-02
   -2.22174740136927507e-01   -4.66867635434418532e-02   -3.80035977806897768e-02
   -2.22137165670624581e-01   -4.71248079997712149e-02   -3.74472498309399229e-02
   -2.22099466023268050e-01   -4.75661630750215114e-02   -3.68934641077761014e-02
   -2.22062293287407481e-01   -4.79973626099155296e-02   -3.63320057388177645e-02
   -2.22025454204028250e-01   -4.84165941267274066e-02   -3.57612507105199984e-02
   -2.21987923772206913e-01   -4.88396639756141573e-02   -3.51933969842321906e-02
   -2.21950235491044617e-01   -4.92482226477632609e-02   -3.46152863322109830e-02
   -2.21912679372943233e-01   -4.96483571310494254e-02   -3.40309976976689368e-02
   -2.21875101837432004e-01   -5.00515396290710651e-02   -3.34489178445214128e-02
   -2.21837417418852267e-01   -5.04373902903394178e-02   -3.28553634794185589e-02
   -2.21800198552269734e-01   -5.08189471873685752e-02   -3.22587430360857449e-02
   -2.21763332698547394e-01   -5.12006627070699660e-02   -3.16623912714383907e-02
   -2.21725820751143332e-01   -5.15639545624957049e-02   -3.10546868340541155e-02
   -2.21688134958814453e-01   -5.19267918814861618e-02   -3.04465312108714026e-02
   -2.21650610669756193e-01   -5.22855914423549020e-02   -2.98362217350103577e-02
   -2.21613089442249250e-01   -5.26267937279888756e-02   -2.92157798365824603e-02
   -2.21575374652046020e-01   -5.29704448498791031e-02   -2.85965920623603188e-02
   -2.21538089357710882e-01   -5.33051649470187086e-02   -2.79727843456485242e-02
   -2.21501266572548539e-01   -5.36243619201421176e-02   -2.73406439948781534e-02
   -2.21463786763079401e-01   -5.39477875636815915e-02   -2.67106659851684761e-02
   -2.21426114456473977e-01   -5.42575958777432449e-02   -2.60741570272967349e-02
   -2.21388594219972812e-01   -5.45553560237409113e-02   -2.54316434921958295e-02
   -2.21351010041481222e-01   -5.48573191649494307e-02   -2.47911511085832405e-02
   -2.21313286631267703e-01   -5.51421479474344944e-02   -2.41430566366380925e-02
   -2.21275988847606714e-01   -5.54195063311239758e-02   -2.34914434702723461e-02
   -2.21239180015836034e-01   -5.56986784139888239e-02   -2.28407067760080622e-02
   -2.21201744902283837e-01   -5.59580902017445814e-02   -2.21819587269884225e-02
   -2.21164068037782657e-01   -5.62144069262827742e-02   -2.15218034093198965e-02
   -2.21126524863674734e-01   -5.64691568012356260e-02   -2.08612245692363397e-02
   -2.21088946761138161e-01   -5.67046056363578674e-02   -2.01934809931480844e-02
   -2.21051390420682115e-01   -5.69406799849171766e-02   -1.95258170964308989e-02
   -2.21013740652371671e-01   -5.71700268475450260e-02   -1.88560534673263003e-02
   -2.20976128144483169e-01   -5.73812252506373244e-02   -1.81801945532077229e-02
   -2.20939216414606621e-01   -5.75954115396168503e-02   -1.75051697400355998e-02
   -2.20902135576524272e-01   -5.77979835815179699e-02   -1.68268252406409240e-02
   -2.20864446183332286e-01   -5.79857739828908633e-02   -1.61440545669352675e-02
   -2.20826843426020131e-01   -5.81781291608256187e-02   -1.54625539940130442e-02
   -2.20789318405095608e-01   -5.83543571222697663e-02   -1.47769198718334938e-02
   -2.20751670442551312e-01   -5.85197952612314665e-02   -1.40883592545468766e-02
   -2.20714031403699051e-01   -5.86886796127266408e-02   -1.34007137710634751e-02
   -2.20677091264643133e-01   -5.88381652254530915e-02   -1.27086924032943603e-02
   -2.20640072327945497e-01   -5.89818639583093163e-02   -1.20152207014057200e-02
   -2.20602419052845833e-01   -5.91260005090227941e-02   -1.13220237633678451e-02
   -2.20564775691200476e-01   -5.92489368550070741e-02   -1.06247800407777877e-02
   -2.20527232711514559e-01   -5.93706470179230159e-02   -9.92713774194180221e-03
   -2.20489610279149761e-01   -5.94883334476751166e-02   -9.22902177767049615e-03
   -2.20451962782035243e-01   -5.95853342951001702e-02   -8.52763860110677951e-03
   -2.20414991903472607e-01   -5.96847199260872457e-02   -7.82645109695222045e-03
   -2.20377987505613132e-01   -5.97754506420107162e-02   -7.12432694741320632e-03
   -2.20340323777182268e-01   -5.98484722453507534e-02   -6.41999622510459195e-03
   -2.20302698031162841e-01   -5.99253005340153189e-02   -5.71603549535912910e-03
   -2.20265173372203693e-01   -5.99883741569411238e-02   -5.01092892562566162e-03
   -2.20227552477968574e-01   -6.00377542224573846e-02   -4.30451129603497042e-03
   -2.20189887405843082e-01   -6.00909086564761080e-02   -3.59840506583686314e-03
   -2.20152889502424509e-01   -6.01264050918656479e-02   -2.89133125421163093e-03
   -2.20115926073356838e-01   -6.01530708518956611e-02   -2.18363549069441063e-03
   -2.20078284013719178e-01   -6.01814891743962660e-02   -1.47614809265669725e-03
   -2.20040669707079334e-01   -6.01890562616740135e-02   -7.68219128901133797e-04
   -2.20003142493985615e-01   -6.01933503968179878e-02   -6.00553234918468760e-05
   -2.19965503737693385e-01   -6.01966965531732720e-02    6.47934671096798542e-04
   -2.19927822014920005e-01   -6.01779860326528832e-02    1.35570925260341439e-03
   -2.19890805019020613e-01   -6.01597543822531972e-02    2.06368046510756707e-03
   -2.19853871002571477e-01   -6.01355433933853586e-02    2.77124688696266845e-03
   -2.19816208329923490e-01   -6.00913985270870310e-02    3.47794995147319638e-03
   -2.19778575784989300e-01   -6.00509057276399083e-02    4.18494974922115417e-03
   -2.19741058340816670e-01   -5.99991240474577123e-02    4.89097061974582466e-03
   -2.19703442859750853e-01   -5.99307690726440315e-02    5.59579140821419348e-03
   -2.19665785402984454e-01   -5.98673030592708627e-02    6.30107209639605391e-03
   -2.19628695791154155e-01   -5.97877995512092406e-02    7.00453127233280869e-03
   -2.19591757292897038e-01   -5.96962058015521740e-02    7.70677456216340741e-03
   -2.19554179863806154e-01   -5.96085885463644646e-02    8.40942290233045661e-03
   -2.19516536014234653e-01   -5.95021626584482793e-02    9.10932033216100591e-03
   -2.19479004405447431e-01   -5.93887341472864802e-02    9.80835086618839919e-03
   -2.19441415549088331e-01   -5.92758859734984905e-02    1.05073365276362619e-02
   -2.19403710463362239e-01   -5.91425240543189540e-02    1.12026529878404904e-02
   -2.19366589377997634e-01   -5.90068180407856760e-02    1.18977255136512999e-02
   -2.19329708806610485e-01   -5.88678004868964377e-02    1.25919632958576555e-02
   -2.19292113657345189e-01   -5.87091295722211859e-02    1.32820077203954345e-02
   -2.19254434782592211e-01   -5.85519700405238153e-02    1.39725110288281152e-02
   -2.19216914549186154e-01   -5.83864462245338653e-02    1.46608260055666410e-02
   -2.19179357842188560e-01   -5.82030992258697061e-02    1.53447826111300627e-02
   -2.19141650226906348e-01   -5.80238223065338218e-02    1.60298580766163150e-02
   -2.19104479509803773e-01   -5.78315190803275064e-02    1.67111709788972766e-02
   -2.19067615562124063e-01   -5.76249113145657216e-02    1.73885430740755645e-02
   -2.19030051547066146e-01   -5.74227791288793379e-02    1.80671975035438248e-02
   -2.18992397539337025e-01   -5.72042021583402741e-02    1.87405299077451418e-02
   -2.18954888536663256e-01   -5.69764986431139375e-02    1.94110926590552700e-02
   -2.18917306701496062e-01   -5.67513068794031419e-02    2.00823990067661023e-02
   -2.18879602370772197e-01   -5.65062390764296194e-02    2.07465810538216833e-02
   -2.18842395056691785e-01   -5.62570855754130558e-02    2.14095035536799837e-02
   -2.18805536435942360e-01   -5.60077649085470308e-02    2.20722021035324838e-02
   -2.18768019720778334e-01   -5.57377359270479072e-02    2.27267081622332286e-02
   -2.18730361253489269e-01   -5.54679391389294035e-02    2.33814731793294088e-02
   -2.18692818798919331e-01   -5.51937015008209242e-02    2.40341554551232427e-02
   -2.18655244491380518e-01   -5.49004465548742632e-02    2.46786524199688016e-02
   -2.18617674257670480e-01   -5.46097281434364465e-02    2.53243871170259378e-02
   -2.18579993465980671e-01   -5.43100673411492721e-02    2.59657579817548154e-02
   -2.18542454316942858e-01   -5.39952989432208874e-02    2.66000749396018907e-02
   -2.18505588015991459e-01   -5.36839254739020569e-02    2.72361222262583330e-02
   -2.18468414044715203e-01   -5.33591148503909651e-02    2.78651520798829690e-02
   -2.18430717870603336e-01   -5.30233066331778913e-02    2.84886108227354676e-02
   -2.18393112016994573e-01   -5.26908262410615835e-02    2.91137968782667206e-02
   -2.18355589229403180e-01   -5.23418732691207506e-02    2.97297623865714483e-02
   -2.18317942320012170e-01   -5.19863075162713337e-02    3.03421957293611676e-02
   -2.18280366989326735e-01   -5.16318537828765606e-02    3.09551318399863933e-02
   -2.18243480040280963e-01   -5.12589352736293954e-02    3.15569836275382820e-02
   -2.18206360133752691e-01   -5.08839101835700594e-02    3.21577363662449087e-02
   -2.18168689049384246e-01   -5.05071257322103825e-02    3.27571282735594910e-02
   -2.18131081221677403e-01   -5.01125219125209687e-02    3.33450154672338475e-02
   -2.18093538669444309e-01   -4.97192585800300541e-02    3.39339640076653445e-02
   -2.18055880861036888e-01   -4.93195803035966010e-02    3.45182712100449499e-02
   -2.18018284575813404e-01   -4.89038621316032693e-02    3.50914925762271651e-02
   -2.17981386876481220e-01   -4.84923326970777627e-02    3.56678497738410552e-02
   -2.17944287015078481e-01   -4.80702152437626901e-02    3.62361522813112319e-02
   -2.17906599717158228e-01   -4.76349799998470880e-02    3.67947508721336233e-02
   -2.17869021973413762e-01   -4.72043821700315891e-02    3.73569136412659902e-02
   -2.17831505336192388e-01   -4.67604422446672718e-02    3.79083306765137656e-02
   -2.17793860915018039e-01   -4.63079171038019849e-02    3.84530482885079780e-02
   -2.17756248535004054e-01   -4.58580671111592023e-02    3.89998635053057305e-02
   -2.17719299707191644e-01   -4.53926708690257988e-02    3.95333883402075453e-02
   -2.17682232567044165e-01   -4.49232950671441672e-02    4.00637083017137477e-02
   -2.17644578001586264e-01   -4.44542440115508475e-02    4.05940626991450129e-02
   -2.17606983525021808e-01   -4.39688518852390797e-02    4.11094919971347686e-02
   -2.17569447062581384e-01   -4.34831733102988768e-02    4.16248962745374915e-02
   -2.17531791266048186e-01   -4.29943192103848446e-02    4.21369659605204047e-02
   -2.17494147219528977e-01   -4.24899762698434866e-02    4.26339543407027871e-02
   -2.17457190031983688e-01   -4.19880867123787679e-02    4.31336061900966308e-02
   -2.17420158635745736e-01   -4.14799209845568978e-02    4.36265138280867090e-02
   -2.17382481912647862e-01   -4.09591829707403043e-02    4.41063656644165719e-02
   -2.17344887598218517e-01   -4.04413434311278880e-02    4.45893868384517542e-02
   -2.17307360847254827e-01   -3.99137599711354152e-02    4.50614011544445484e-02
   -2.17269714087405474e-01   -3.93773952810595115e-02    4.55237677156882445e-02
   -2.17232076126003454e-01   -3.88442221665036419e-02    4.59897494641544821e-02
   -2.17195096003521049e-01   -3.82987664009894827e-02    4.64410592292777355e-02
   -2.17158111642308277e-01   -3.77475593744559385e-02    4.68857201529933459e-02
   -2.17120469013178302e-01   -3.71979022300076359e-02    4.73320520627463145e-02
   -2.17082844174751016e-01   -3.66354746750073290e-02    4.77620570143868495e-02
   -2.17045312895139897e-01   -3.60706469212664499e-02    4.81892403528134602e-02
   -2.17007680206672660e-01   -3.55047485380376102e-02    4.86146987645185089e-02
   -2.16969984936080773e-01   -3.49266125804759339e-02    4.90234351772701610e-02
   -2.16932946245697089e-01   -3.43488221155412929e-02    4.94329545452316527e-02
   -2.16896003769642770e-01   -3.37671517364086515e-02    4.98365521759269806e-02
   -2.16858394907436358e-01   -3.31745399872952901e-02    5.02241106408927440e-02
   -2.16820766973385398e-01   -3.25841787727838700e-02    5.06152058993996970e-02
   -2.16783244675399250e-01   -3.19875935113466819e-02    5.09962993732065301e-02
   -2.16745636850041945e-01   -3.13821495167637479e-02    5.13635727795378680e-02
   -2.16707933903028255e-01   -3.07789263545038896e-02    5.17344566726847532e-02
   -2.16670866373642135e-01   -3.01676566286256179e-02    5.20915881990751950e-02
   -2.16633961230809247e-01   -2.95506595681875560e-02    5.24392237401777178e-02
   -2.16596357814497237e-01   -2.89352357405924798e-02    5.27894174901532703e-02
   -2.16558688082673201e-01   -2.83104844231081669e-02    5.31223955122765504e-02
   -2.16521140458693168e-01   -2.76826497772193376e-02    5.34500121335917469e-02
   -2.16483554260080702e-01   -2.70550970340795033e-02    5.37778581958520824e-02
   -2.16445887280727417e-01   -2.64180908111500620e-02    5.40868617370421842e-02
   -2.16408774795320169e-01   -2.57803200953765771e-02    5.43947575807259484e-02
   -2.16371855744542985e-01   -2.51408872075679253e-02    5.46987204677524125e-02
   -2.16334277371917155e-01   -2.44926424432334450e-02    5.49835517847111627e-02
   -2.16296614956601352e-01   -2.38456368462068233e-02    5.52714439390640938e-02
   -2.16259084947209579e-01   -2.31952799397734735e-02    5.55510667007389977e-02
   -2.16221521288367691e-01   -2.25375156991328637e-02    5.58133125146485637e-02
   -2.16183827824720703e-01   -2.18815620700805909e-02    5.60801398054084563e-02
   -2.16146659509048017e-01   -2.12205173830740772e-02    5.63334649244341956e-02
   -2.16109766784823742e-01   -2.05541114246788996e-02    5.65731143276356208e-02
   -2.16072227869666150e-01   -1.98894959798428805e-02    5.68174733239121404e-02
   -2.16034585261116158e-01   -1.92191225153503925e-02    5.70449676629522090e-02
   -2.15997030666142786e-01   -1.85456660123409604e-02    5.72639644004795667e-02
   -2.15959457402288724e-01   -1.78730929537777652e-02    5.74853217857902304e-02
   -2.15921918794017093e-01   -1.71943242102757035e-02    5.76865500780269838e-02
   -2.15884225820558079e-01   -1.65142469164312258e-02    5.78840379411770800e-02
   -2.15846697184368913e-01   -1.58340518585155278e-02    5.80805228891660072e-02
   -2.15809872787848717e-01   -1.51480925206297790e-02    5.82560730550542444e-02
   -2.15772660804976868e-01   -1.44620958304713873e-02    5.84319838835476862e-02
   -2.15734968411085637e-01   -1.37749399996952189e-02    5.86022916726415821e-02
   -2.15697387950276487e-01   -1.30831533201336194e-02    5.87533299366919809e-02
   -2.15659834475028234e-01   -1.23918998666497238e-02    5.89071367735426177e-02
   -2.15622150075558988e-01   -1.16986109158789334e-02    5.90503204545934704e-02
   -2.15584637183447225e-01   -1.10020457193895343e-02    5.91777616257079669e-02
   -2.15547804514960278e-01   -1.03061798486239233e-02    5.93092038589448436e-02
   -2.15510603996398625e-01   -9.60780831774134085e-03    5.94252058292007931e-02
   -2.15472879940124568e-01   -8.90736876204246963e-03    5.95293980355605587e-02
   -2.15435282868845307e-01   -8.20747068753618393e-03    5.96367997132321789e-02
   -2.15397751997905146e-01   -7.50506801222141588e-03    5.97252399639544573e-02
   -2.15360101446073759e-01   -6.80165146410867828e-03    5.98071123414448055e-02
   -2.15322564266585220e-01   -6.09848147890696031e-03    5.98900215126397517e-02
   -2.15285693355851154e-01   -5.39314486032712280e-03    5.99517236105066159e-02
   -2.15248530188601905e-01   -4.68746955882608663e-03    6.00114330632449122e-02
   -2.15210821450479678e-01   -3.98176932372329515e-03    6.00681214944455838e-02
   -2.15173216477985096e-01   -3.27462126873646463e-03    6.01038550281731143e-02
   -2.15135715109815023e-01   -2.56741710199467335e-03    6.01408903568115202e-02
   -2.15098076858977416e-01   -1.86007138892062621e-03    6.01697332679991814e-02
   -2.15060470613495203e-01   -1.15205409253240384e-03    6.01805475689382377e-02
   -2.15023593777006194e-01   -4.44025424358791777e-04    6.01957807757116381e-02
   -2.14986482301345372e-01    2.63901234655036321e-04    6.01971172134517715e-02
   -2.14948761276126749e-01    9.71905363683955577e-04    6.01833800372086197e-02
   -2.14911151565005426e-01    1.67997744518180053e-03    6.01750902389174072e-02
   -2.14873644353350296e-01    2.38740014356879360e-03    6.01486719761314056e-02
   -2.14836005368339550e-01    3.09462864338983694e-03    6.01122316185137631e-02
   -2.14798375917302220e-01    3.80193701128324390e-03    6.00794176168342048e-02
   -2.14761476547986718e-01    4.50787002656825603e-03    6.00254875193917750e-02
   -2.14724417334288209e-01    5.21365898773062508e-03    5.99670053948363688e-02
   -2.14686724459129202e-01    5.91924002081517693e-03    5.99084830991448297e-02
   -2.14649120782049396e-01    6.62263930092148352e-03    5.98277792624195767e-02
   -2.14611590800670299e-01    7.32624622764909816e-03    5.97474072619468208e-02
   -2.14573951288270753e-01    8.02903417530248867e-03    5.96621003515372325e-02
   -2.14536339223722117e-01    8.72909246739513207e-03    5.95558494213391867e-02
   -2.14499383497302742e-01    9.42980962555057395e-03    5.94531912890226694e-02
   -2.14462314453461506e-01    1.01287459839163266e-02    5.93406209344593399e-02
   -2.14424634368379163e-01    1.08248197613797642e-02    5.92105671733774985e-02
   -2.14387060551215869e-01    1.15216719372738738e-02    5.90846523805978185e-02
   -2.14349529507361081e-01    1.22155470321057436e-02    5.89443281570131983e-02
   -2.14311868224078661e-01    1.29070363381286191e-02    5.87916450897755169e-02
   -2.14274247472572898e-01    1.35992452511428438e-02    5.86424940961729271e-02
   -2.14237269240862782e-01    1.42872319038774911e-02    5.84754562986702225e-02
   -2.14200241028362243e-01    1.49735876314426863e-02    5.83009328362375373e-02
   -2.14162579439533235e-01    1.56600464766798071e-02    5.81274431824378920e-02
   -2.14124978022844525e-01    1.63410059145276988e-02    5.79336979579771344e-02
   -2.14087461860896583e-01    1.70213700904114640e-02    5.77371832078137567e-02
   -2.14049831882030250e-01    1.77008949553209491e-02    5.75384542427405596e-02
   -2.14012168866029556e-01    1.83743784091069638e-02    5.73199620103301971e-02
   -2.13975165912501347e-01    1.90483260144681428e-02    5.71023760662047533e-02
   -2.13938201246946930e-01    1.97196490409629888e-02    5.68775414121259690e-02
   -2.13900558286658521e-01    2.03848089724624933e-02    5.66347292866086691e-02
   -2.13862939588281786e-01    2.10513788535448242e-02    5.63956486959941578e-02
   -2.13825412814420440e-01    2.17135421980124074e-02    5.61452636786739512e-02
   -2.13787778283373503e-01    2.23703110904104850e-02    5.58804887457281727e-02
   -2.13750091929169023e-01    2.30285864016888941e-02    5.56195258349951246e-02
   -2.13713051056257819e-01    2.36804255981290686e-02    5.53432925299873757e-02
   -2.13676121237244415e-01    2.43281961573039995e-02    5.50570568443824043e-02
   -2.13638501008973691e-01    2.49768705110028216e-02    5.47731705209655653e-02
   -2.13600877752830598e-01    2.56174817893244020e-02    5.44718015572824912e-02
   -2.13563319540481744e-01    2.62558434130197929e-02    5.41652054206318151e-02
   -2.13525721131492263e-01    2.68937944757736518e-02    5.38580993234508629e-02
   -2.13488168232656955e-01    2.75224347524837473e-02    5.35323794391409230e-02
   -2.13450490958906197e-01    2.81509522155022097e-02    5.32060867896409218e-02
   -2.13413090673161610e-01    2.87771759206925035e-02    5.28758265385833037e-02
   -2.13376272421926610e-01    2.93936390862895892e-02    5.25274181162076470e-02
   -2.13338926443901927e-01    3.00115712793194191e-02    5.21814709857284717e-02
   -2.13301213075814095e-01    3.06244226843537526e-02    5.18271363437864604e-02
   -2.13263650447798631e-01    3.12281710893076297e-02    5.14571095537311382e-02
   -2.13226109363877647e-01    3.18343810282071607e-02    5.10910742810127202e-02
   -2.13188428607661573e-01    3.24327273404088345e-02    5.07127769786654553e-02
   -2.13150995251062986e-01    3.30241154690452329e-02    5.03232295551752778e-02
   -2.13114170126062485e-01    3.36182187598173740e-02    4.99378474682521736e-02
   -2.13076878214089910e-01    3.42013083970017298e-02    4.95363794388146636e-02
   -2.13039186763828131e-01    3.47795606991690154e-02    4.91275670164062622e-02
   -2.13001627342818189e-01    3.53593435288490771e-02    4.87211241161455075e-02
   -2.12964070932545824e-01    3.59265273987520867e-02    4.82974162580936325e-02
   -2.12926379179120939e-01    3.64918929507763376e-02    4.78709542913160827e-02
   -2.12888915955042640e-01    3.70563128737207009e-02    4.74435247247513847e-02
   -2.12852092193493742e-01    3.76074679890162217e-02    4.69990074094690652e-02
   -2.12814823044025853e-01    3.81592702875948458e-02    4.65551061000181524e-02
   -2.12777112301046539e-01    3.87067350502851570e-02    4.61062681078773240e-02
   -2.12739558557743264e-01    3.92414978581029639e-02    4.56421318050318978e-02
   -2.12702013105450477e-01    3.97784761650424243e-02    4.51804588577598421e-02
   -2.12664314883307698e-01    4.03077344197723814e-02    4.47103223827565593e-02
   -2.12626802068572679e-01    4.08266920755261595e-02    4.42285192697392179e-02
   -2.12589969645796906e-01    4.13488899101448759e-02    4.37501748577911256e-02
   -2.12552744726332454e-01    4.18596375773948801e-02    4.32599640500811455e-02
   -2.12515036020870018e-01    4.23623600403306919e-02    4.27612129340287500e-02
   -2.12477484336059202e-01    4.28673546012244278e-02    4.22648573944270078e-02
   -2.12439936131553930e-01    4.33582937429550230e-02    4.17547881973605248e-02
   -2.12402252496213972e-01    4.38452782013919323e-02    4.12406405070768617e-02
   -2.12364728147253490e-01    4.43327750034135104e-02    4.07271649835522775e-02
   -2.12327851712869220e-01    4.48037206167115898e-02    4.01984676719873146e-02
   -2.12290659811691207e-01    4.52738235759589311e-02    3.96687975361991116e-02
   -2.12252969008814019e-01    4.57413090094543964e-02    3.91371307409882629e-02
   -2.12215408462829769e-01    4.61927855637510737e-02    3.85916785182450692e-02
   -2.12177888177792567e-01    4.66464433147832924e-02    3.80478926186725991e-02
   -2.12140222484921454e-01    4.70932224424888829e-02    3.74987672984353274e-02
   -2.12102647234878483e-01    4.75255023263284546e-02    3.69379146432114377e-02
   -2.12065760276046900e-01    4.79614356911999967e-02    3.63798008117910687e-02
   -2.12028622732172156e-01    4.83860419286330293e-02    3.58133434560708799e-02
   -2.11990921605283628e-01    4.87989859352717173e-02    3.52380684207150713e-02
   -2.11953317006044861e-01    4.92156496490627968e-02    3.46655202735904402e-02
   -2.11915798621360868e-01    4.96179102661368152e-02    3.40829803744430379e-02
   -2.11878154116014322e-01    5.00127284209502046e-02    3.34950895043654440e-02
   -2.11840549043945364e-01    5.04091797154904014e-02    3.29084212940537052e-02
   -2.11803666201672708e-01    5.07877751351701393e-02    3.23101467600016221e-02
   -2.11766595572744687e-01    5.11634092780561267e-02    3.17097734847826412e-02
   -2.11728906706759229e-01    5.15386357301704651e-02    3.11093836064195509e-02
   -2.11691297383096666e-01    5.18951484690074807e-02    3.04976692388694466e-02
   -2.11653763748738372e-01    5.22519458071871931e-02    2.98859407849398143e-02
   -2.11616104522682341e-01    5.26036963458017329e-02    2.92715635917805278e-02
   -2.11578465861825465e-01    5.29379308216474803e-02    2.86473333506175980e-02
   -2.11541554110276697e-01    5.32749690595410164e-02    2.80244813624847752e-02
   -2.11504505876256521e-01    5.36023814007437135e-02    2.73967922383119358e-02
   -2.11466804867415037e-01    5.39152754279212942e-02    2.67615530807311930e-02
   -2.11429210294601239e-01    5.42322006153130656e-02    2.61282962873326426e-02
   -2.11391699620077478e-01    5.45346941863387585e-02    2.54882633358258816e-02
   -2.11354073476780535e-01    5.48262571618463382e-02    2.48429153223916448e-02
   -2.11316454153067074e-01    5.51214425112024689e-02    2.41992828272537402e-02
   -2.11279483434195725e-01    5.53984296165715498e-02    2.35477494222086255e-02
   -2.11242453786238404e-01    5.56692272164240470e-02    2.28933635607583980e-02
   -2.11204794710321109e-01    5.59415539085645550e-02    2.22397950024228741e-02
   -2.11167170195378090e-01    5.61933235267336254e-02    2.15780902314987588e-02
   -2.11129632456667465e-01    5.64435197326849450e-02    2.09155753335320653e-02
   -2.11092007499952161e-01    5.66911416727891027e-02    2.02523190887044374e-02
   -2.11054365967001639e-01    5.69181472345562378e-02    1.95816481853306364e-02
   -2.11017356566292030e-01    5.71476120795954834e-02    1.89116519902268708e-02
   -2.10980369308633425e-01    5.73697626613592915e-02    1.82394493538925000e-02
   -2.10942747638096395e-01    5.75733308667545074e-02    1.75612383614497936e-02
   -2.10905101652577448e-01    5.77805142660211685e-02    1.68840791510137395e-02
   -2.10867525562959485e-01    5.79756556694006608e-02    1.62035866151286102e-02
   -2.10829972247638109e-01    5.81569274808982212e-02    1.55190419067749580e-02
   -2.10792429982503748e-01    5.83420711600858288e-02    1.48355523582585930e-02
   -2.10754708097034338e-01    5.85102488488362660e-02    1.41479036616935713e-02
   -2.10717333488544128e-01    5.86689010797680627e-02    1.34577288603712208e-02
   -2.10680545629011534e-01    5.88302935707747041e-02    1.27682514247849533e-02
   -2.10643168547066439e-01    5.89711888062372860e-02    1.20744456790175987e-02
   -2.10605449862189820e-01    5.91077096594856757e-02    1.13795616226613858e-02
   -2.10567881028227988e-01    5.92443853278317445e-02    1.06848648829922285e-02
   -2.10530361045401376e-01    5.93594425557954081e-02    9.98625866094054668e-03
   -2.10492654654820782e-01    5.94743023561510667e-02    9.28746360452276445e-03
   -2.10455244555527554e-01    5.95841832053866371e-02    8.58807909445423630e-03
   -2.10418459527518226e-01    5.96736241329109476e-02    7.88563403653533973e-03
   -2.10381096442864651e-01    5.97662526084845533e-02    7.18354146676327635e-03
   -2.10343376961866974e-01    5.98487167375644016e-02    6.48044972223184995e-03
   -2.10305832925345604e-01    5.99137449791571353e-02    5.77531810458063299e-03
   -2.10268284623594259e-01    5.99834246773016388e-02    5.07061593273858049e-03
   -2.10230589569636250e-01    6.00385523114601721e-02    4.36485499069866074e-03
   -2.10193175180340114e-01    6.00808992399024175e-02    3.65796216224816397e-03
   -2.10156370495096612e-01    6.01268188326553044e-02    2.95131038929013481e-03
   -2.10119060022579990e-01    6.01537892277287864e-02    2.24387454743372929e-03
   -2.10081346025715654e-01    6.01729916657499156e-02    1.53597294061342789e-03
   -2.10043777957209882e-01    6.01939453812535760e-02    8.28233745691672090e-04
   -2.10006254799853409e-01    6.01938337312280108e-02    1.20248061301787097e-04
   -2.09968557039245468e-01    6.01909088458299144e-02   -5.87915291237504976e-04
   -2.09931066328441968e-01    6.01857531570192950e-02   -1.29589089373549821e-03
   -2.09894254925238027e-01    6.01593983711499608e-02   -2.00348228600380051e-03
   -2.09856989189378923e-01    6.01343881477053657e-02   -2.71122760998537523e-03
   -2.09819275062483990e-01    6.01022402553592419e-02   -3.41843032928029842e-03
   -2.09781701550634164e-01    6.00507704440552334e-02   -4.12465318982195833e-03
   -2.09744161328665885e-01    6.00026692351992991e-02   -4.83117419013254744e-03
   -2.09706470794005062e-01    5.99423425455800490e-02   -5.53651083410098069e-03
   -2.09668973425341243e-01    5.98669742732860499e-02   -6.24062631220610297e-03
   -2.09632165279691168e-01    5.97963793432697704e-02   -6.94526588064328133e-03
   -2.09594936725362002e-01    5.97088151088476585e-02   -7.64776382838934163e-03
   -2.09557205270938907e-01    5.96103577491531589e-02   -8.34904083063455794e-03
   -2.09519617309717188e-01    5.95153276603006820e-02   -9.05071470868167027e-03
   -2.09482118766392722e-01    5.94003973660272300e-02   -9.74927966577728185e-03
   -2.09444469088607532e-01    5.92796688213533263e-02   -1.04470830485917255e-02
   -2.09406922181089000e-01    5.91592338643961574e-02   -1.11447907606051326e-02
   -2.09370060975572231e-01    5.90181005699931260e-02   -1.18386275321318655e-02
   -2.09332862682559878e-01    5.88756838019337536e-02   -1.25323571155549641e-02
   -2.09295160730801871e-01    5.87286689718616098e-02   -1.32248837284832717e-02
   -2.09257597915018412e-01    5.85617646945031101e-02   -1.39129975185730871e-02
   -2.09220074865110600e-01    5.83981759200491099e-02   -1.46020153424318774e-02
   -2.09182392337427525e-01    5.82252725663861964e-02   -1.52884861196666191e-02
   -2.09144811551370546e-01    5.80343210662115916e-02   -1.59703725246546635e-02
   -2.09107950432645906e-01    5.78480942644589019e-02   -1.66536346661171550e-02
   -2.09070814552866163e-01    5.76478262113987311e-02   -1.73326440290835354e-02
   -2.09033112462876092e-01    5.74342936967955631e-02   -1.80078274350111388e-02
   -2.08995506492541727e-01    5.72256519643100439e-02   -1.86844999649207616e-02
   -2.08957973622655502e-01    5.69993055229304837e-02   -1.93552660974207376e-02
   -2.08920324604768420e-01    5.67644911246400832e-02   -2.00233714465572372e-02
   -2.08882742344221134e-01    5.65319261780986848e-02   -2.06921447249656040e-02
   -2.08845836959752285e-01    5.62795813239405224e-02   -2.13536562011686290e-02
   -2.08808727322042198e-01    5.60240228374315960e-02   -2.20141407995566238e-02
   -2.08771052798091328e-01    5.57671961838190205e-02   -2.26739077257989627e-02
   -2.08733460190413445e-01    5.54902367886221520e-02   -2.33255225405847866e-02
   -2.08695937693544664e-01    5.52139120491436999e-02   -2.39775647424201668e-02
   -2.08658286339268140e-01    5.49318544502841941e-02   -2.46268913019874990e-02
   -2.08620665911889630e-01    5.46317031200173539e-02   -2.52682145076237076e-02
   -2.08583772436252923e-01    5.43345301792575175e-02   -2.59110391755157272e-02
   -2.08546709216915788e-01    5.40273546481524550e-02   -2.65488748884012277e-02
   -2.08509003626732303e-01    5.37060491382987948e-02   -2.71799049938741821e-02
   -2.08471405725910552e-01    5.33885574199717133e-02   -2.78128771390149451e-02
   -2.08433846045586957e-01    5.30559735774321015e-02   -2.84377966330506028e-02
   -2.08396275185731200e-01    5.27131318492095047e-02   -2.90574337520390254e-02
   -2.08358719135915554e-01    5.23743791751338228e-02   -2.96792366889179725e-02
   -2.08321013460390586e-01    5.20182925334419302e-02   -3.02910972497090238e-02
   -2.08283744564872558e-01    5.16562624097512205e-02   -3.08997599126902625e-02
   -2.08246911217832703e-01    5.12951247061418508e-02   -3.15088120764768637e-02
   -2.08209438883960846e-01    5.09159458558641129e-02   -3.21067188147170918e-02
   -2.08171759541357387e-01    5.05354672867328533e-02   -3.27039995564179231e-02
   -2.08134218298830304e-01    5.01519739464310957e-02   -3.32991126596820022e-02
   -2.08096643105320750e-01    4.97506544649306270e-02   -3.38824552451601271e-02
   -2.08058910856944473e-01    4.93510504438174694e-02   -3.44670972322132646e-02
   -2.08021619240933542e-01    4.89446913202683312e-02   -3.50468045613773968e-02
   -2.07984836874010620e-01    4.85234673323009652e-02   -3.56160546423752444e-02
   -2.07947390417735911e-01    4.81055389161651331e-02   -3.61877379176768071e-02
   -2.07909675307506620e-01    4.76766487127600683e-02   -3.67509261276522115e-02
   -2.07872124525261326e-01    4.72364756332029970e-02   -3.73056489334850500e-02
   -2.07834584325832600e-01    4.68002565316597285e-02   -3.78634535494100227e-02
   -2.07796889389786327e-01    4.63498023557629840e-02   -3.84095579689540390e-02
   -2.07759547407535217e-01    4.58916076595258238e-02   -3.89495397907190233e-02
   -2.07722726200113089e-01    4.54356478358469290e-02   -3.94913082538045704e-02
   -2.07685335746655819e-01    4.49643214084527662e-02   -4.00195894516025066e-02
   -2.07647622506547669e-01    4.44898349246572802e-02   -4.05452960164522785e-02
   -2.07610038995129975e-01    4.40146881333082773e-02   -4.10701831845758369e-02
   -2.07572521536121546e-01    4.35234122031048082e-02   -4.15800359960449770e-02
   -2.07534838616436790e-01    4.30323399443901244e-02   -4.20902785686332742e-02
   -2.07497452717179093e-01    4.25377646719961588e-02   -4.25968451795177630e-02
   -2.07460638241012935e-01    4.20290392083009640e-02   -4.30894221680717740e-02
   -2.07423262501897743e-01    4.15220827090295522e-02   -4.35838978111891748e-02
   -2.07385550308446187e-01    4.10075737674166080e-02   -4.40701277982370604e-02
   -2.07347993314157791e-01    4.04817950028541970e-02   -4.45444669953073275e-02
   -2.07310456299059531e-01    3.99595686774392583e-02   -4.50227400659149249e-02
   -2.07272750360489783e-01    3.94267072898850587e-02   -4.54887626029898823e-02
   -2.07235320229918168e-01    3.88854258761048011e-02   -4.59453984209343691e-02
   -2.07198513430219278e-01    3.83471603240390924e-02   -4.64055397698213273e-02
   -2.07161214713091402e-01    3.77963178583921242e-02   -4.68502416969305419e-02
   -2.07123535526855751e-01    3.72407400993995039e-02   -4.72893774347075344e-02
   -2.07085971699017851e-01    3.66863753050368016e-02   -4.77298344347113490e-02
   -2.07048404824780069e-01    3.61188026792244252e-02   -4.81530436170082149e-02
   -2.07010695291983376e-01    3.55499956268418085e-02   -4.85749081491245252e-02
   -2.06973249810689791e-01    3.49797298899775025e-02   -4.89944761515696200e-02
   -2.06936441040545566e-01    3.43965779302731686e-02   -4.93961280098413613e-02
   -2.06899139427544509e-01    3.38147931403852131e-02   -4.97999301671949376e-02
   -2.06861418859438595e-01    3.32289544227435119e-02   -5.01973510288942631e-02
   -2.06823855872134033e-01    3.26322030881651751e-02   -5.05785344890209571e-02
   -2.06786310854408878e-01    3.20377525329085394e-02   -5.09633928009695022e-02
   -2.06748640163582270e-01    3.14364877725497038e-02   -5.13370306968514364e-02
   -2.06711184608850185e-01    3.08271544400269513e-02   -5.16978455982238794e-02
   -2.06674343672680588e-01    3.02204386785117213e-02   -5.20630709206499342e-02
   -2.06637075334864501e-01    2.96049583231079404e-02   -5.24128569659081250e-02
   -2.06599373037155226e-01    2.89842916972954667e-02   -5.27538298825990307e-02
   -2.06561821229870574e-01    2.83654867900406567e-02   -5.30979981677360338e-02
   -2.06524282090703115e-01    2.77370440365532073e-02   -5.34239777421524134e-02
   -2.06486605449528793e-01    2.71059421112405524e-02   -5.37452565781672900e-02
   -2.06449107128606590e-01    2.64748012448743665e-02   -5.40661193704118984e-02
   -2.06412258998470072e-01    2.58341988957090235e-02   -5.43677278878766726e-02
   -2.06375040215253019e-01    2.51932968670935953e-02   -5.46690282143378684e-02
   -2.06337325590273929e-01    2.45505821700124326e-02   -5.49658721017888333e-02
   -2.06299735177126520e-01    2.38995507171886161e-02   -5.52443013379653042e-02
   -2.06262213551149376e-01    2.32495745194228748e-02   -5.55254340566797011e-02
   -2.06224548817964787e-01    2.25957691775969492e-02   -5.57968744390611102e-02
   -2.06186986413671169e-01    2.19352910843468515e-02   -5.60522256435979291e-02
   -2.06150121168107880e-01    2.12767196604177790e-02   -5.63126199496794683e-02
   -2.06112962677622219e-01    2.06128866599717755e-02   -5.65585533666080817e-02
   -2.06075275313812423e-01    1.99441948139572021e-02   -5.67916405980424949e-02
   -2.06037696994145481e-01    1.92770194015207640e-02   -5.70288858143048194e-02
   -2.06000164816390469e-01    1.86040050090673023e-02   -5.72484884343826689e-02
   -2.05962491906723555e-01    1.79283753666070744e-02   -5.74606731390607250e-02
   -2.05924909609631446e-01    1.72534000572471119e-02   -5.76745494522328123e-02
   -2.05888042179880132e-01    1.65723152424847794e-02   -5.78679700198235017e-02
   -2.05850928622850288e-01    1.58902305765941942e-02   -5.80585221064853496e-02
   -2.05813239994466157e-01    1.52078096247770002e-02   -5.82470552655124443e-02
   -2.05775651074885574e-01    1.45199914952020351e-02   -5.84150604826266934e-02
   -2.05738077025119759e-01    1.38323414681253004e-02   -5.85843073410844892e-02
   -2.05700501980398132e-01    1.31432719236012352e-02   -5.87466762246519475e-02
   -2.05662924521477247e-01    1.24499013839026243e-02   -5.88903217246364227e-02
   -2.05625207313291175e-01    1.17573116853177083e-02   -5.90379651437132405e-02
   -2.05588004384678391e-01    1.10624280020958348e-02   -5.91732331877063145e-02
   -2.05551166940568103e-01    1.03644052244218632e-02   -5.92927293260674879e-02
   -2.05513645892666713e-01    9.66727162662478837e-03   -5.94170497468815423e-02
   -2.05475987677159910e-01    8.96756259298096131e-03   -5.95244855449585594e-02
   -2.05438457141910807e-01    8.26603435245792245e-03   -5.96211990201750142e-02
   -2.05400851736050383e-01    7.56517204671841841e-03   -5.97220464561456152e-02
   -2.05363137717467170e-01    6.86187212855356686e-03   -5.98029895801591091e-02
   -2.05325907333719138e-01    6.15761289266996293e-03   -5.98775402317373168e-02
   -2.05289071420661495e-01    5.45348798278399039e-03   -5.99521296874383353e-02
   -2.05251587339356778e-01    4.74753389139768219e-03   -6.00060901425271964e-02
   -2.05213911052608944e-01    4.04131685760006007e-03   -6.00585971807270427e-02
   -2.05176374443929832e-01    3.33497893336168064e-03   -6.01067224047006562e-02
   -2.05138816557417059e-01    2.62747631418115083e-03   -6.01349295356402441e-02
   -2.05101117293817026e-01    1.91996447853317220e-03   -6.01651164516020659e-02
   -2.05063834476498924e-01    1.21232487685071126e-03   -6.01860778357158066e-02
   -2.05026998729693294e-01    5.04184364819991785e-04   -6.01896157031084414e-02
   -2.04989548662137866e-01   -2.03925884222345906e-04   -6.01969776258241829e-02
   -2.04951861608553249e-01   -9.11808692323193195e-04   -6.01903621173450407e-02
   -2.04914303126600805e-01   -1.61967039712877943e-03   -6.01703013643259954e-02
   -2.04876730324318218e-01   -2.32759289154268068e-03   -6.01540084210121159e-02
   -2.04839028506391907e-01   -3.03466320045342984e-03   -6.01192749183506528e-02
   -2.04801726032451559e-01   -3.74151646771011398e-03   -6.00759092621504232e-02
   -2.04764913796406184e-01   -4.44842357822323141e-03   -6.00348367991929560e-02
   -2.04727467327318668e-01   -5.15367668315993167e-03   -5.99727752404156655e-02
   -2.04689773219254273e-01   -5.85884503185370598e-03   -5.99076359697293462e-02
   -2.04652247418371763e-01   -6.56374012928492411e-03   -5.98414036662443874e-02
   -2.04614674399202251e-01   -7.26623305154097850e-03   -5.97530327259650496e-02
   -2.04576962067954365e-01   -7.96895571246171615e-03   -5.96653567101056714e-02
   -2.04539615283503923e-01   -8.67065746129682020e-03   -5.95714727600591479e-02
   -2.04502801217823188e-01   -9.36959959158596874e-03   -5.94577818998114835e-02
   -2.04465395088577029e-01   -1.00692539625616782e-02   -5.93483085997694518e-02
   -2.04427705147875977e-01   -1.07668320222284557e-02   -5.92278136741674274e-02
   -2.04390189553380675e-01   -1.14615605536957516e-02   -5.90906691922572017e-02
   -2.04352634400960909e-01   -1.21570532349317192e-02   -5.89574880380243291e-02
   -2.04314934400282894e-01   -1.28492654158434260e-02   -5.88092007845873316e-02
   -2.04277547879343241e-01   -1.35392456257421474e-02   -5.86497495887637887e-02
   -2.04240728291096352e-01   -1.42298465967997702e-02   -5.84931689828850146e-02
   -2.04203395422948158e-01   -1.49156835377953836e-02   -5.83175699822718538e-02
   -2.04165687010851638e-01   -1.56001869620890510e-02   -5.81360486725000444e-02
   -2.04128099512575878e-01   -1.62848596686507238e-02   -5.79556731111909654e-02
   -2.04090573135997794e-01   -1.69636027007440404e-02   -5.77542565888260334e-02
   -2.04052874746234764e-01   -1.76419262155810969e-02   -5.75508277970569471e-02
   -2.04015423913422173e-01   -1.83191255405252412e-02   -5.73443289037518719e-02
   -2.03978634855521590e-01   -1.89901805579281262e-02   -5.71183068720120674e-02
   -2.03941308552829326e-01   -1.96619984204069037e-02   -5.68942848587576100e-02
   -2.03903588927562218e-01   -2.03306926315514232e-02   -5.66619120982850555e-02
   -2.03866058533928224e-01   -2.09932048393990794e-02   -5.64119157347565542e-02
   -2.03828493639469976e-01   -2.16574679612792399e-02   -5.61664849180092615e-02
   -2.03790810229445563e-01   -2.23165486834449867e-02   -5.59081607991250007e-02
   -2.03753384143264188e-01   -2.29703028318422632e-02   -5.56359659042062887e-02
   -2.03716541428895059e-01   -2.36260052843726906e-02   -5.53684949930994125e-02
   -2.03679258349937525e-01   -2.42744101520696656e-02   -5.50843464986422379e-02
   -2.03641538673720479e-01   -2.49191202544003787e-02   -5.47913617189121419e-02
   -2.03603948543066515e-01   -2.55651362750378419e-02   -5.45014966136793538e-02
   -2.03566448909493353e-01   -2.62022380824175685e-02   -5.41927625586438727e-02
   -2.03528800786917152e-01   -2.68374157906564569e-02   -5.38796154006011899e-02
   -2.03491288683273930e-01   -2.74720807780429073e-02   -5.35657978561498369e-02
   -2.03454444213008900e-01   -2.80971142158476829e-02   -5.32331079062082907e-02
   -2.03417221050809477e-01   -2.87223923925864627e-02   -5.29005917034594403e-02
   -2.03379513641852083e-01   -2.93447252723307954e-02   -5.25631214509766978e-02
   -2.03341907377688064e-01   -2.99571644820274124e-02   -5.22077442195749350e-02
   -2.03304319077237838e-01   -3.05715296557364478e-02   -5.18555352311474149e-02
   -2.03266762053932709e-01   -3.11802444192966106e-02   -5.14941360725078359e-02
   -2.03229183019558085e-01   -3.17800842105232587e-02   -5.11177900735335228e-02
   -2.03191505721164123e-01   -3.23824671051614471e-02   -5.07455201634952266e-02
   -2.03154413050713328e-01   -3.29765184653111609e-02   -5.03604482601836129e-02
   -2.03117507985222739e-01   -3.35640354222205284e-02   -4.99650277929152564e-02
   -2.03079904320303539e-01   -3.41537310988446613e-02   -4.95730308533635713e-02
   -2.03042255686503220e-01   -3.47320864622669631e-02   -4.91647815834797344e-02
   -2.03004725846448270e-01   -3.53064915065211954e-02   -4.87505652144651566e-02
   -2.02967117600122315e-01   -3.58818651362956681e-02   -4.83379314609067162e-02
   -2.02929431939522120e-01   -3.64439523948042118e-02   -4.79074785626464397e-02
   -2.02892321454124558e-01   -3.70050854130894655e-02   -4.74754089841527699e-02
   -2.02855447990912707e-01   -3.75647766390434235e-02   -4.70417815576839177e-02
   -2.02817853391896730e-01   -3.81107857061782837e-02   -4.65910017660702905e-02
   -2.02780191147903327e-01   -3.86582212785646015e-02   -4.61417558853189774e-02
   -2.02742686173405878e-01   -3.92005106408607196e-02   -4.56866865266380776e-02
   -2.02705114593292074e-01   -3.97300893139002423e-02   -4.52166261007488773e-02
   -2.02667399227862033e-01   -4.02628193754719713e-02   -4.47500726384747957e-02
   -2.02630210837995289e-01   -4.07868989850468794e-02   -4.42741501923559003e-02
   -2.02593366172092476e-01   -4.13006238544536969e-02   -4.37867014554664882e-02
   -2.02555850923209768e-01   -4.18176150550403844e-02   -4.33027977123442084e-02
   -2.02518155985404902e-01   -4.23224482358926582e-02   -4.28065288956025886e-02
   -2.02480597993203004e-01   -4.28200321050136307e-02   -4.23026363582595169e-02
   -2.02443046451601605e-01   -4.33198516757064556e-02   -4.18010867500104508e-02
   -2.02405331147036488e-01   -4.38052892983022066e-02   -4.12857747342557438e-02
   -2.02368116605428167e-01   -4.42869528826514564e-02   -4.07666052015872166e-02
   -2.02331305199357270e-01   -4.47681964947126698e-02   -4.02472282242985480e-02
   -2.02293771438793624e-01   -4.52337359027041377e-02   -3.97137863221051698e-02
   -2.02256075508448346e-01   -4.56987717844227481e-02   -3.91797057515528013e-02
   -2.02218553165005505e-01   -4.61599518795174635e-02   -3.86425553385751075e-02
   -2.02180990110766651e-01   -4.66057341497542812e-02   -3.80924252498161114e-02
   -2.02143264510272619e-01   -4.70534522625168927e-02   -3.75437629204671899e-02
   -2.02105987363662309e-01   -4.74934053060614841e-02   -3.69891218248299472e-02
   -2.02069165550681606e-01   -4.79200398866479332e-02   -3.64239073447224088e-02
   -2.02031709799124576e-01   -4.83500745797572282e-02   -3.58612850923990395e-02
   -2.01994028903695888e-01   -4.87679663535922833e-02   -3.52898829745022583e-02
   -2.01956487155934561e-01   -4.91752654066199002e-02   -3.47105848642822873e-02
   -2.01918934995329563e-01   -4.95860357495223475e-02   -3.41338020651680632e-02
   -2.01881217218670250e-01   -4.99816904528457076e-02   -3.35467582019772850e-02
   -2.01843895964442244e-01   -5.03704505799256047e-02   -3.29548212597825935e-02
   -2.01807073565048734e-01   -5.07601303632462322e-02   -3.23636001400073037e-02
   -2.01769648429107773e-01   -5.11323267323940470e-02   -3.17613373871348179e-02
   -2.01731968681720802e-01   -5.15024053741405946e-02   -3.11575632521094853e-02
   -2.01694419093276262e-01   -5.18707548337433086e-02   -3.05529357753617677e-02
   -2.01656843536903690e-01   -5.22204817197047325e-02   -2.99372986776854227e-02
   -2.01619145075508016e-01   -5.25709880308839403e-02   -2.93219570436076965e-02
   -2.01581817987427692e-01   -5.29153486291732145e-02   -2.87033960560479327e-02
   -2.01544993083621143e-01   -5.32429022566503832e-02   -2.80755747599879535e-02
   -2.01507581239717681e-01   -5.35739018653806076e-02   -2.74495285359884142e-02
   -2.01469886290806005e-01   -5.38942302839695714e-02   -2.68182377033764699e-02
   -2.01432339978204977e-01   -5.42004478800466385e-02   -2.61797343893278404e-02
   -2.01394774649231695e-01   -5.45104152412342474e-02   -2.55430537032875701e-02
   -2.01357067211060003e-01   -5.48055656422044637e-02   -2.48996009086683706e-02
   -2.01319694127118087e-01   -5.50908198279190450e-02   -2.42514236250051460e-02
   -2.01282883946437452e-01   -5.53787071531800443e-02   -2.36044622387909173e-02
   -2.01245516036860611e-01   -5.56483492049789155e-02   -2.29498585904767440e-02
   -2.01207812038664891e-01   -5.59127546267343817e-02   -2.22929051347175930e-02
   -2.01170260527532813e-01   -5.61774382505333195e-02   -2.16362114045361188e-02
   -2.01132717948040080e-01   -5.64220479389458129e-02   -2.09718026803827132e-02
   -2.01095026438967206e-01   -5.66656131328708082e-02   -2.03068374658317181e-02
   -2.01057625641865384e-01   -5.69054352902621172e-02   -1.96407138857945633e-02
   -2.01020828757968673e-01   -5.71257911588418724e-02   -1.89677692425569248e-02
   -2.00983467199131904e-01   -5.73481252897802482e-02   -1.82954006720762660e-02
   -2.00945743953282657e-01   -5.75618963729750618e-02   -1.76205228256536249e-02
   -2.00908216565992781e-01   -5.77589683033352536e-02   -1.69403860297980338e-02
   -2.00870669152495462e-01   -5.79598410227939662e-02   -1.62613247014915044e-02
   -2.00833113211012548e-01   -5.81468177082109239e-02   -1.55785500668261800e-02
   -2.00795483657898732e-01   -5.83204798763036006e-02   -1.48920305734593517e-02
   -2.00757809805732212e-01   -5.84984858717577938e-02   -1.42066635253698670e-02
   -2.00720794893878035e-01   -5.86586978233037959e-02   -1.35170741472070404e-02
   -2.00683819807722458e-01   -5.88103538595190073e-02   -1.28253013806398260e-02
   -2.00646183972699954e-01   -5.89643026496863565e-02   -1.21341824753728213e-02
   -2.00608567787631004e-01   -5.90973020908373767e-02   -1.14388219767709836e-02
   -2.00571040059788791e-01   -5.92271186613214928e-02   -1.07426403754509164e-02
   -2.00533402291084101e-01   -5.93559830984380435e-02   -1.00464721346609966e-02
   -2.00495708220393171e-01   -5.94627159633316846e-02   -9.34654123159549266e-03
   -2.00458697256262364e-01   -5.95703629649008970e-02   -8.64656490534729087e-03
   -2.00421779219415397e-01   -5.96723388771798272e-02   -7.94596733310747733e-03
   -2.00384121874267213e-01   -5.97544741756797157e-02   -7.24266535872946163e-03
   -2.00346485080604653e-01   -5.98401837323301738e-02   -6.53971284320886952e-03
   -2.00308973097429732e-01   -5.99145362705280904e-02   -5.83571098614693064e-03
   -2.00271366434507520e-01   -5.99724085298915799e-02   -5.12995125633640327e-03
   -2.00233690851119389e-01   -6.00350999829533244e-02   -4.42460317291780685e-03
   -2.00196609930303887e-01   -6.00817313537535744e-02   -3.71820176832385980e-03
   -2.00159675601696896e-01   -6.01164772790033775e-02   -3.01086229813660785e-03
   -2.00122056417099181e-01   -6.01550857829275185e-02   -2.30382676215326338e-03
   -2.00084424095235969e-01   -6.01740986772608052e-02   -1.59614334128928628e-03
   -2.00046908830565418e-01   -6.01865084105401016e-02   -8.88073759731726822e-04
   -2.00009305616353411e-01   -6.01998537296835334e-02   -1.80165998508004531e-04
   -1.99971629719376931e-01   -6.01912311185743842e-02    5.27769967342885354e-04
   -1.99934503923271500e-01   -6.01810708834300337e-02    1.23589537578257247e-03
   -1.99897593151772524e-01   -6.01682479497352429e-02    1.94379238765064332e-03
   -1.99860031179730419e-01   -6.01344166882521805e-02    2.65103884529339223e-03
   -1.99822377927613676e-01   -6.01019515306209992e-02    3.35845795651109908e-03
   -1.99784829391983804e-01   -6.00612296445346763e-02    4.06522459531064549e-03
   -1.99747227437339636e-01   -6.00024863021016916e-02    4.77088614252470233e-03
   -1.99709547895009443e-01   -5.99474354228216461e-02    5.47688474190007654e-03
   -1.99672397401891383e-01   -5.98792109864137237e-02    6.18153096972969430e-03
   -1.99635517499466286e-01   -5.97966705992704142e-02    6.88488124657961765e-03
   -1.99597969389995022e-01   -5.97180511810706596e-02    7.58862028987299878e-03
   -1.99560305495308871e-01   -5.96221347791300454e-02    8.29001601349764472e-03
   -1.99522778544384105e-01   -5.95169905537732760e-02    8.99033235237950250e-03
   -1.99485204766552016e-01   -5.94145556833114499e-02    9.69095346691231652e-03
   -1.99447477253973715e-01   -5.92915275176016734e-02    1.03881345235026096e-02
   -1.99410277352964543e-01   -5.91640539030915194e-02    1.10847659268601094e-02
   -1.99373463201647783e-01   -5.90359707466170530e-02    1.17811333118450490e-02
   -1.99335945825662691e-01   -5.88863747058489054e-02    1.24731714573715364e-02
   -1.99298265189897017e-01   -5.87372632933183814e-02    1.31654658117295910e-02
   -1.99260725059312638e-01   -5.85831786023652754e-02    1.38564473539005001e-02
   -1.99223139446026071e-01   -5.84087698055848967e-02    1.45427105636746542e-02
   -1.99185424129449784e-01   -5.82373818997492521e-02    1.52298106476474893e-02
   -1.99148178470350740e-01   -5.80563337966711196e-02    1.59142106618060768e-02
   -1.99111344962373704e-01   -5.78590851539123180e-02    1.65943465411522682e-02
   -1.99073862958684483e-01   -5.76657678585360892e-02    1.72755895087786659e-02
   -1.99036174282496675e-01   -5.74579081776859374e-02    1.79522983350679545e-02
   -1.98998627332950373e-01   -5.72379229693304320e-02    1.86254161209148950e-02
   -1.98961074898428486e-01   -5.70212549837487426e-02    1.92995491299441553e-02
   -1.98923382922043701e-01   -5.67873467757429445e-02    1.99677301142064667e-02
   -1.98886097369830372e-01   -5.65463393122925956e-02    2.06336419708330228e-02
   -1.98849261792606868e-01   -5.63060192386205943e-02    2.12996969225260138e-02
   -1.98811816990127316e-01   -5.60461176684912757e-02    2.19582628513250722e-02
   -1.98774129671101474e-01   -5.57837285251121320e-02    2.26160271743271815e-02
   -1.98736575935412108e-01   -5.55189231299756877e-02    2.32726292546921627e-02
   -1.98699016456698324e-01   -5.52350258569182240e-02    2.39212675016836074e-02
   -1.98661307628036438e-01   -5.49527522167603602e-02    2.45707459060783805e-02
   -1.98623983282168542e-01   -5.46632010134022878e-02    2.52167677715578187e-02
   -1.98587174640561498e-01   -5.43558323894299325e-02    2.58547243432460730e-02
   -1.98549755305789721e-01   -5.40527899115893842e-02    2.64947739435029660e-02
   -1.98512044801755771e-01   -5.37383266438128532e-02    2.71289907988533328e-02
   -1.98474489824500722e-01   -5.34098642305059768e-02    2.77563503285375400e-02
   -1.98436958733936158e-01   -5.30860484190171164e-02    2.83861066019815630e-02
   -1.98399256737240376e-01   -5.27464045457933864e-02    2.90072062971049247e-02
   -1.98361889209174191e-01   -5.23972988805486775e-02    2.96233578205091046e-02
   -1.98325099787762804e-01   -5.20518878886713568e-02    3.02415196804866719e-02
   -1.98287725719718311e-01   -5.16886602016495902e-02    3.08491990109652989e-02
   -1.98250025395719037e-01   -5.13209127671671941e-02    3.14544003755411819e-02
   -1.98212456573722717e-01   -5.09535967672484630e-02    3.20596845478442125e-02
   -1.98174865571565190e-01   -5.05675202021820883e-02    3.26531669538748792e-02
   -1.98137310821335344e-01   -5.01806131341746980e-02    3.32463090620316801e-02
   -1.98099692429561242e-01   -4.97902665346861562e-02    3.38369363231573253e-02
   -1.98062059339895180e-01   -4.93831775052956459e-02    3.44162774068952071e-02
   -1.98025094234180549e-01   -4.89776873362565840e-02    3.49968980057719647e-02
   -1.97988056465823431e-01   -4.85642271232390316e-02    3.55715746084330139e-02
   -1.97950378736841792e-01   -4.81369285761789611e-02    3.61362294939146095e-02
   -1.97912763766649874e-01   -4.77132795909173887e-02    3.67036635455276483e-02
   -1.97875235958456130e-01   -4.72781637653799797e-02    3.72620739894241396e-02
   -1.97837611533822427e-01   -4.68323478068964696e-02    3.78122742403791817e-02
   -1.97799981354109672e-01   -4.63895461820530083e-02    3.83648418485404569e-02
   -1.97762989024176938e-01   -4.59330107118867820e-02    3.89059500052267859e-02
   -1.97725985174699331e-01   -4.54699322690526042e-02    3.94417666295536623e-02
   -1.97688331548789870e-01   -4.50078526180022406e-02    3.99782514089986676e-02
   -1.97650697924725838e-01   -4.45307101927485405e-02    4.05012914536727886e-02
   -1.97613191794693666e-01   -4.40510947183680168e-02    4.10223329413956783e-02
   -1.97575593881741257e-01   -4.35698413938712323e-02    4.15416121463803648e-02
   -1.97537886548974140e-01   -4.30731632639427126e-02    4.20462089461483279e-02
   -1.97500867571621302e-01   -4.25770910232274938e-02    4.25516377467296605e-02
   -1.97463931534611864e-01   -4.20764586341494523e-02    4.30522395056765414e-02
   -1.97426267975260028e-01   -4.15623266602636945e-02    4.35391219674339594e-02
   -1.97388628619960677e-01   -4.10505274890948166e-02    4.40285536923180620e-02
   -1.97351110783836436e-01   -4.05306546658593878e-02    4.45090549107183195e-02
   -1.97313505284737789e-01   -4.00001441062936489e-02    4.49781051198434798e-02
   -1.97275839421174437e-01   -3.94728629955489602e-02    4.54507776968472513e-02
   -1.97238771302509913e-01   -3.89343946708890359e-02    4.59103708169137925e-02
   -1.97201837095169252e-01   -3.83883452718631682e-02    4.63613384968474679e-02
   -1.97164240756610043e-01   -3.78450437909217813e-02    4.68154368482022326e-02
   -1.97126585314296082e-01   -3.72894532481310645e-02    4.72541896378703280e-02
   -1.97089063175729190e-01   -3.67297884191927909e-02    4.76881158272407929e-02
   -1.97051497156134375e-01   -3.61703996954666554e-02    4.81221536933963620e-02
   -1.97013793681324378e-01   -3.55982088669776833e-02    4.85391132923420274e-02
   -1.96976658296513424e-01   -3.50251856507319756e-02    4.89552774023598591e-02
   -1.96939746281533934e-01   -3.44499444924974210e-02    4.93680311696638105e-02
   -1.96902170759362810e-01   -3.38626072811447909e-02    4.97634889613551082e-02
   -1.96864510560474604e-01   -3.32767399426179347e-02    5.01613003796788359e-02
   -1.96826989502985217e-01   -3.26861706449509404e-02    5.05516733868511051e-02
   -1.96789429279542544e-01   -3.20855658416153364e-02    5.09267704753766301e-02
   -1.96751708513633716e-01   -3.14872792442374982e-02    5.13056073630195342e-02
   -1.96714553417171839e-01   -3.08816612585030813e-02    5.16722038728174710e-02
   -1.96677686930602336e-01   -3.02686319674482750e-02    5.20267742923214080e-02
   -1.96640104470144156e-01   -2.96581117385173176e-02    5.23855013848383011e-02
   -1.96602447357443422e-01   -2.90388934120329074e-02    5.27286121868955210e-02
   -1.96564936320986011e-01   -2.84149910759752579e-02    5.30636535996124939e-02
   -1.96527352499315966e-01   -2.77921537977056238e-02    5.34004381274776618e-02
   -1.96489648243833387e-01   -2.71599494638766932e-02    5.37190796783960020e-02
   -1.96452457109017875e-01   -2.65256595344250806e-02    5.40340679529250495e-02
   -1.96415597046952106e-01   -2.58907764386510295e-02    5.43475104127746217e-02
   -1.96378084430825439e-01   -2.52468517661053916e-02    5.46419097221661626e-02
   -1.96340409331190707e-01   -2.46031377181468169e-02    5.49370890637762774e-02
   -1.96302870237241633e-01   -2.39571765161090307e-02    5.52267963889564797e-02
   -1.96265319385448056e-01   -2.33031796316021840e-02    5.54982241402864132e-02
   -1.96227598880634735e-01   -2.26503700051328034e-02    5.57726710994317157e-02
   -1.96190357002585108e-01   -2.19934849359353958e-02    5.60366276251745496e-02
   -1.96153529870918164e-01   -2.13304568799573373e-02    5.62854140240056783e-02
   -1.96116034129378919e-01   -2.06691811657864870e-02    5.65387506153756658e-02
   -1.96078343246886860e-01   -2.00024100560756597e-02    5.67765329615812428e-02
   -1.96040800656244213e-01   -1.93314226027714864e-02    5.70029572039605498e-02
   -1.96003248333807806e-01   -1.86619703278858746e-02    5.72336763398204884e-02
   -1.95965528540396089e-01   -1.79865153845230503e-02    5.74456345897003048e-02
   -1.95928263430446559e-01   -1.73086927436014379e-02    5.76507997774421271e-02
   -1.95891465151480121e-01   -1.66312900093793029e-02    5.78569540138422905e-02
   -1.95853977989965594e-01   -1.59480842630455207e-02    5.80426723214572185e-02
   -1.95816275610727786e-01   -1.52642227769253531e-02    5.82266237842599885e-02
   -1.95778726292972244e-01   -1.45797186936277613e-02    5.84074247354562232e-02
   -1.95741162924326806e-01   -1.38900553403034782e-02    5.85677518971977201e-02
   -1.95703597740517349e-01   -1.32007578810964931e-02    5.87301451681341499e-02
   -1.95665939229598823e-01   -1.25098957044013463e-02    5.88846558087118763e-02
   -1.95628382191400607e-01   -1.18150079549325330e-02    5.90208360986753180e-02
   -1.95591487043854206e-01   -1.11207708819003898e-02    5.91606836013191459e-02
   -1.95554344284256887e-01   -1.04243605992651520e-02    5.92879508895258756e-02
   -1.95516645325779309e-01   -9.72534840950033813e-03    5.94012353582540342e-02
   -1.95479075638221339e-01   -9.02697905513426789e-03    5.95183365754026472e-02
   -1.95441550905267075e-01   -8.32606949091079483e-03    5.96177661279887056e-02
   -1.95403886927416920e-01   -7.62361289405416847e-03    5.97074501663327761e-02
   -1.95366283635367094e-01   -6.92162424642814560e-03    5.98000369696868664e-02
   -1.95329371308899574e-01   -6.21737542656905420e-03    5.98728174336935273e-02
   -1.95292286742487969e-01   -5.51244370357179859e-03    5.99408008335212336e-02
   -1.95254600404864420e-01   -4.80759499915817037e-03    6.00075855211567449e-02
   -1.95217012228739079e-01   -4.10103120715100793e-03    6.00529506615820538e-02
   -1.95179487521428524e-01   -3.39434823119758120e-03    6.00989315955442402e-02
   -1.95141829284472407e-01   -2.68757980676400873e-03    6.01397781882228866e-02
   -1.95104193570214662e-01   -1.97978533040649640e-03    6.01596931300929574e-02
   -1.95067275871187967e-01   -1.27196283001814359e-03    6.01828100970568172e-02
   -1.95030245748579717e-01   -5.64131461286729351e-04    6.01955715970741503e-02
   -1.94992553179972966e-01    1.43971600010922628e-04    6.01911027430798024e-02
   -1.94954952209815263e-01    8.52109642604676485e-04    6.01914025132446670e-02
   -1.94917438792479192e-01    1.55986540589920239e-03    6.01764059249606936e-02
   -1.94879805080042684e-01    2.26747161153018247e-03    6.01486288189575224e-02
   -1.94842158360526430e-01    2.97517457461496902e-03    6.01250380020665748e-02
   -1.94805183265279069e-01    3.68185689232789501e-03    6.00824044751981645e-02
   -1.94768168736765834e-01    4.38826965475952804e-03    6.00321130481506274e-02
   -1.94730498424235732e-01    5.09463845924276043e-03    5.99834779389600281e-02
   -1.94692897248694846e-01    5.79918192809395199e-03    5.99137725690779346e-02
   -1.94655381829356239e-01    6.50365944705067096e-03    5.98414425475803785e-02
   -1.94617737314894707e-01    7.20767680975997228e-03    5.97666188497593537e-02
   -1.94580051005978166e-01    7.90917583572250601e-03    5.96706161013693184e-02
   -1.94543059758817943e-01    8.61106926383036798e-03    5.95762709617207453e-02
   -1.94506105813602476e-01    9.31166049689864488e-03    5.94743609239528487e-02
   -1.94468442645000766e-01    1.00093259606607969e-02    5.93532806622154227e-02
   -1.94430821060455256e-01    1.07078964517383027e-02    5.92371407806576641e-02
   -1.94393306785659997e-01    1.14039361811906631e-02    5.91080980804596992e-02
   -1.94355684267502354e-01    1.20970690373151998e-02    5.89630733679757379e-02
   -1.94318001807873619e-01    1.27913064615256030e-02    5.88235348331102026e-02
   -1.94280951858618406e-01    1.34817173263200064e-02    5.86669844850700450e-02
   -1.94244001552755508e-01    1.41699323829639085e-02    5.84999324257421197e-02
   -1.94206363897278106e-01    1.48589567979320551e-02    5.83367866688387290e-02
   -1.94168733621095518e-01    1.55428005734005205e-02    5.81536279692805302e-02
   -1.94131222436767892e-01    1.62253315872396969e-02    5.79647633357274761e-02
   -1.94093625295285399e-01    1.69078005147870782e-02    5.77762714474229569e-02
   -1.94055949971831704e-01    1.75844012158391343e-02    5.75677435107226562e-02
   -1.94018848431036423e-01    1.82607980479320246e-02    5.73579012668383598e-02
   -1.93981927949100269e-01    1.89355464305010178e-02    5.71434684496228557e-02
   -1.93944368253541694e-01    1.96040515153264872e-02    5.69100982971164002e-02
   -1.93906720284602402e-01    2.02735175659987527e-02    5.66792160452393584e-02
   -1.93869185458014015e-01    2.09395154237414748e-02    5.64391994601259467e-02
   -1.93831598126327859e-01    2.15994931163201280e-02    5.61825734383532699e-02
   -1.93793865737501791e-01    2.22610874227905341e-02    5.59300855466989891e-02
   -1.93756744563650218e-01    2.29170924247417314e-02    5.56639507464929892e-02
   -1.93719888276909280e-01    2.35682514151688907e-02    5.53855223067372185e-02
   -1.93682280616811447e-01    2.42211914651020259e-02    5.51115027399317753e-02
   -1.93644618015672593e-01    2.48661832193996166e-02    5.48197260870803421e-02
   -1.93607107522250799e-01    2.55077534254691957e-02    5.45198943063509509e-02
   -1.93569518361341925e-01    2.61504296588123825e-02    5.42227285616433824e-02
   -1.93531815023875953e-01    2.67842119865037004e-02    5.39072261603375513e-02
   -1.93494644313858488e-01    2.74165301939323647e-02    5.35882852266189036e-02
   -1.93457773555225948e-01    2.80475480593770678e-02    5.32671557555630185e-02
   -1.93420231109004748e-01    2.86685098771269319e-02    5.29269740010792286e-02
   -1.93382567485968826e-01    2.92902839433312884e-02    5.25880098915522468e-02
   -1.93345010949699442e-01    2.99087840710916403e-02    5.22435647577210865e-02
   -1.93307443702091686e-01    3.05175722503904720e-02    5.18819426350182675e-02
   -1.93269907814732855e-01    3.11283734446455712e-02    5.15235955544100718e-02
   -1.93232229000242478e-01    3.17329104269849990e-02    5.11552607591515551e-02
   -1.93194693945102025e-01    3.23289215274328648e-02    5.07728641774148684e-02
   -1.93157849116428748e-01    3.29271988347135183e-02    5.03939734945367812e-02
   -1.93120644954759058e-01    3.35168959678394038e-02    5.00022503638721041e-02
   -1.93082949559913924e-01    3.41006559495425562e-02    4.96013774787152639e-02
   -1.93045368493419162e-01    3.46858457453237817e-02    4.92027063836967052e-02
   -1.93007835759562540e-01    3.52595151022675746e-02    4.87878583008385103e-02
   -1.92970161372401555e-01    3.58298242980573528e-02    4.83680376125342967e-02
   -1.92932620463233867e-01    3.64003330219180368e-02    4.79487185761058587e-02
   -1.92895789482572744e-01    3.69576870487178522e-02    4.75120540115034906e-02
   -1.92858621233671756e-01    3.75145403675884309e-02    4.70744945990735006e-02
   -1.92820905224312583e-01    3.80690769505102541e-02    4.66343802356312467e-02
   -1.92783319585869917e-01    3.86102950164031247e-02    4.61778378711879614e-02
   -1.92745787777084787e-01    3.91531435868206351e-02    4.57230594555624176e-02
   -1.92708122934459158e-01    3.96900396694955734e-02    4.52616542598701863e-02
   -1.92670554081702305e-01    4.02148470290909915e-02    4.47862604025073829e-02
   -1.92633666066472836e-01    4.07426927751107504e-02    4.43141366040625331e-02
   -1.92596515968800536e-01    4.12611816348328261e-02    4.38321163507268963e-02
   -1.92558823672172086e-01    4.17700522318754583e-02    4.33396615262074819e-02
   -1.92521263099463130e-01    4.22817361217215776e-02    4.28501695953603309e-02
   -1.92483730444345413e-01    4.27808692551151504e-02    4.23481378697347088e-02
   -1.92446052137986406e-01    4.32735119475324975e-02    4.18394225856634286e-02
   -1.92408455348811180e-01    4.37676516136465271e-02    4.13322964222982980e-02
   -1.92371553883964846e-01    4.42473605296958353e-02    4.08115690962085748e-02
   -1.92334463026597680e-01    4.47239597600446528e-02    4.02877382410316703e-02
   -1.92296777904021943e-01    4.51990800339688234e-02    3.97628324622599227e-02
   -1.92259167443407486e-01    4.56584596842487464e-02    3.92240643218108240e-02
   -1.92221644531683944e-01    4.61179719521094753e-02    3.86852165755891056e-02
   -1.92184004345743786e-01    4.65728262675441235e-02    3.81427178712090975e-02
   -1.92146375668787034e-01    4.70128132200079638e-02    3.75879328824751877e-02
   -1.92109462470874737e-01    4.74553612416368370e-02    3.70350384562091392e-02
   -1.92072405608583657e-01    4.78888543356040391e-02    3.64753325569288772e-02
   -1.92034701334398816e-01    4.83092165029420650e-02    3.59054822764236017e-02
   -1.91997110757372469e-01    4.87335189129724788e-02    3.53385428194810322e-02
   -1.91959609226842243e-01    4.91450126181459945e-02    3.47625038878694725e-02
   -1.91921975361921571e-01    4.95464953020439414e-02    3.41791561762818871e-02
   -1.91884324657519895e-01    4.99508051394331534e-02    3.35978445838760117e-02
   -1.91847356395948854e-01    5.03392057977541385e-02    3.30059197429976650e-02
   -1.91810325931272646e-01    5.07220648368311086e-02    3.24101307157328711e-02
   -1.91772644603777354e-01    5.11057597389884613e-02    3.18150763222443123e-02
   -1.91735030070405182e-01    5.14712618887564893e-02    3.12087281925776464e-02
   -1.91697516502352006e-01    5.18351015641719259e-02    3.06011599185083243e-02
   -1.91659893641836526e-01    5.21962687899746730e-02    2.99922341399216710e-02
   -1.91622229930751647e-01    5.25391841680308211e-02    2.93727672553764224e-02
   -1.91585241943289381e-01    5.28835926362776487e-02    2.87539534480103845e-02
   -1.91548266939010586e-01    5.32207824583926029e-02    2.81314420709832362e-02
   -1.91510614640917565e-01    5.35416209242327093e-02    2.75002000565217689e-02
   -1.91472987704602027e-01    5.38662149082350036e-02    2.68708288128324917e-02
   -1.91435464369774239e-01    5.41793330598050599e-02    2.62359205440489442e-02
   -1.91397853140732738e-01    5.44792521431057830e-02    2.55944312687701701e-02
   -1.91360194294873387e-01    5.47826221869764790e-02    2.49545927813857593e-02
   -1.91323161417991577e-01    5.50699889044034274e-02    2.43075866864400914e-02
   -1.91286193426880496e-01    5.53485886181250761e-02    2.36564924471715302e-02
   -1.91248553069812088e-01    5.56298040383551018e-02    2.30066616413938108e-02
   -1.91210930377254368e-01    5.58916252154977519e-02    2.23489002962421746e-02
   -1.91173401441760177e-01    5.61495548366236358e-02    2.16893625317310657e-02
   -1.91135776065466834e-01    5.64074879219577871e-02    2.10300090910676245e-02
   -1.91098112590732977e-01    5.66443724881555838e-02    2.03628026834930080e-02
   -1.91061038686480833e-01    5.68810832280870829e-02    1.96953292291319783e-02
   -1.91024096232159102e-01    5.71132283276919589e-02    1.90264804584640151e-02
   -1.90986501166452716e-01    5.73261192535836003e-02    1.83511679929817227e-02
   -1.90948863815985442e-01    5.75419540673253044e-02    1.76767032118713106e-02
   -1.90911336324228076e-01    5.77482141277668448e-02    1.69994902108156036e-02
   -1.90873732382025679e-01    5.79381919656651034e-02    1.63173313618315968e-02
   -1.90836019422986669e-01    5.81321637391434554e-02    1.56362816421736356e-02
   -1.90798911110269420e-01    5.83111514990722751e-02    1.49513460016115832e-02
   -1.90762029874266381e-01    5.84777058714171724e-02    1.42630201409073964e-02
   -1.90724444850964098e-01    5.86483295173274438e-02    1.35757843453054895e-02
   -1.90686796284240456e-01    5.88005633619036600e-02    1.28844143725382384e-02
   -1.90649232032196303e-01    5.89453889814883780e-02    1.21912099079233421e-02
   -1.90611641168526358e-01    5.90918051070580333e-02    1.14984671105918326e-02
   -1.90574119213502535e-01    5.92170854715184450e-02    1.08016543467120488e-02
   -1.90536440952053715e-01    5.93395856192454052e-02    1.01041598472942501e-02
   -1.90498951942912581e-01    5.94600609410017508e-02    9.40649057565974903e-03
   -1.90462141160669729e-01    5.95599107810511896e-02    8.70548314345851761e-03
   -1.90424880911112926e-01    5.96606118947390837e-02    8.00449194408345277e-03
   -1.90387166788574258e-01    5.97539066037794178e-02    7.30273109927758422e-03
   -1.90349580970006316e-01    5.98287472379716162e-02    6.59860344579299950e-03
   -1.90312047077967228e-01    5.99077093363574037e-02    5.89485768684086184e-03
   -1.90274371156864713e-01    5.99735777625565736e-02    5.19002887276418662e-03
   -1.90236877417967937e-01    6.00236022402865221e-02    4.48365386635941540e-03
   -1.90200052324219437e-01    6.00791005937222761e-02    3.77766668827393421e-03
   -1.90162803052875307e-01    6.01177441935584408e-02    3.07079074191539533e-03
   -1.90125077266765169e-01    6.01456049035481929e-02    2.36318125857072322e-03
   -1.90087515229902942e-01    6.01768323047071271e-02    1.65578854339517635e-03
   -1.90050005545242290e-01    6.01872479331697213e-02    9.47914186486512544e-04
   -1.90012321299176723e-01    6.01923515848139731e-02    2.39760384889713493e-04
   -1.89974769401297566e-01    6.01981120574164447e-02   -4.68238198361835799e-04
   -1.89937954502359452e-01    6.01816972025033051e-02   -1.17609359594513202e-03
   -1.89900771043463229e-01    6.01648871036177535e-02   -1.88409406797063737e-03
   -1.89863045097028338e-01    6.01440190373763520e-02   -2.59173852325776492e-03
   -1.89825467227363986e-01    6.01018472635508894e-02   -3.29854882544462942e-03
   -1.89787942972623108e-01    6.00624446421401809e-02   -4.00562493429015148e-03
   -1.89750270173861618e-01    6.00134791423432151e-02   -4.71184371224876459e-03
   -1.89712704058497245e-01    5.99466969636194696e-02   -5.41680462394924546e-03
   -1.89675847266603720e-01    5.98853010383667353e-02   -6.12232379810916019e-03
   -1.89638703050116819e-01    5.98091484873115795e-02   -6.82614053232072360e-03
   -1.89601002459901080e-01    5.97187458423759851e-02   -7.52849452501306270e-03
   -1.89563417938762468e-01    5.96328810474218360e-02   -8.23137538544093522e-03
   -1.89525891662939455e-01    5.95290694036564941e-02   -8.93165630855860190e-03
   -1.89488222119980870e-01    5.94169432464871985e-02   -9.63088642553884371e-03
   -1.89450622151842690e-01    5.93069487099570913e-02   -1.03303458438775541e-02
   -1.89413744093175102e-01    5.91761570516157187e-02   -1.10261704256433141e-02
   -1.89376623400727168e-01    5.90418860035039350e-02   -1.17215289787699160e-02
   -1.89338907237401016e-01    5.89058777237503259e-02   -1.24163298287233211e-02
   -1.89301334888898887e-01    5.87486465696336335e-02   -1.31066850004307057e-02
   -1.89263822675082627e-01    5.85928021254958770e-02   -1.37975015803868881e-02
   -1.89226177198641377e-01    5.84308214397123438e-02   -1.44866585267791042e-02
   -1.89188577551217207e-01    5.82490974475406362e-02   -1.51710324469908776e-02
   -1.89151630458108205e-01    5.80707456817452158e-02   -1.58563957502089771e-02
   -1.89114533715992073e-01    5.78816286042947992e-02   -1.65386136424394564e-02
   -1.89076860813871428e-01    5.76772250261387009e-02   -1.72165960726402903e-02
   -1.89039264130833523e-01    5.74768013660262728e-02   -1.78957699873391780e-02
   -1.89001741223022518e-01    5.72608243095471675e-02   -1.85699401189941757e-02
   -1.88964100643330191e-01    5.70341718310831691e-02   -1.92408441720949876e-02
   -1.88926469373426165e-01    5.68109926678100063e-02   -1.99128393156330664e-02
   -1.88889537094375365e-01    5.65686168597277911e-02   -2.05780326683835391e-02
   -1.88852515267943555e-01    5.63204965458656837e-02   -2.12413521279854224e-02
   -1.88814837268196145e-01    5.60735259360231331e-02   -2.19049065498091028e-02
   -1.88777204448163094e-01    5.58056445490148420e-02   -2.25602632399282271e-02
   -1.88739668211879208e-01    5.55367443353122769e-02   -2.32154077340947194e-02
   -1.88702049488981421e-01    5.52650777020415526e-02   -2.38691764296685392e-02
   -1.88664427366389081e-01    5.49737371133843938e-02   -2.45145165721944759e-02
   -1.88627453956813185e-01    5.46850375260336113e-02   -2.51612064740477578e-02
   -1.88590435321307426e-01    5.43883525330979903e-02   -2.58039874062415270e-02
   -1.88552760786087847e-01    5.40742192648190831e-02   -2.64386035320002405e-02
   -1.88515155102741194e-01    5.37644137075340492e-02   -2.70753893021984694e-02
   -1.88477633902889130e-01    5.34424117302131560e-02   -2.77058255196187021e-02
   -1.88440002072133683e-01    5.31075669558602609e-02   -2.83298026093533190e-02
   -1.88402352097976927e-01    5.27771143518070349e-02   -2.89560810825609388e-02
   -1.88365323753286462e-01    5.24306077042333077e-02   -2.95734320989082394e-02
   -1.88328335974126432e-01    5.20758720371113093e-02   -3.01863863471466855e-02
   -1.88290709455291250e-01    5.17237787933541443e-02   -3.08007017535509540e-02
   -1.88253093109194830e-01    5.13532309209012924e-02   -3.14039423033250567e-02
   -1.88215537157192719e-01    5.09794273015029067e-02   -3.20054345552374039e-02
   -1.88177957149949338e-01    5.06053379017942506e-02   -3.26065361419798916e-02
   -1.88140393895268765e-01    5.02122034927937402e-02   -3.31953837500922957e-02
   -1.88102696955717991e-01    4.98198063802767904e-02   -3.37849042937489186e-02
   -1.88065322224501758e-01    4.94230185504475755e-02   -3.43712123907437897e-02
   -1.88028504781469791e-01    4.90088961927155203e-02   -3.49456184903011169e-02
   -1.87991141284622798e-01    4.85978176973357739e-02   -3.55222687432045908e-02
   -1.87953446189352363e-01    4.81782776031287885e-02   -3.60924614159221294e-02
   -1.87915884385143728e-01    4.77451958579009073e-02   -3.66527167306184842e-02
   -1.87878327756817204e-01    4.73160176217255549e-02   -3.72159851869287225e-02
   -1.87840634696444353e-01    4.68740027422060238e-02   -3.77689243445513689e-02
   -1.87803244019494275e-01    4.64221542091629927e-02   -3.83142092902012191e-02
   -1.87766444902905338e-01    4.59741696274967721e-02   -3.88626313798469195e-02
   -1.87729099793486426e-01    4.55114869217550511e-02   -3.93984622848541632e-02
   -1.87691390755580223e-01    4.50429584311835482e-02   -3.99294862449617108e-02
   -1.87653850886573798e-01    4.45752395604637058e-02   -4.04610515542390831e-02
   -1.87616303564026587e-01    4.40916849284809093e-02   -4.09781836992305290e-02
   -1.87578610355934206e-01    4.36067627463859395e-02   -4.14942835288928669e-02
   -1.87541172840314602e-01    4.31199005762995316e-02   -4.20082947278320948e-02
   -1.87504345758838203e-01    4.26174115830503866e-02   -4.25071879490467250e-02
   -1.87467039326329965e-01    4.21167959169717818e-02   -4.30081033788031614e-02
   -1.87429324112529716e-01    4.16107651383015656e-02   -4.35031554861097583e-02
   -1.87391761961569758e-01    4.10908610254479695e-02   -4.39839008736271492e-02
   -1.87354239263084477e-01    4.05741849219363807e-02   -4.44681864625032716e-02
   -1.87316562929799091e-01    4.00489544369370815e-02   -4.49427997484475109e-02
   -1.87279077939003280e-01    3.95133783000104211e-02   -4.54060834124853166e-02
   -1.87242247688040181e-01    3.89809169053279211e-02   -4.58729595863826556e-02
   -1.87205004807503128e-01    3.84374865250813533e-02   -4.63266802608854333e-02
   -1.87167294629099062e-01    3.78873633696602194e-02   -4.67726081909891969e-02
   -1.87129697858876343e-01    3.73389565518644495e-02   -4.72205090867904367e-02
   -1.87092165714230901e-01    3.67780971253487826e-02   -4.76525371552424318e-02
   -1.87054509814225528e-01    3.62142142904223821e-02   -4.80809560325467927e-02
   -1.87017004045463148e-01    3.56501543361606929e-02   -4.85088883552211789e-02
   -1.86980139671035606e-01    3.50730643674466783e-02   -4.89191388250575371e-02
   -1.86942905000255039e-01    3.44958607034703685e-02   -4.93294700938173084e-02
   -1.86905188527031779e-01    3.39162159749771333e-02   -4.97359266608345535e-02
   -1.86867613937564930e-01    3.33249726562075757e-02   -5.01255413015757392e-02
   -1.86830120937187039e-01    3.27351982326958835e-02   -5.05175520154096530e-02
   -1.86792459176216202e-01    3.21399684012683429e-02   -5.09007550017312183e-02
   -1.86754874918301672e-01    3.15353565117212770e-02   -5.12693723612842184e-02
   -1.86718016078007809e-01    3.09332971413300989e-02   -5.16422582402271263e-02
   -1.86680852809057440e-01    3.03235344279874953e-02   -5.20019142757017563e-02
   -1.86643150442768802e-01    2.97069207952149611e-02   -5.23501415369602152e-02
   -1.86605572624357063e-01    2.90924892161667989e-02   -5.27021104152425451e-02
   -1.86568027437873069e-01    2.84690849508682994e-02   -5.30375785815305895e-02
   -1.86530360853389227e-01    2.78419471378885570e-02   -5.33665145149617645e-02
   -1.86492816436840320e-01    2.72157950296962915e-02   -5.36970743102857667e-02
   -1.86455941417703913e-01    2.65796733342162118e-02   -5.40079321254182468e-02
   -1.86418801794528882e-01    2.59423283592127817e-02   -5.43167085024615984e-02
   -1.86381100777867986e-01    2.53044689365047072e-02   -5.46239059141256714e-02
   -1.86343513842047365e-01    2.46572268286313519e-02   -5.49109570195511834e-02
   -1.86305998332405937e-01    2.40103042117211785e-02   -5.51990609772670324e-02
   -1.86268339456757581e-01    2.33608853417377714e-02   -5.54808965952458474e-02
   -1.86230719076209250e-01    2.27039969123513340e-02   -5.57452677378505665e-02
   -1.86193831481552469e-01    2.20483982704457217e-02   -5.60130752164233053e-02
   -1.86156751929035524e-01    2.13886139328415513e-02   -5.62697312057100565e-02
   -1.86119054292201075e-01    2.07232760143196103e-02   -5.65121564287935294e-02
   -1.86081473608957104e-01    2.00593118339850822e-02   -5.67583231188794127e-02
   -1.86043942392715766e-01    1.93896960986232603e-02   -5.69880222026116906e-02
   -1.86006271681657120e-01    1.87164697834271178e-02   -5.72076849718297364e-02
   -1.85968639938715541e-01    1.80445667529236277e-02   -5.74311186999691276e-02
   -1.85931695213780557e-01    1.73665902255159058e-02   -5.76350437837743826e-02
   -1.85894655896215316e-01    1.66868186904246575e-02   -5.78337011720922375e-02
   -1.85857016297769906e-01    1.60074017512205347e-02   -5.80329116256671357e-02
   -1.85819415872068350e-01    1.53221396628432146e-02   -5.82109130097803879e-02
   -1.85781846160544384e-01    1.46364255669419636e-02   -5.83878646119005904e-02
   -1.85744263130739579e-01    1.39499211777093166e-02   -5.85608633719051364e-02
   -1.85706678624493221e-01    1.32585944674915284e-02   -5.87139094521215085e-02
   -1.85668970823623630e-01    1.25677252087245533e-02   -5.88694339762394422e-02
   -1.85631712742542310e-01    1.18750827984307784e-02   -5.90158275683777961e-02
   -1.85594913063452521e-01    1.11787627665491541e-02   -5.91447515470808552e-02
   -1.85557440992351580e-01    1.04832025239238562e-02   -5.92776898549974979e-02
   -1.85519739557486796e-01    9.78533329150495408e-03   -5.93964808993677276e-02
   -1.85482203284837832e-01    9.08509126264534818e-03   -5.95020091676292592e-02
   -1.85444645842243516e-01    8.38556016788994524e-03   -5.96119028076090990e-02
   -1.85406915555961810e-01    7.68358213586412334e-03   -5.97034299177114092e-02
   -1.85369593435608160e-01    6.98025979751245099e-03   -5.97862568644254855e-02
   -1.85332810174798412e-01    6.27728745650140470e-03   -5.98713134900208735e-02
   -1.85295388208039591e-01    5.57222807893665347e-03   -5.99355810729095551e-02
   -1.85257689092973493e-01    4.86665630263928388e-03   -5.99961550163121693e-02
   -1.85220147926025369e-01    4.16113726299650790e-03   -6.00554129751057625e-02
   -1.85182587206516008e-01    3.45415703424405227e-03   -6.00939942922795456e-02
   -1.85144872637448499e-01    2.74706582219768443e-03   -6.01330804214000175e-02
   -1.85107505704333181e-01    2.03983282631901462e-03   -6.01649824672309680e-02
   -1.85070686454085115e-01    1.33180189299108936e-03   -6.01767658616787077e-02
   -1.85033315880316684e-01    6.23815694974194841e-04   -6.01928695819706899e-02
   -1.84995614956263654e-01   -8.40747763340918150e-05   -6.01976649251854679e-02
   -1.84958043091204033e-01   -7.92111200219704930e-04   -6.01860103018267839e-02
   -1.84920512166063367e-01   -1.50021378002087235e-03   -6.01792228825469983e-02
   -1.84882809900224598e-01   -2.20774261656030667e-03   -6.01561346015503096e-02
   -1.84845405442341543e-01   -2.91506238059606937e-03   -6.01214456720837453e-02
   -1.84808613220045381e-01   -3.62252074335717242e-03   -6.00905667643665542e-02
   -1.84771246087975627e-01   -4.32861438979578392e-03   -6.00393220594340818e-02
   -1.84733537896199784e-01   -5.03442986272692634e-03   -5.99816609518046273e-02
   -1.84696016154029696e-01   -5.74024051345958797e-03   -5.99255664257027920e-02
   -1.84658465370895586e-01   -6.44399266662741728e-03   -5.98481450708586993e-02
   -1.84620750714411780e-01   -7.14766968277959994e-03   -5.97684931820029949e-02
   -1.84583312395151744e-01   -7.85073362854501675e-03   -5.96851758895041648e-02
   -1.84546493633953479e-01   -8.55122455808378368e-03   -5.95816719733607836e-02
   -1.84509184743692045e-01   -9.25213800454279672e-03   -5.94804672060799677e-02
   -1.84471486219570768e-01   -9.95148308502868430e-03   -5.93706015443728960e-02
   -1.84433938746879023e-01   -1.06478796299657764e-02   -5.92423367343572344e-02
   -1.84396416060783941e-01   -1.13450998660240936e-02   -5.91183982116555151e-02
   -1.84358724139990632e-01   -1.20396152483982621e-02   -5.89813489228603188e-02
   -1.84321242496632981e-01   -1.27313902202487554e-02   -5.88299482849674385e-02
   -1.84284424306293548e-01   -1.34240011696880393e-02   -5.86824071019669616e-02
   -1.84247162493335198e-01   -1.41126428172756741e-02   -5.85181931464174507e-02
   -1.84209449095242173e-01   -1.47992365977263791e-02   -5.83447810788433052e-02
   -1.84171857926559934e-01   -1.54862150072570710e-02   -5.81732689014501855e-02
   -1.84134296874193581e-01   -1.61680046931938839e-02   -5.79825129023273239e-02
   -1.84096636213567755e-01   -1.68488029452879794e-02   -5.77875403945303373e-02
   -1.84059179218293678e-01   -1.75291087077770018e-02   -5.75914001185622026e-02
   -1.84022324357497991e-01   -1.82032966696406250e-02   -5.73750146181073589e-02
   -1.83985069699690917e-01   -1.88774802349491386e-02   -5.71582059608249510e-02
   -1.83947355523705891e-01   -1.95496969518711393e-02   -5.69361222232399738e-02
   -1.83909778417474384e-01   -2.02157749169675181e-02   -5.66958844472661913e-02
   -1.83872263581411011e-01   -2.08829338092851764e-02   -5.64583972080374141e-02
   -1.83834605802770223e-01   -2.15459441949939975e-02   -5.62102928045485201e-02
   -1.83797069608473168e-01   -2.22031048637544096e-02   -5.59465045269583183e-02
   -1.83760204500452995e-01   -2.28623436178325735e-02   -5.56878101619134244e-02
   -1.83722999950418298e-01   -2.35151759085540021e-02   -5.54140206983846431e-02
   -1.83685303781189330e-01   -2.41631537777010422e-02   -5.51283512843997736e-02
   -1.83647757031965592e-01   -2.48130935450008687e-02   -5.48473143659664458e-02
   -1.83610209165531474e-01   -2.54549384911549603e-02   -5.45486376793884592e-02
   -1.83572526274480258e-01   -2.60936885284267471e-02   -5.42428547695966920e-02
   -1.83534993181143163e-01   -2.67328807911812946e-02   -5.39382911188109326e-02
   -1.83498124913861221e-01   -2.73627595370778721e-02   -5.36149413893005217e-02
   -1.83460980880986307e-01   -2.79917895242389400e-02   -5.32895701459208046e-02
   -1.83423292927754417e-01   -2.86193171781144902e-02   -5.29617887942371024e-02
   -1.83385695205392552e-01   -2.92368312806983895e-02   -5.26153699112345413e-02
   -1.83348157774045034e-01   -2.98553592022710694e-02   -5.22704988984465518e-02
   -1.83310486203462270e-01   -3.04697051183606613e-02   -5.19187362495729526e-02
   -1.83272884791316149e-01   -3.10744110097350978e-02   -5.15503097984678360e-02
   -1.83236018715290577e-01   -3.16816044092817425e-02   -5.11858180878234509e-02
   -1.83198911222515637e-01   -3.22816854590209576e-02   -5.08102282502351579e-02
   -1.83161189072780090e-01   -3.28735335884604504e-02   -5.04214210392484388e-02
   -1.83123604392603501e-01   -3.34681556394600677e-02   -5.00369000694037835e-02
   -1.83086050667642136e-01   -3.40533341696184280e-02   -4.96384992614756354e-02
   -1.83048489152801280e-01   -3.46326966986314558e-02   -4.92312683589267580e-02
   -1.83010932809431315e-01   -3.52133227326204626e-02   -4.88259995139029498e-02
   -1.82973229207724658e-01   -3.57822708757967733e-02   -4.84046931799607741e-02
   -1.82936008970024128e-01   -3.63485598627701634e-02   -4.79794274766633805e-02
   -1.82899163527382891e-01   -3.69145091730150102e-02   -4.75539344805816361e-02
   -1.82861617589097136e-01   -3.74671534857744307e-02   -4.71113626949193759e-02
   -1.82823950655182144e-01   -3.80196090518744798e-02   -4.66683055135738295e-02
   -1.82786453421219630e-01   -3.85688165063314548e-02   -4.62215568913513022e-02
   -1.82748874757563046e-01   -3.91049076393432254e-02   -4.57589847039956490e-02
   -1.82711151624673718e-01   -3.96429101366351649e-02   -4.52985153214407119e-02
   -1.82673888991240679e-01   -4.01745659053631896e-02   -4.48310428621021551e-02
   -1.82637062326673177e-01   -4.06949346093033876e-02   -4.43507286569848475e-02
   -1.82599591751369472e-01   -4.12177788923010283e-02   -4.38731303910826695e-02
   -1.82561905243240091e-01   -4.17305717855301281e-02   -4.33850843082755691e-02
   -1.82524357915635760e-01   -4.22346215398855945e-02   -4.28876817563544760e-02
   -1.82486788884319018e-01   -4.27409457772615908e-02   -4.23926618961120022e-02
   -1.82449078340628373e-01   -4.32339710125387092e-02   -4.18846322564608992e-02
   -1.82411787815323745e-01   -4.37215166981501646e-02   -4.13710002811825961e-02
   -1.82374982904299376e-01   -4.42103482329435638e-02   -4.08587132691338104e-02
   -1.82337538915383290e-01   -4.46840146779703476e-02   -4.03325094027122757e-02
   -1.82299841732813439e-01   -4.51550779097626351e-02   -3.98037364404575794e-02
   -1.82262304066343361e-01   -4.56241452112083820e-02   -3.92734188521258604e-02
   -1.82224759403526448e-01   -4.60777858612203203e-02   -3.87297884367112447e-02
   -1.82187056718219664e-01   -4.65321045111847520e-02   -3.81865719654990304e-02
   -1.82149709367832063e-01   -4.69808953130984655e-02   -3.76390353657666543e-02
   -1.82112879000856737e-01   -4.74151293173457195e-02   -3.70796696271115389e-02
   -1.82075451787005793e-01   -4.78517542303290577e-02   -3.65221303890555446e-02
   -1.82037756609630064e-01   -4.82786462379282202e-02   -3.59574100285010440e-02
   -1.82000238886113802e-01   -4.86934032668709799e-02   -3.53834495736594853e-02
   -1.81962707327633644e-01   -4.91115283600079139e-02   -3.48119463918654254e-02
   -1.81924986582557929e-01   -4.95160932259927772e-02   -3.42310231757287295e-02
   -1.81887583273688924e-01   -4.99117900283104071e-02   -3.36437202963308646e-02
   -1.81850777797537777e-01   -5.03100217928162396e-02   -3.30581879699505185e-02
   -1.81813422848481204e-01   -5.06918527321964657e-02   -3.24620157127139611e-02
   -1.81775730465292662e-01   -5.10687371105246896e-02   -3.18624673340676609e-02
   -1.81738183244986806e-01   -5.14454631520704572e-02   -3.12629833846778948e-02
   -1.81700633022564256e-01   -5.18040826288019771e-02   -3.06525189736676362e-02
   -1.81662929538487228e-01   -5.21619594797402483e-02   -3.00414331092998532e-02
   -1.81625506916705814e-01   -5.25161296165103444e-02   -2.94284127356723227e-02
   -1.81588678418934835e-01   -5.28522519164863758e-02   -2.88051697779180688e-02
   -1.81551336497772581e-01   -5.31907157125651869e-02   -2.81831082220188010e-02
   -1.81513631365612854e-01   -5.35208658009353258e-02   -2.75568903545078542e-02
   -1.81476092357924279e-01   -5.38349903218875575e-02   -2.69222614519694231e-02
   -1.81438575176035011e-01   -5.41532190498485305e-02   -2.62896442052255076e-02
   -1.81400866769297758e-01   -5.44586996431890430e-02   -2.56510435212454237e-02
   -1.81363386568118817e-01   -5.47517894150086754e-02   -2.50063889091286309e-02
   -1.81326585312530791e-01   -5.50487420370644187e-02   -2.43635056095866075e-02
   -1.81289283541575447e-01   -5.53284894236473132e-02   -2.37131828904965855e-02
   -1.81251571019101360e-01   -5.56001841716738804e-02   -2.30592146124260246e-02
   -1.81214046758507302e-01   -5.58743709727649585e-02   -2.24063949025871643e-02
   -1.81176497066351694e-01   -5.61293053771295194e-02   -2.17459148442383371e-02
   -1.81138817064992907e-01   -5.63807679334459785e-02   -2.10838907269516804e-02
   -1.81101359333883716e-01   -5.66306325384742654e-02   -2.04214414214683171e-02
   -1.81064492537288318e-01   -5.68601288378598191e-02   -1.97515974860758385e-02
   -1.81027233196308840e-01   -5.70906445003129190e-02   -1.90819729736485186e-02
   -1.80989542470523901e-01   -5.73152695823793204e-02   -1.84106160620375985e-02
   -1.80951969550295244e-01   -5.75207468756507578e-02   -1.77329973949030724e-02
   -1.80914444690610410e-01   -5.77297841874109263e-02   -1.70563886873773517e-02
   -1.80876771560374600e-01   -5.79277768252326186e-02   -1.63767314881306941e-02
   -1.80839240816977720e-01   -5.81098163868486797e-02   -1.56923966207907807e-02
   -1.80802387048390578e-01   -5.82964545030687648e-02   -1.50092664772084727e-02
   -1.80765173378743732e-01   -5.84680129863156053e-02   -1.43224284603049729e-02
   -1.80727468173092320e-01   -5.86282748520993158e-02   -1.36326519928226340e-02
   -1.80689893727848050e-01   -5.87915923118574046e-02   -1.29436542701157360e-02
   -1.80652348365658050e-01   -5.89358825499592190e-02   -1.22505652922253582e-02
   -1.80614796313587817e-01   -5.90734070324867924e-02   -1.15558756482691677e-02
   -1.80577188800687183e-01   -5.92115518991993411e-02   -1.08614489161432508e-02
   -1.80539489624778449e-01   -5.93297058590905521e-02   -1.01633843810514952e-02
   -1.80502371352495417e-01   -5.94460506183590864e-02   -9.46480742806767202e-03
   -1.80465479265880802e-01   -5.95583960054856809e-02   -8.76576489496786425e-03
   -1.80427890482849046e-01   -5.96499627540974103e-02   -8.06365530597407017e-03
   -1.80390223959328383e-01   -5.97435714171456328e-02   -7.36170931676240117e-03
   -1.80352694039211309e-01   -5.98290908019697421e-02   -6.65895498622430873e-03
   -1.80315114372285562e-01   -5.98965312457032870e-02   -5.95406875717039569e-03
   -1.80277423577467316e-01   -5.99676427578547319e-02   -5.24950792871850883e-03
   -1.80240285712654658e-01   -6.00255290223398880e-02   -4.54393570153525331e-03
   -1.80203428951834804e-01   -6.00691984291132838e-02   -3.83710550998143636e-03
   -1.80165849687122931e-01   -6.01167888517770213e-02   -3.13059349931478232e-03
   -1.80128166426118924e-01   -6.01471497491449583e-02   -2.42331822085021208e-03
   -1.80090635972204621e-01   -6.01679568088212408e-02   -1.71546003392758755e-03
   -1.80053060614880883e-01   -6.01909063570108122e-02   -1.00776509809046661e-03
   -1.80015371879091057e-01   -6.01940091053999038e-02   -2.99808246197730158e-04
   -1.79978168564155577e-01   -6.01925642943052369e-02    4.08383535256448982e-04
   -1.79941292207690867e-01   -6.01897425735281807e-02    1.11642470245848220e-03
   -1.79903761652502242e-01   -6.01656158190525744e-02    1.82403836010495914e-03
   -1.79866089149232189e-01   -6.01416457939453822e-02    2.53180078497415584e-03
   -1.79828571444569402e-01   -6.01121605673927764e-02    3.23914412028350734e-03
   -1.79791028287155680e-01   -6.00625889390271547e-02    3.94548715992174351e-03
   -1.79753311046019520e-01   -6.00163124948177445e-02    4.65212890878677603e-03
   -1.79716067014155712e-01   -5.99593811149890521e-02    5.35777144611554023e-03
   -1.79679253549568402e-01   -5.98854410507921597e-02    6.06206559814219652e-03
   -1.79641748988964317e-01   -5.98162056848356993e-02    6.76681447963297343e-03
   -1.79604069549593792e-01   -5.97315710368621841e-02    7.46964406906577144e-03
   -1.79566542835173926e-01   -5.96343134113126935e-02    8.17109089755406644e-03
   -1.79528951854647317e-01   -5.95410523413117954e-02    8.87301710853283937e-03
   -1.79491242355865749e-01   -5.94294036785739457e-02    9.57209290820973391e-03
   -1.79453967057184388e-01   -5.93102087164297798e-02    1.02701762570903150e-02
   -1.79417131802447199e-01   -5.91918453809445327e-02    1.09682957947296704e-02
   -1.79379679451404206e-01   -5.90530691196132079e-02    1.16625575559718125e-02
   -1.79342008073152065e-01   -5.89122237847075764e-02    1.23565823381142637e-02
   -1.79304476438484933e-01   -5.87685066263339342e-02    1.30498261390551828e-02
   -1.79266906226140582e-01   -5.86035913261131330e-02    1.37383993685554727e-02
   -1.79229185759317011e-01   -5.84408378049634872e-02    1.44276089341211968e-02
   -1.79191853226916359e-01   -5.82707564033876774e-02    1.51148169490065796e-02
   -1.79155034262614560e-01   -5.80815921768529642e-02    1.57972264265820901e-02
   -1.79117638482840014e-01   -5.78966063711680926e-02    1.64808012575582974e-02
   -1.79079964211149745e-01   -5.76996814956527090e-02    1.71607672654688938e-02
   -1.79042407117736724e-01   -5.74881724189007515e-02    1.78365824847755844e-02
   -1.79004822548774339e-01   -5.72810330160081482e-02    1.85137318275379707e-02
   -1.78967112795462346e-01   -5.70573831053286032e-02    1.91853856860395092e-02
   -1.78929773317278357e-01   -5.68237836186314405e-02    1.98539258618820463e-02
   -1.78892976860341779e-01   -5.65932492002346882e-02    2.05234657792289221e-02
   -1.78855583658062173e-01   -5.63435894564282003e-02    2.11859492793092380e-02
   -1.78817871910264159e-01   -5.60889496858181236e-02    2.18467531429653895e-02
   -1.78780325135887347e-01   -5.58342644439805622e-02    2.25073793234381418e-02
   -1.78742784548545391e-01   -5.55595778965393278e-02    2.31599365995800582e-02
   -1.78705094246880219e-01   -5.52843629513944668e-02    2.38124412610731077e-02
   -1.78667697178332363e-01   -5.50048624945120232e-02    2.44629032934118827e-02
   -1.78630876466280092e-01   -5.47065663537331867e-02    2.51051179026902382e-02
   -1.78593541320373972e-01   -5.44111969112353461e-02    2.57487597988768808e-02
   -1.78555848228261455e-01   -5.41069220997058217e-02    2.63879436738923695e-02
   -1.78518290835238125e-01   -5.37864628427746211e-02    2.70194035759940450e-02
   -1.78480751021563244e-01   -5.34702430636272916e-02    2.76530250158383943e-02
   -1.78443034425105257e-01   -5.31408522879486950e-02    2.82796228022291068e-02
   -1.78405574880411560e-01   -5.27996812839001614e-02    2.89001798347521127e-02
   -1.78368777425721770e-01   -5.24626187359734167e-02    2.95229653299265184e-02
   -1.78331463357579434e-01   -5.21089477355951153e-02    3.01362313033870753e-02
   -1.78293750414187741e-01   -5.17481741070020956e-02    3.07456111073718258e-02
   -1.78256213689681114e-01   -5.13893893276102312e-02    3.13560326060648015e-02
   -1.78218659723423628e-01   -5.10117357313469091e-02    3.19548694482435225e-02
   -1.78180954140511771e-01   -5.06315808313348437e-02    3.25523548037064889e-02
   -1.78143489660144733e-01   -5.02505449911199095e-02    3.31490728726436604e-02
   -1.78106670717387311e-01   -4.98514479394838034e-02    3.37339619450321634e-02
   -1.78069403440003826e-01   -4.94531697020860819e-02    3.43195441533398274e-02
   -1.78031707110307968e-01   -4.90494603217880368e-02    3.49010867163748253e-02
   -1.77994151380307469e-01   -4.86297964095983373e-02    3.54714191794210792e-02
   -1.77956566318597909e-01   -4.82129073180046289e-02    3.60438583313620262e-02
   -1.77918989434525776e-01   -4.77866657951129190e-02    3.66090721241173409e-02
   -1.77881395617685428e-01   -4.73479814002376945e-02    3.71649555992572614e-02
   -1.77843741714758696e-01   -4.69126860501172110e-02    3.77234894544005370e-02
   -1.77806674166352263e-01   -4.64642395330040342e-02    3.82712828606182817e-02
   -1.77769725517296501e-01   -4.60071710060880948e-02    3.88122317827527263e-02
   -1.77732112543155019e-01   -4.55531851299970786e-02    3.93556262359381417e-02
   -1.77694465663828294e-01   -4.50840666662936096e-02    3.98858263778373648e-02
   -1.77656926225030737e-01   -4.46102639021000863e-02    4.04121595383687138e-02
   -1.77619323966291626e-01   -4.41369403808079819e-02    4.09387187957627116e-02
   -1.77581662126202244e-01   -4.36478256164450698e-02    4.14506059054174925e-02
   -1.77544564961629098e-01   -4.31577387096701431e-02    4.19618452877493844e-02
   -1.77507639775859205e-01   -4.26649213580764450e-02    4.24701741482287412e-02
   -1.77470041843910437e-01   -4.21572847293292183e-02    4.29637891740285924e-02
   -1.77432384288915390e-01   -4.16513774149548169e-02    4.34593247608971583e-02
   -1.77394849401611432e-01   -4.11392078365260885e-02    4.39480385141096525e-02
   -1.77357266831064286e-01   -4.06145090937375941e-02    4.44235538947586814e-02
   -1.77319614056146491e-01   -4.00931868440363298e-02    4.49028133428296325e-02
   -1.77282481311307610e-01   -3.95625993572750120e-02    4.53714749674204443e-02
   -1.77245570772255140e-01   -3.90223861841794903e-02    4.58294003117391061e-02
   -1.77208004035215305e-01   -3.84849411355027288e-02    4.62904572220062330e-02
   -1.77170363007075754e-01   -3.79360825028716847e-02    4.67375747204003475e-02
   -1.77132832529307005e-01   -3.73814430369830974e-02    4.71778889976309443e-02
   -1.77095219090733835e-01   -3.68283506459500115e-02    4.76199703407757455e-02
   -1.77057522738901268e-01   -3.62628042237386969e-02    4.80458518454744896e-02
   -1.77020348626159479e-01   -3.56945614048342838e-02    4.84685097965877401e-02
   -1.76983479573389724e-01   -3.51255321107052446e-02    4.88898515015573354e-02
   -1.76945948690055782e-01   -3.45444258988939282e-02    4.92943573775447355e-02
   -1.76908287237620560e-01   -3.39631716961463215e-02    4.96988897867058632e-02
   -1.76870765411657666e-01   -3.33783405253423870e-02    5.00978534884250690e-02
   -1.76833199001746960e-01   -3.27827300521371795e-02    5.04807785475298934e-02
   -1.76795471176389357e-01   -3.21892123811265557e-02    5.08670609678797195e-02
   -1.76758228006507007e-01   -3.15897914204878449e-02    5.12437089033992640e-02
   -1.76721398259882367e-01   -3.09814046011488708e-02    5.16061584114202304e-02
   -1.76683920221368918e-01   -3.03753609209513088e-02    5.19724511410344855e-02
   -1.76646228911720271e-01   -2.97614696784940548e-02    5.23249765132858466e-02
   -1.76608659185361144e-01   -2.91415510839581338e-02    5.26673037994981330e-02
   -1.76571091930557283e-01   -2.85234077103468479e-02    5.30126916403362639e-02
   -1.76533403160271191e-01   -2.78960630113539755e-02    5.33407385967387820e-02
   -1.76496148517566037e-01   -2.72654528416179445e-02    5.36630109819732290e-02
   -1.76459315548358281e-01   -2.66355502658405206e-02    5.39864217189430506e-02
   -1.76421847796302600e-01   -2.59963948450498208e-02    5.42909631820081770e-02
   -1.76384157395464258e-01   -2.53561497674234908e-02    5.45936085189598561e-02
   -1.76346612563934829e-01   -2.47145168846598200e-02    5.48928424207923288e-02
   -1.76309069342055952e-01   -2.40642486857122403e-02    5.51730093480128289e-02
   -1.76271377541104085e-01   -2.34147374492282845e-02    5.54552031663620437e-02
   -1.76234069092528450e-01   -2.27620844441019064e-02    5.57294767248980097e-02
   -1.76197230989433407e-01   -2.21022312087868489e-02    5.59865038153148434e-02
   -1.76159779243394210e-01   -2.14442251364760535e-02    5.62482691474546007e-02
   -1.76122085870989653e-01   -2.07814677859306934e-02    5.64969994769404377e-02
   -1.76084549567634252e-01   -2.01132962477581605e-02    5.67315698888008688e-02
   -1.76046999531416504e-01   -1.94469658995412992e-02    5.69712359911972721e-02
   -1.76009310744189795e-01   -1.87749389602953516e-02    5.71937549420693525e-02
   -1.75971971218699869e-01   -1.80995598802787226e-02    5.74067937777908988e-02
   -1.75935135900319561e-01   -1.74252153784144118e-02    5.76228414208945980e-02
   -1.75897732198208395e-01   -1.67449492230426385e-02    5.78189521739887191e-02
   -1.75860030284261865e-01   -1.60631683348766811e-02    5.80104669660969213e-02
   -1.75822478220791917e-01   -1.53814228315558230e-02    5.82015320220196850e-02
   -1.75784955422543965e-01   -1.46943189858836365e-02    5.83723695172080406e-02
   -1.75747244946975689e-01   -1.40070073042766457e-02    5.85429704223678626e-02
   -1.75709839483309677e-01   -1.33185411741576012e-02    5.87079802074501125e-02
   -1.75673043927916744e-01   -1.26255221273494558e-02    5.88534297880364890e-02
   -1.75635678671120288e-01   -1.19331445896951622e-02    5.90021816944004129e-02
   -1.75597990640294244e-01   -1.12388363703128675e-02    5.91402805432358139e-02
   -1.75560458540578834e-01   -1.05411128917994226e-02    5.92612216155196658e-02
   -1.75522867838300345e-01   -9.84422961201868174e-03    5.93869620657617378e-02
   -1.75485289560776164e-01   -9.14505386644904293e-03    5.94978505649349024e-02
   -1.75447670640534986e-01   -8.44379469539066271e-03    5.95964066293530395e-02
   -1.75410048463096657e-01   -7.74316104772718172e-03    5.96989409265467966e-02
   -1.75373054924920224e-01   -7.04013827621246049e-03    5.97824638691697580e-02
   -1.75336022697893917e-01   -6.33602981383536365e-03    5.98584860637590005e-02
   -1.75298377439158021e-01   -5.63224333169041590e-03    5.99359913953657550e-02
   -1.75260784583982421e-01   -4.92650523620599082e-03    5.99923369453344291e-02
   -1.75223251335161506e-01   -4.22038568631752809e-03    6.00463467321151051e-02
   -1.75185600144613429e-01   -3.51426727306912694e-03    6.00976310243069994e-02
   -1.75147946461707033e-01   -2.80683881142316247e-03    6.01270918176430025e-02
   -1.75110954101411670e-01   -2.09933820596428910e-03    6.01585646679662009e-02
   -1.75073976729330782e-01   -1.39179224976623134e-03    6.01830252866101326e-02
   -1.75036317931518026e-01   -6.83716330656810212e-04    6.01882072429211004e-02
   -1.74998701932301132e-01    2.43821430608417964e-05    6.01968616645372143e-02
   -1.74961178324508498e-01    7.32291133718729922e-04    6.01930035608190042e-02
   -1.74923551287986423e-01    1.44017967236802777e-03    6.01743970141844567e-02
   -1.74885898325121192e-01    2.14816787206675679e-03    6.01605613603540812e-02
   -1.74848870974636444e-01    2.85540014944248152e-03    6.01289016931514653e-02
   -1.74811931389633690e-01    3.56233925117983331e-03    6.00866730025620410e-02
   -1.74774303790592334e-01    4.26937959315617458e-03    6.00483907193935101e-02
   -1.74736639292013524e-01    4.97485866597427787e-03    5.99893481828324554e-02
   -1.74699106335384463e-01    5.68006386287313748e-03    5.99245183446381890e-02
   -1.74661523793039453e-01    6.38514278657301496e-03    5.98600469563401461e-02
   -1.74623842344757418e-01    7.08799936540844937e-03    5.97748062986636769e-02
   -1.74586758913465007e-01    7.79091093864217512e-03    5.96884230148736206e-02
   -1.74549836429123084e-01    8.49301869040649214e-03    5.95972617096707444e-02
   -1.74512209959380743e-01    9.19233253970308875e-03    5.94862789939401074e-02
   -1.74474567616942633e-01    9.89210987889622105e-03    5.93776376000420270e-02
   -1.74437073092241962e-01    1.05900785313187331e-02    5.92592889013583979e-02
   -1.74399495034331165e-01    1.12851166854581186e-02    5.91238291356427151e-02
   -1.74361771375973251e-01    1.19810198493441513e-02    5.89927826204425798e-02
   -1.74324625886104811e-01    1.26738759944489878e-02    5.88474451675746468e-02
   -1.74287737293238709e-01    1.33641657947620000e-02    5.86892429331560342e-02
   -1.74250153575367078e-01    1.40553433180376185e-02    5.85353235322420146e-02
   -1.74212493445851990e-01    1.47418694221604120e-02    5.83626038858629168e-02
   -1.74174981650070504e-01    1.54266293899152640e-02    5.81820003676049580e-02
   -1.74137421957198779e-01    1.61119709065103769e-02    5.80040983262495036e-02
   -1.74099722455830885e-01    1.67913653685886448e-02    5.78050112240936567e-02
   -1.74062540322342751e-01    1.74701347741928956e-02    5.76029597963860981e-02
   -1.74025663355555471e-01    1.81483208322945032e-02    5.73995757819832572e-02
   -1.73988124613132400e-01    1.88197616326231457e-02    5.71748877636636260e-02
   -1.73950447280900061e-01    1.94917506543343874e-02    5.69514332289846048e-02
   -1.73912911621927513e-01    2.01615672869288644e-02    5.67222363902703808e-02
   -1.73875358256771279e-01    2.08249837809604127e-02    5.64747022826396494e-02
   -1.73837640216976175e-01    2.14897842985129518e-02    5.62307252305393399e-02
   -1.73800429071494289e-01    2.21499411050303137e-02    5.59750859139355392e-02
   -1.73763597081801308e-01    2.28041979721753350e-02    5.57040502980746047e-02
   -1.73726061013929345e-01    2.34604570287821508e-02    5.54380238471912645e-02
   -1.73688387658199717e-01    2.41103744434102846e-02    5.51574026454587155e-02
   -1.73650870630427584e-01    2.47558976567242746e-02    5.48662024871341969e-02
   -1.73613296386065347e-01    2.54025032901319531e-02    5.45776084316650784e-02
   -1.73575598174523588e-01    2.60405414227019086e-02    5.42708708895090486e-02
   -1.73538352037256816e-01    2.66763696172674404e-02    5.39590098013315381e-02
   -1.73501502699390381e-01    2.73124689256044016e-02    5.36479863646516508e-02
   -1.73464022593609102e-01    2.79383774607636325e-02    5.33170663015665527e-02
   -1.73426340320657957e-01    2.85639313903366908e-02    5.29851169219418411e-02
   -1.73388795551300184e-01    2.91877436401022268e-02    5.26503321547370992e-02
   -1.73351236717456697e-01    2.98014397602680212e-02    5.22971632905158204e-02
   -1.73313523991044743e-01    3.04164703277349339e-02    5.19461175545163148e-02
   -1.73276232215519299e-01    3.10267272234168515e-02    5.15872824207507935e-02
   -1.73239416045542993e-01    3.16275430395624099e-02    5.12124481288871169e-02
   -1.73201962519535374e-01    3.22307463786733403e-02    5.08414664473613234e-02
   -1.73164273700407545e-01    3.28263811833101882e-02    5.04589100374111046e-02
   -1.73126717698163735e-01    3.34146753592733728e-02    5.00647252789080330e-02
   -1.73089147060283194e-01    3.40056604008421581e-02    4.96746424634897168e-02
   -1.73051595967834065e-01    3.45859105751924190e-02    4.92691048153355224e-02
   -1.73013940685036421e-01    3.51607466675493280e-02    4.88555060901308888e-02
   -1.72976338212886438e-01    3.57370982285109134e-02    4.84442061873253671e-02
   -1.72939437653605282e-01    3.63014623837454517e-02    4.80166926390321255e-02
   -1.72902359681734036e-01    3.68634269176801310e-02    4.75857123652978359e-02
   -1.72864688250466636e-01    3.74243135235996782e-02    4.71536584019554908e-02
   -1.72827075152363341e-01    3.79721463103991075e-02    4.67051277360275019e-02
   -1.72789555509459625e-01    3.85201571442896698e-02    4.62565776450152913e-02
   -1.72751915765916669e-01    3.90640523245844307e-02    4.58034002580218549e-02
   -1.72714270443265067e-01    3.95953271337854615e-02    4.53352947832852751e-02
   -1.72677350359621951e-01    4.01290398886895716e-02    4.48697919508960416e-02
   -1.72640296507307056e-01    4.06549898199274895e-02    4.43959165371885858e-02
   -1.72602597114577705e-01    4.11697939310557148e-02    4.39096927595744035e-02
   -1.72564998260261615e-01    4.16882396871447111e-02    4.34273336386764089e-02
   -1.72527486501115601e-01    4.21953188027150497e-02    4.29333619262014868e-02
   -1.72489847946142055e-01    4.26937196317346071e-02    4.24302879562121274e-02
   -1.72452200777694381e-01    4.31949364558184487e-02    4.19301181346906776e-02
   -1.72415249518121289e-01    4.36824265323845079e-02    4.14167137880278938e-02
   -1.72378229219385559e-01    4.41649149734551147e-02    4.08982984918163303e-02
   -1.72340547519175907e-01    4.46478400439798973e-02    4.03805212537737823e-02
   -1.72302936019638420e-01    4.51151787527200587e-02    3.98486877554654825e-02
   -1.72265416652693820e-01    4.55813849975353694e-02    3.93156088390117925e-02
   -1.72227786871267996e-01    4.60448404313182208e-02    3.87804139521038607e-02
   -1.72190131628367160e-01    4.64917527885325421e-02    3.82312310928981242e-02
   -1.72153133533129332e-01    4.69409627510967847e-02    3.76837265813206798e-02
   -1.72116130383536320e-01    4.73837735284597314e-02    3.71313513126293807e-02
   -1.72078472788768977e-01    4.78112391794401764e-02    3.65668301677401636e-02
   -1.72040885887929429e-01    4.82422636926313209e-02    3.60049634259381815e-02
   -1.72003371514312720e-01    4.86628811676168907e-02    3.54355549595948491e-02
   -1.71965731082165840e-01    4.90717039724411358e-02    3.48573471940661697e-02
   -1.71928074078682547e-01    4.94840396456104406e-02    3.42816678417172255e-02
   -1.71891033758150236e-01    4.98816687696220090e-02    3.36959345336080643e-02
   -1.71854064849392418e-01    5.02712079746748738e-02    3.31044945385580228e-02
   -1.71816458310808384e-01    5.06632978996224143e-02    3.25148954693391459e-02
   -1.71778831267256488e-01    5.10383402113329179e-02    3.19144379511919207e-02
   -1.71741281283904562e-01    5.14092605619908063e-02    3.13111670741170120e-02
   -1.71703654882913864e-01    5.17792431810331841e-02    3.07075201891429291e-02
   -1.71666006043728309e-01    5.21306834481673614e-02    3.00928867358030185e-02
   -1.71628950325767443e-01    5.24823847224923368e-02    2.94781859781670166e-02
   -1.71592002824572987e-01    5.28295199525588705e-02    2.88611416773105305e-02
   -1.71554380128035644e-01    5.31587966509796742e-02    2.82342886564435520e-02
   -1.71516741641532272e-01    5.34915755523260664e-02    2.76091829948911412e-02
   -1.71479221294928791e-01    5.38146686321992335e-02    2.69793039600606382e-02
   -1.71441617296462429e-01    5.41217756850617959e-02    2.63412384483046186e-02
   -1.71403922673725673e-01    5.44338782052334116e-02    2.57055863289482080e-02
   -1.71366830911715173e-01    5.47315354720623731e-02    2.50632813024127474e-02
   -1.71329950043564855e-01    5.50172316773901854e-02    2.44152697051247952e-02
   -1.71292360998692245e-01    5.53076269168908188e-02    2.37694544218100684e-02
   -1.71254708711199161e-01    5.55802716333550148e-02    2.31161374331280665e-02
   -1.71217183797108763e-01    5.58455975217451508e-02    2.24595416085916037e-02
   -1.71179587853017845e-01    5.61125427512016509e-02    2.18037457394426697e-02
   -1.71141882532010320e-01    5.63596474418703863e-02    2.11402926466236867e-02
   -1.71104727851196486e-01    5.66042750436589956e-02    2.04756849044461196e-02
   -1.71067848987270649e-01    5.68466528834351281e-02    1.98104395149138503e-02
   -1.71030295720602715e-01    5.70690827278406559e-02    1.91382401406711006e-02
   -1.70992635203802618e-01    5.72930166322895146e-02    1.84664100954125034e-02
   -1.70955103483017429e-01    5.75097285756794516e-02    1.77924569351170757e-02
   -1.70917522851257581e-01    5.77078597781917543e-02    1.71126429980011617e-02
   -1.70879819039074760e-01    5.79098257827624641e-02    1.64339098949998520e-02
   -1.70842624685970640e-01    5.81002194470408642e-02    1.57520540050102367e-02
   -1.70805759191299644e-01    5.82759638688586518e-02    1.50660342801075021e-02
   -1.70768225931771545e-01    5.84555417295469504e-02    1.43810556047380064e-02
   -1.70730570685857425e-01    5.86183965058550138e-02    1.36921263040343071e-02
   -1.70693044347102557e-01    5.87710775936650109e-02    1.30006181596310777e-02
   -1.70655447479734296e-01    5.89270889775017070e-02    1.23099413577953693e-02
   -1.70617736945695014e-01    5.90634972678431291e-02    1.16152596043026905e-02
   -1.70580512225923797e-01    5.91946699366792048e-02    1.09193203714260494e-02
   -1.70543666167955466e-01    5.93258396192362092e-02    1.02235168173895226e-02
   -1.70506162336323375e-01    5.94355803685733264e-02    9.52406114244896268e-03
   -1.70468498947834224e-01    5.95445894774972173e-02    8.82432838680843531e-03
   -1.70430949001263821e-01    5.96491673383327675e-02    8.12413081012637942e-03
   -1.70393356377311567e-01    5.97332338100477964e-02    7.42107223824690476e-03
   -1.70355818849503904e-01    5.98200872535847722e-02    6.71824786786196556e-03
   -1.70318186426199641e-01    5.98971849051654973e-02    6.01454134021017078e-03
   -1.70280629960098268e-01    5.99566410874787514e-02    5.30892421967572858e-03
   -1.70243724689393916e-01    6.00215000172650073e-02    4.60371790018959410e-03
   -1.70206576526712394e-01    6.00714375641578369e-02    3.89755732301780029e-03
   -1.70168918470026159e-01    6.01072281578965140e-02    3.19031121528474916e-03
   -1.70131325762279351e-01    6.01476138578804220e-02    2.48335749389905040e-03
   -1.70093780698732849e-01    6.01694929657147146e-02    1.77576547421203932e-03
   -1.70056102263081543e-01    6.01828450020427952e-02    1.06772695109728249e-03
   -1.70018503398042531e-01    6.01983777067454998e-02    3.59843330720580686e-04
   -1.69981637933673019e-01    6.01929924457881502e-02   -3.48149763308526808e-04
   -1.69944524218542697e-01    6.01842299637241687e-02   -1.05629573734658077e-03
   -1.69906803723248734e-01    6.01737705713472487e-02   -1.76420740724578858e-03
   -1.69869220312593050e-01    6.01420267734848746e-02   -2.47153001889734332e-03
   -1.69831717401550036e-01    6.01112162998635527e-02   -3.17903549420496447e-03
   -1.69794071048347567e-01    6.00738664159482516e-02   -3.88599078492212705e-03
   -1.69756449465536779e-01    6.00168558177196360e-02   -4.59177955664074461e-03
   -1.69719544457107602e-01    5.99630358983938710e-02   -5.29792424311552670e-03
   -1.69682474873413230e-01    5.98975816676878756e-02   -6.00283747123256817e-03
   -1.69644766120635171e-01    5.98165203864566772e-02   -6.70630533908878924e-03
   -1.69607136142066850e-01    5.97401844357916198e-02   -7.41030640273052880e-03
   -1.69569635311626804e-01    5.96474699701745603e-02   -8.11212730208807006e-03
   -1.69532032466675142e-01    5.95433854596960146e-02   -8.81259615521980122e-03
   -1.69494392543335870e-01    5.94428842826784307e-02   -9.51351206470765591e-03
   -1.69457442491770027e-01    5.93225021496460239e-02   -1.02111784630224585e-02
   -1.69420408151289947e-01    5.91963488090740883e-02   -1.09080567123392130e-02
   -1.69382733232215199e-01    5.90712785065059948e-02   -1.16049466176503576e-02
   -1.69345121499852952e-01    5.89240897036794956e-02   -1.22974711633202748e-02
   -1.69307582911459309e-01    5.87757632314286210e-02   -1.29899471222998854e-02
   -1.69269935795917453e-01    5.86242512548044853e-02   -1.36815077655810455e-02
   -1.69232293329937056e-01    5.84518605623280674e-02   -1.43682574580420528e-02
   -1.69195314709121053e-01    5.82823397884932246e-02   -1.50558724462612724e-02
   -1.69158324214556927e-01    5.81043390994152656e-02   -1.57410809681471017e-02
   -1.69120691127791961e-01    5.79080465064266692e-02   -1.64214404149366465e-02
   -1.69083050761284326e-01    5.77165066657353010e-02   -1.71031892713706529e-02
   -1.69045508282767709e-01    5.75119269435141606e-02   -1.77808950197563612e-02
   -1.69007898290651187e-01    5.72932297163004714e-02   -1.84544249980985453e-02
   -1.68970249649184723e-01    5.70783632766453317e-02   -1.91291451204697455e-02
   -1.68933235305179980e-01    5.68470587429575624e-02   -1.97982563255227027e-02
   -1.68896256091681130e-01    5.66069686337782180e-02   -2.04645108111671976e-02
   -1.68858612068205072e-01    5.63688117337476924e-02   -2.11313165112221001e-02
   -1.68820989553431194e-01    5.61120664779974077e-02   -2.17910933716353207e-02
   -1.68783462044617638e-01    5.58511099067494562e-02   -2.24494344179130521e-02
   -1.68745838533377851e-01    5.55886725354560671e-02   -2.31070045580032343e-02
   -1.68708171603860480e-01    5.53070516314645849e-02   -2.37566085003424257e-02
   -1.68671141758436144e-01    5.50253049110640755e-02   -2.44063514288355467e-02
   -1.68634211836714620e-01    5.47380849953204365e-02   -2.50534633837737088e-02
   -1.68596578658256585e-01    5.44332286451229344e-02   -2.56925535531788464e-02
   -1.68558934799799526e-01    5.41315603420097491e-02   -2.63332447301526627e-02
   -1.68521407101718090e-01    5.38197905130364390e-02   -2.69688114358355643e-02
   -1.68483789351204477e-01    5.34927668759279662e-02   -2.75969027495225130e-02
   -1.68446082308723877e-01    5.31700877162666827e-02   -2.82272424305951702e-02
   -1.68408998859650383e-01    5.28332044372889775e-02   -2.88498818208779186e-02
   -1.68372113886391478e-01    5.24855206526082738e-02   -2.94668546090867886e-02
   -1.68334530231132040e-01    5.21418743838251361e-02   -3.00859715965382350e-02
   -1.68296880243429703e-01    5.17812359661917118e-02   -3.06951575266100479e-02
   -1.68259353839288417e-01    5.14142276996140402e-02   -3.13008153104216633e-02
   -1.68221760368770262e-01    5.10484339112715485e-02   -3.19070437571591578e-02
   -1.68184043969705127e-01    5.06644710757207795e-02   -3.25018661013557544e-02
   -1.68146923210572313e-01    5.02787572918872439e-02   -3.30958100105340006e-02
   -1.68110065257019936e-01    4.98909688905450066e-02   -3.36881889003362300e-02
   -1.68072480278038339e-01    4.94857352991065480e-02   -3.42688097692076393e-02
   -1.68034804980124158e-01    4.90812159431365455e-02   -3.48500660595965281e-02
   -1.67997246064938655e-01    4.86702868655928059e-02   -3.54265371256699962e-02
   -1.67959667630122822e-01    4.82448048083234382e-02   -3.59925495936450693e-02
   -1.67922086829988021e-01    4.78224206475881819e-02   -3.65609422054807912e-02
   -1.67884418540078295e-01    4.73895099960950361e-02   -3.71210510503599059e-02
   -1.67846979470992697e-01    4.69448502842988308e-02   -3.76721873280175951e-02
   -1.67810132764119435e-01    4.65039428288166884e-02   -3.82263447542888490e-02
   -1.67772856018298333e-01    4.60494457541510901e-02   -3.87691178906230879e-02
   -1.67735151165249702e-01    4.55870517541323156e-02   -3.93054784467713123e-02
   -1.67697588883385346e-01    4.51270447710869424e-02   -3.98437729075001440e-02
   -1.67660049655126708e-01    4.46516166142642765e-02   -4.03683458988589802e-02
   -1.67622387623520719e-01    4.41725976067742221e-02   -4.08899251851706919e-02
   -1.67584899305611351e-01    4.36936793864626388e-02   -4.14113931983283445e-02
   -1.67548024965276932e-01    4.31991020766098258e-02   -4.19180809490959511e-02
   -1.67510792797461422e-01    4.27039176210675317e-02   -4.24243714852240231e-02
   -1.67473093973643877e-01    4.22052349000621788e-02   -4.29268796788223952e-02
   -1.67435516421111708e-01    4.16924979659306777e-02   -4.34152128989771444e-02
   -1.67398015108232212e-01    4.11815537972180928e-02   -4.39055548094287873e-02
   -1.67360351944075669e-01    4.06637484143863234e-02   -4.43882857795964217e-02
   -1.67322773797733998e-01    4.01342574642008579e-02   -4.48584692370972843e-02
   -1.67285915990162820e-01    3.96075175217975861e-02   -4.53318139738037099e-02
   -1.67248757663741560e-01    3.90712796727299833e-02   -4.57940172911489515e-02
   -1.67211052526293008e-01    3.85267548808231053e-02   -4.62467401429842093e-02
   -1.67173449375840194e-01    3.79845966077638833e-02   -4.67022265170317016e-02
   -1.67135922452593372e-01    3.74307418192676294e-02   -4.71431653433569409e-02
   -1.67098256689548669e-01    3.68717781566471614e-02   -4.75779695563798150e-02
   -1.67060665684710313e-01    3.63137271299596165e-02   -4.80137566000391619e-02
   -1.67023807888459275e-01    3.57433763175498478e-02   -4.84332773144894591e-02
   -1.66986684548952963e-01    3.51712227111218717e-02   -4.88506361257314628e-02
   -1.66948979748934717e-01    3.45975451823868699e-02   -4.92655234624952490e-02
   -1.66911414815662518e-01    3.40114986819355161e-02   -4.96628568071980636e-02
   -1.66873905554597191e-01    3.34263025725859905e-02   -5.00616774528221606e-02
   -1.66836247187703846e-01    3.28373289441092828e-02   -5.04544608353323168e-02
   -1.66798633349326569e-01    3.22376293521396545e-02   -5.08309691100162983e-02
   -1.66761703893362950e-01    3.16400382360640803e-02   -5.12109952887528780e-02
   -1.66724608204201097e-01    3.10360255377290159e-02   -5.15802392747023858e-02
   -1.66686933300327467e-01    3.04237970225719849e-02   -5.19360869274853865e-02
   -1.66649324596717219e-01    2.98141564968385092e-02   -5.22963310695859843e-02
   -1.66611807755111779e-01    2.91964028880209898e-02   -5.26420682308889887e-02
   -1.66574186235232791e-01    2.85731320211556269e-02   -5.29782602312389578e-02
   -1.66536569176017613e-01    2.79513165140889593e-02   -5.33169626722740930e-02
   -1.66499627842896986e-01    2.73203119578884629e-02   -5.36380224154200391e-02
   -1.66462579308382430e-01    2.66866908755430121e-02   -5.39543684344917923e-02
   -1.66424907998032806e-01    2.60532573360735542e-02   -5.42706767742951804e-02
   -1.66387265613932300e-01    2.54103038918587314e-02   -5.45671221820516333e-02
   -1.66349740470481428e-01    2.47668290707848057e-02   -5.48628467966136915e-02
   -1.66312125129363497e-01    2.41219801333958442e-02   -5.51550580149747019e-02
   -1.66274461424864572e-01    2.34689555371469447e-02   -5.54287532226351368e-02
   -1.66237492795825892e-01    2.28165577397129379e-02   -5.57042914487793500e-02
   -1.66200483737952931e-01    2.21606776410961936e-02   -5.59707993047779753e-02
   -1.66162813884409122e-01    2.14983263089940542e-02   -5.62212140657900525e-02
   -1.66125189799248674e-01    2.08375891456373322e-02   -5.64759545408322003e-02
   -1.66087680176390556e-01    2.01719358289201602e-02   -5.67168824619475320e-02
   -1.66050082388744052e-01    1.95015346350968510e-02   -5.69449983487746517e-02
   -1.66012429518252014e-01    1.88326973705779110e-02   -5.71775282247136765e-02
   -1.65975403893534129e-01    1.81580965021493693e-02   -5.73922668794964799e-02
   -1.65938401875548480e-01    1.74806211859976114e-02   -5.75986121823687872e-02
   -1.65900765615625112e-01    1.68039114212582760e-02   -5.78069469645187545e-02
   -1.65863139430807854e-01    1.61213664830258153e-02   -5.79949761079542256e-02
   -1.65825627408687670e-01    1.54378212114547591e-02   -5.81801362822026019e-02
   -1.65788036648116727e-01    1.47541313913579549e-02   -5.83640547765681625e-02
   -1.65750364106274417e-01    1.40650325238097767e-02   -5.85266734849494014e-02
   -1.65713322959985976e-01    1.33759253064887704e-02   -5.86900228114873648e-02
   -1.65676368761386722e-01    1.26856126573539930e-02   -5.88471863427764488e-02
   -1.65638736609847625e-01    1.19911165706742436e-02   -5.89852434677382922e-02
   -1.65601108034042210e-01    1.12973106844034537e-02   -5.91271014437146011e-02
   -1.65563586316366612e-01    1.06014433508845700e-02   -5.92571296129183120e-02
   -1.65525978146943337e-01    9.90253931977362611e-03   -5.93710752630759453e-02
   -1.65488301942819577e-01    9.20455448383629762e-03   -5.94905175043918405e-02
   -1.65451200976174995e-01    8.50411470024225666e-03   -5.95932133162115490e-02
   -1.65414244569027452e-01    7.80178174468664810e-03   -5.96841654990320075e-02
   -1.65376651074829906e-01    7.10013561673227163e-03   -5.97794680554541921e-02
   -1.65339024779724980e-01    6.39617906374009577e-03   -5.98544247801436891e-02
   -1.65301478518355638e-01    5.69132525590128509e-03   -5.99229481473473879e-02
   -1.65263903758387704e-01    4.98676492444189053e-03   -5.99929807217484470e-02
   -1.65226329734548760e-01    4.28044900062941099e-03   -6.00417637144270155e-02
   -1.65188649005629157e-01    3.57381183561285070e-03   -6.00883384461340167e-02
   -1.65151245583520956e-01    2.86712454825563011e-03   -6.01312182533328757e-02
   -1.65114425587435942e-01    2.15939342997959480e-03   -6.01539829745748600e-02
   -1.65077106312077115e-01    1.45163662489092879e-03   -6.01784073979486703e-02
   -1.65039382890804137e-01    7.43882752865262392e-04   -6.01941364047943253e-02
   -1.65001797899715308e-01    3.57804171492772380e-05   -6.01920934399097773e-02
   -1.64964277465424497e-01   -6.72370565277230123e-04   -6.01939091333152376e-02
   -1.64926602673690581e-01   -1.38016874478546223e-03   -6.01815780757854121e-02
   -1.64889129814750984e-01   -2.08782723592137141e-03   -6.01552213381314690e-02
   -1.64852305212529415e-01   -2.79566900093051194e-03   -6.01340998532674115e-02
   -1.64815009854119177e-01   -3.50249554872131838e-03   -6.00945495146652173e-02
   -1.64777301206357807e-01   -4.20893834824675149e-03   -6.00452015076772747e-02
   -1.64739773825431729e-01   -4.91547894190884696e-03   -5.99987259120476693e-02
   -1.64702221195727055e-01   -5.62025439632329957e-03   -5.99315766612962125e-02
   -1.64664523010189301e-01   -6.32480217306575099e-03   -5.98600633231962734e-02
   -1.64627042453236089e-01   -7.02912560117182738e-03   -5.97878722645556540e-02
   -1.64590208987563213e-01   -7.73106036189734943e-03   -5.96949176092637021e-02
   -1.64552992979836887e-01   -8.43312184481069711e-03   -5.96018985057667622e-02
   -1.64515294136107937e-01   -9.13406874657606005e-03   -5.95026196592176523e-02
   -1.64477690035170238e-01   -9.83203150522690868e-03   -5.93833507406156327e-02
   -1.64440150515358680e-01   -1.05307687117508816e-02   -5.92681843199451205e-02
   -1.64402482683322054e-01   -1.12274102660746885e-02   -5.91423960294474096e-02
   -1.64364957615876911e-01   -1.19210040159527363e-02   -5.89996434636094608e-02
   -1.64328126961812870e-01   -1.26156289687042074e-02   -5.88617439832499131e-02
   -1.64290926543455229e-01   -1.33066453102057402e-02   -5.87079562403553454e-02
   -1.64253201527968351e-01   -1.39950856105659494e-02   -5.85420366928240885e-02
   -1.64215631452011873e-01   -1.46845993954546564e-02   -5.83808700388736140e-02
   -1.64178089793874826e-01   -1.53690971941167140e-02   -5.82002337017844054e-02
   -1.64140418843327252e-01   -1.60519908140369649e-02   -5.80127111292899136e-02
   -1.64102884666720350e-01   -1.67352976084338377e-02   -5.78271963417389262e-02
   -1.64066015858346154e-01   -1.74124122151540529e-02   -5.76202886599272573e-02
   -1.64028848651707693e-01   -1.80891016016945794e-02   -5.74113842964050561e-02
   -1.63991135760511941e-01   -1.87648841524866265e-02   -5.72003334901464225e-02
   -1.63953548659290016e-01   -1.94340151470665419e-02   -5.69688241442527638e-02
   -1.63916031945941537e-01   -2.01038341852645512e-02   -5.67389248518068087e-02
   -1.63878387050579694e-01   -2.07708570592648606e-02   -5.65017624297188756e-02
   -1.63840811696527755e-01   -2.14314883704507346e-02   -5.62468611281725303e-02
   -1.63803932193219731e-01   -2.20937022689756436e-02   -5.59958578291074940e-02
   -1.63766813559795277e-01   -2.27510486117173776e-02   -5.57330417422110813e-02
   -1.63729097754019753e-01   -2.34028226776893597e-02   -5.54561970875701582e-02
   -1.63691504397519616e-01   -2.40561894752074519e-02   -5.51831673528376254e-02
   -1.63653982411573667e-01   -2.47024933474788433e-02   -5.48942909508332161e-02
   -1.63616336655554556e-01   -2.53448928445520506e-02   -5.45962758894420475e-02
   -1.63578728740095825e-01   -2.59884827523222291e-02   -5.43010488253159104e-02
   -1.63541784325901690e-01   -2.66230913386121849e-02   -5.39871666216635224e-02
   -1.63504712522140577e-01   -2.72556878632860267e-02   -5.36687779212320012e-02
   -1.63467058455901371e-01   -2.78881105456472676e-02   -5.33504664638549467e-02
   -1.63429444927064238e-01   -2.85105684823625076e-02   -5.30130816816840392e-02
   -1.63391901711232301e-01   -2.91329858997349325e-02   -5.26752793574372935e-02
   -1.63354254825594764e-01   -2.97528739046618376e-02   -5.23333128198058758e-02
   -1.63316623711363712e-01   -3.03627332924118545e-02   -5.19735418560030235e-02
   -1.63279695357053750e-01   -3.09739377679846099e-02   -5.16158122088551385e-02
   -1.63242686550991362e-01   -3.15798860963320202e-02   -5.12497095869115654e-02
   -1.63205014137544069e-01   -3.21770904090798240e-02   -5.08692237669028033e-02
   -1.63167368742273527e-01   -3.27766130766765293e-02   -5.04923558282587490e-02
   -1.63129838557523499e-01   -3.33678433496150464e-02   -5.01030061910884769e-02
   -1.63092229481799744e-01   -3.39520288410239610e-02   -4.97027515034660847e-02
   -1.63054576276863178e-01   -3.45383739636692041e-02   -4.93057582435240602e-02
   -1.63017572706809583e-01   -3.51137432153798973e-02   -4.88932509511050759e-02
   -1.62980566708528507e-01   -3.56848260441306603e-02   -4.84744289296574205e-02
   -1.62942928109084451e-01   -3.62570176267194844e-02   -4.80573832743767457e-02
   -1.62905316959115642e-01   -3.68160694874591285e-02   -4.76229965581516923e-02
   -1.62867758030247584e-01   -3.73732680277288482e-02   -4.71859086199779842e-02
   -1.62830189692416999e-01   -3.79292079455414433e-02   -4.67475197636269962e-02
   -1.62792642148914368e-01   -3.84721716849050627e-02   -4.62930826750578631e-02
   -1.62754921914243428e-01   -3.90159415452968061e-02   -4.58394147581826297e-02
   -1.62717568090220588e-01   -3.95546322396017336e-02   -4.53800632278224675e-02
   -1.62680780389736934e-01   -4.00806652602564567e-02   -4.49059888475922542e-02
   -1.62643383172763917e-01   -4.06097925332945392e-02   -4.44353201355389277e-02
   -1.62605682535662932e-01   -4.11302177529962246e-02   -4.39554495881427365e-02
   -1.62568136672425534e-01   -4.16397909803747912e-02   -4.34637195531071760e-02
   -1.62530589029417694e-01   -4.21533830707926174e-02   -4.29762022364578652e-02
   -1.62492879186977829e-01   -4.26548644784351463e-02   -4.24765634072166789e-02
   -1.62455499933792852e-01   -4.31484200692539982e-02   -4.19687051359400667e-02
   -1.62418696345223629e-01   -4.36445223465900048e-02   -4.14634120260021777e-02
   -1.62381304934015314e-01   -4.41255654403870101e-02   -4.09439904470406263e-02
   -1.62343583864571178e-01   -4.46025252437550132e-02   -4.04205287135914748e-02
   -1.62306038063411429e-01   -4.50799728434906830e-02   -3.98977052635441226e-02
   -1.62268491985991220e-01   -4.55412255138155017e-02   -3.93605642992268662e-02
   -1.62230795650414872e-01   -4.60017365081105273e-02   -3.88225753615199648e-02
   -1.62193394091810550e-01   -4.64590930544740641e-02   -3.82821507862733390e-02
   -1.62156591587928639e-01   -4.69007446708418069e-02   -3.77286553148294262e-02
   -1.62119248288610268e-01   -4.73440532426387464e-02   -3.71763972409546312e-02
   -1.62081527821737181e-01   -4.77800798981657601e-02   -3.66186873580839761e-02
   -1.62043979869882060e-01   -4.82023057227282670e-02   -3.60502253592453609e-02
   -1.62006465146024764e-01   -4.86273981349348364e-02   -3.54838651708872937e-02
   -1.61968778075192638e-01   -4.90412142262091483e-02   -3.49094933683563244e-02
   -1.61931314631361178e-01   -4.94442956593597674e-02   -3.43272554123354307e-02
   -1.61894495578735143e-01   -4.98502188884188541e-02   -3.37469968533299081e-02
   -1.61857200503656096e-01   -5.02409867258125017e-02   -3.31566651867318471e-02
   -1.61819487552946117e-01   -5.06248511543442511e-02   -3.25615718400144791e-02
   -1.61781932407550122e-01   -5.10105030262310646e-02   -3.19677520527486131e-02
   -1.61744412490761991e-01   -5.13782682092323723e-02   -3.13627917240100751e-02
   -1.61706718284020640e-01   -5.17432824352217283e-02   -3.07559376278419179e-02
   -1.61669213671656292e-01   -5.21070309743624782e-02   -3.01485233855748845e-02
   -1.61632403261655372e-01   -5.24516902448803196e-02   -2.95299975852664383e-02
   -1.61595160448208486e-01   -5.27971919635703835e-02   -2.89118023324701698e-02
   -1.61557443551140850e-01   -5.31372583141482627e-02   -2.82908918673980443e-02
   -1.61519876433443565e-01   -5.34598149043040149e-02   -2.76605379667523646e-02
   -1.61482350968689264e-01   -5.37857353944681121e-02   -2.70318314479734839e-02
   -1.61444654174254909e-01   -5.41011991071278439e-02   -2.63981012626342375e-02
   -1.61407112666178743e-01   -5.44020304890841175e-02   -2.57570451434497825e-02
   -1.61370303265262860e-01   -5.47075518649428397e-02   -2.51181648584730133e-02
   -1.61333106353260508e-01   -5.49980393744452858e-02   -2.44725800747090799e-02
   -1.61295378162108871e-01   -5.52776726643180727e-02   -2.38219740757277670e-02
   -1.61257790538158252e-01   -5.55608375331928042e-02   -2.31729677691175015e-02
   -1.61220249421502759e-01   -5.58253838969315977e-02   -2.25163124380585514e-02
   -1.61182581897177074e-01   -5.60842126784283773e-02   -2.18571353751527836e-02
   -1.61145055185803160e-01   -5.63442180331193351e-02   -2.11985678745322259e-02
   -1.61108205878715771e-01   -5.65834417222970260e-02   -2.05321739942148154e-02
   -1.61071023276903619e-01   -5.68216613304365972e-02   -1.98652411771096764e-02
   -1.61033309657149210e-01   -5.70569823378551944e-02   -1.91975320841408642e-02
   -1.60995753590246593e-01   -5.72717050314383858e-02   -1.85228177708080081e-02
   -1.60958243849036564e-01   -5.74887015675045188e-02   -1.78487063475312041e-02
   -1.60920563402612765e-01   -5.76975508631596273e-02   -1.71722949253984083e-02
   -1.60882954367329023e-01   -5.78885433375589328e-02   -1.64904317869378134e-02
   -1.60846078894585104e-01   -5.80843059827744063e-02   -1.58098377737168894e-02
   -1.60808955709971280e-01   -5.82666878372669408e-02   -1.51258054077752294e-02
   -1.60771255905987537e-01   -5.84344429053721415e-02   -1.44378211165064919e-02
   -1.60733690377283550e-01   -5.86065852621063185e-02   -1.37509510018650159e-02
   -1.60696157779920884e-01   -5.87621898935974454e-02   -1.30603309484485803e-02
   -1.60658487209046213e-01   -5.89087207124728424e-02   -1.23674966725440556e-02
   -1.60620898665436745e-01   -5.90571081191942904e-02   -1.16751531063498080e-02
   -1.60583993334351027e-01   -5.91849110575627946e-02   -1.09787833064867411e-02
   -1.60546905037118187e-01   -5.93088069833442866e-02   -1.02815065056109135e-02
   -1.60509214214239471e-01   -5.94323648719691719e-02   -9.58436815092322467e-03
   -1.60471595029195335e-01   -5.95345790099190905e-02   -8.88376555800639289e-03
   -1.60434081722388100e-01   -5.96362506929910413e-02   -8.18292309449388834e-03
   -1.60396450316313249e-01   -5.97322499190731590e-02   -7.48150833043278226e-03
   -1.60358800890969821e-01   -5.98089235247929660e-02   -6.77759750993310421e-03
   -1.60321881926536625e-01   -5.98889232676229621e-02   -6.07393459663428496e-03
   -1.60284838602863022e-01   -5.99580850384723377e-02   -5.36937427041789955e-03
   -1.60247131953490218e-01   -6.00103695489279804e-02   -4.66318907088902716e-03
   -1.60209537084508302e-01   -6.00673847068918659e-02   -3.95735158410621263e-03
   -1.60171997156999452e-01   -6.01088136385935709e-02   -3.25065098205248220e-03
   -1.60134422599955556e-01   -6.01377906261662057e-02   -2.54308853985243640e-03
   -1.60096840029812254e-01   -6.01708725987107271e-02   -1.83576546720526867e-03
   -1.60059149356319375e-01   -6.01847317843589927e-02   -1.12796853550252126e-03
   -1.60021869546749934e-01   -6.01912261588898601e-02   -4.19811901535974315e-04
   -1.59985022648701847e-01   -6.01991998473891329e-02    2.88224338431540507e-04
   -1.59947589807615920e-01   -6.01861104524754886e-02    9.96100374153135104e-04
   -1.59909913224796446e-01   -6.01700942034657099e-02    1.70408896432929662e-03
   -1.59872351913803834e-01   -6.01511652565672600e-02    2.41182415343465031e-03
   -1.59834787580772575e-01   -6.01118850792205506e-02    3.11878241636491527e-03
   -1.59797074515449389e-01   -6.00737251328934338e-02    3.82591255859061809e-03
   -1.59759758319391570e-01   -6.00277717647199546e-02    4.53237618584300620e-03
   -1.59722964641682008e-01   -5.99635145997318847e-02    5.23759396929703806e-03
   -1.59685554532263491e-01   -5.99027699299952629e-02    5.94314354286175350e-03
   -1.59647857102810237e-01   -5.98292657909557102e-02    6.64722917627721781e-03
   -1.59610299042773518e-01   -5.97411295419329677e-02    7.34986007099330818e-03
   -1.59572732236190201e-01   -5.96576207092211347e-02    8.05304092068387205e-03
   -1.59535032402648908e-01   -5.95569815383895293e-02    8.75376414772614797e-03
   -1.59497680408724612e-01   -5.94457146400413430e-02    9.45314659327935874e-03
   -1.59460858187179005e-01   -5.93369666964107118e-02    1.01528603395192180e-02
   -1.59423466595169122e-01   -5.92084373609873746e-02    1.08490643547984045e-02
   -1.59385764586985584e-01   -5.90756280474977330e-02    1.15446673097702561e-02
   -1.59348206435776463e-01   -5.89428082920274155e-02    1.22401138156178393e-02
   -1.59310647821828383e-01   -5.87878354870118164e-02    1.29309560278094461e-02
   -1.59272971790211326e-01   -5.86329270224458660e-02    1.36219820044891186e-02
   -1.59235601639859253e-01   -5.84736639850908235e-02    1.43117988590902787e-02
   -1.59198774436218604e-01   -5.82936886770938911e-02    1.49966575633566548e-02
   -1.59161432514192014e-01   -5.81174237243203620e-02    1.56825550251031010e-02
   -1.59123736892122836e-01   -5.79314048610538382e-02    1.63655793003285518e-02
   -1.59086175358226473e-01   -5.77276558773138840e-02    1.70437588182258126e-02
   -1.59048645410409251e-01   -5.75293017611075708e-02    1.77235593440061637e-02
   -1.59010940128188338e-01   -5.73166394422618339e-02    1.83987562034747809e-02
   -1.58973479539598506e-01   -5.70908553898012844e-02    1.90699606708311792e-02
   -1.58936673373149817e-01   -5.68694751572519433e-02    1.97426112855181128e-02
   -1.58899392036295523e-01   -5.66305286830309437e-02    2.04090140331803158e-02
   -1.58861680340419420e-01   -5.63838249043941697e-02    2.10728179105382149e-02
   -1.58824088012359976e-01   -5.61387675615418955e-02    2.17371085468575191e-02
   -1.58786570116559805e-01   -5.58736607557315385e-02    2.23935811664880760e-02
   -1.58748882755482906e-01   -5.56056800810450710e-02    2.30490882067508097e-02
   -1.58711380738494084e-01   -5.53363437442863995e-02    2.37038545635799743e-02
   -1.58674565309354809e-01   -5.50477964172794917e-02    2.43504725171527353e-02
   -1.58637321433828443e-01   -5.47600114683725395e-02    2.49975580042214075e-02
   -1.58599617569897267e-01   -5.44653829779760540e-02    2.56412647007949052e-02
   -1.58562032091159627e-01   -5.41530433419579391e-02    2.62767488193136681e-02
   -1.58524492963494190e-01   -5.38451515357991350e-02    2.69144795642907025e-02
   -1.58486815838310036e-01   -5.35259696896893747e-02    2.75463304601978147e-02
   -1.58449314436245214e-01   -5.31918118984609015e-02    2.81706768075687779e-02
   -1.58412483841869928e-01   -5.28627733524785481e-02    2.87977609054518614e-02
   -1.58375270508044008e-01   -5.25193261089791225e-02    2.94168007537230769e-02
   -1.58337559130599825e-01   -5.21658142129925242e-02    3.00304107464098961e-02
   -1.58299956749479498e-01   -5.18152141531574434e-02    3.06456013910271774e-02
   -1.58262439481292844e-01   -5.14473197739832369e-02    3.12504556142328069e-02
   -1.58224789361432860e-01   -5.10746819787693124e-02    3.18526584042516103e-02
   -1.58187243694954849e-01   -5.07027182260068321e-02    3.24551075003217809e-02
   -1.58150367338834502e-01   -5.03118136557254778e-02    3.30454564813676133e-02
   -1.58113182281537284e-01   -4.99198257567967305e-02    3.36352771154762795e-02
   -1.58075489977344136e-01   -4.95251292906698087e-02    3.42230081360092031e-02
   -1.58037898184687220e-01   -4.91136738075044627e-02    3.47992503356767124e-02
   -1.58000364049346448e-01   -4.87039989042289956e-02    3.53768983405770843e-02
   -1.57962701889671764e-01   -4.82864920875673079e-02    3.59485916704619657e-02
   -1.57925137610887001e-01   -4.78543398297546288e-02    3.65095467540301893e-02
   -1.57888263299890003e-01   -4.74265532913152113e-02    3.70739280639096197e-02
   -1.57851141151668678e-01   -4.69874757905629908e-02    3.76292380820495431e-02
   -1.57813463012278721e-01   -4.65368761071543457e-02    3.81755283031826737e-02
   -1.57775841015965507e-01   -4.60899638471504933e-02    3.87247871562287280e-02
   -1.57738273094919501e-01   -4.56293299490429724e-02    3.92623545260216075e-02
   -1.57700724978286466e-01   -4.51616668603355420e-02    3.97941408517729495e-02
   -1.57663138919274276e-01   -4.46956302213458861e-02    4.03272051484876923e-02
   -1.57625434955627225e-01   -4.42143831529892423e-02    4.08464518462563764e-02
   -1.57588241584640326e-01   -4.37304007270164843e-02    4.13634660924670078e-02
   -1.57551372702923409e-01   -4.32453803200964007e-02    4.18792866571143438e-02
   -1.57513852450609726e-01   -4.27446055963087851e-02    4.23798217496093726e-02
   -1.57476178668485900e-01   -4.22443481565827131e-02    4.28810622176034537e-02
   -1.57438644006845180e-01   -4.17402374225552195e-02    4.33781213903861734e-02
   -1.57401095835581706e-01   -4.12224343964766315e-02    4.38610983636470025e-02
   -1.57363377809450561e-01   -4.07068263027518112e-02    4.43465181872731637e-02
   -1.57326154291626552e-01   -4.01833997630481818e-02    4.48231644298087914e-02
   -1.57289338915816701e-01   -3.96488935977330620e-02    4.52877156017394283e-02
   -1.57251823972001242e-01   -3.91178997280058130e-02    4.57562307273570723e-02
   -1.57214139766578664e-01   -3.85763271482475190e-02    4.62121081580947543e-02
   -1.57176608508721977e-01   -3.80266258857131639e-02    4.66585656977323709e-02
   -1.57139033083131208e-01   -3.74794996011418163e-02    4.71080569691853732e-02
   -1.57101325711801409e-01   -3.69206914020215118e-02    4.75426984316465046e-02
   -1.57064053821450333e-01   -3.63575797574713575e-02    4.79721574135072298e-02
   -1.57027202169432556e-01   -3.57948555761516893e-02    4.84019361062532627e-02
   -1.56989732213052263e-01   -3.52196023165238792e-02    4.88146709379364413e-02
   -1.56952056686072566e-01   -3.46433136412730505e-02    4.92262537894312194e-02
   -1.56914514483260076e-01   -3.40651065402667458e-02    4.96347940058921439e-02
   -1.56876943405066915e-01   -3.34747191412954961e-02    5.00256706400251799e-02
   -1.56839243217758412e-01   -3.28857353359393451e-02    5.04188603295796858e-02
   -1.56801953869529803e-01   -3.22922608135945144e-02    5.08048186225865117e-02
   -1.56765141676289438e-01   -3.16883229856442655e-02    5.11745956077952896e-02
   -1.56727718821353196e-01   -3.10869745874302605e-02    5.15485848670208524e-02
   -1.56690017113012198e-01   -3.04789788591245808e-02    5.19111702149555945e-02
   -1.56652448308114645e-01   -2.98632381152506218e-02    5.22609316052206133e-02
   -1.56614899116993000e-01   -2.92496739923293371e-02    5.26144368826309689e-02
   -1.56577200350972168e-01   -2.86279683596460562e-02    5.29530174196457121e-02
   -1.56539861438390077e-01   -2.80015369567873859e-02    5.32833201330343287e-02
   -1.56503058745686568e-01   -2.73760569895393768e-02    5.36152750506483922e-02
   -1.56465659262865930e-01   -2.67411277642505725e-02    5.39284658441577733e-02
   -1.56427948390474858e-01   -2.61043368008546869e-02    5.42383045594119345e-02
   -1.56390385847140156e-01   -2.54675858721237838e-02    5.45478598729219333e-02
   -1.56352843608403597e-01   -2.48213309905367593e-02    5.48370795974109232e-02
   -1.56315164524451405e-01   -2.41750781387726557e-02    5.51266716232115261e-02
   -1.56277788242607685e-01   -2.35270173117321860e-02    5.54116780552944346e-02
   -1.56240948473570396e-01   -2.28708552664283228e-02    5.56779131993398388e-02
   -1.56203575166473041e-01   -2.22158174365229590e-02    5.59470585438469822e-02
   -1.56165893145037149e-01   -2.15570010550281410e-02    5.62060913857804281e-02
   -1.56128356216697434e-01   -2.08919056836092201e-02    5.64491791490762257e-02
   -1.56090782113088994e-01   -2.02285362888615164e-02    5.66969715276634187e-02
   -1.56053071308062674e-01   -1.95601330106728484e-02    5.69301352785712006e-02
   -1.56015671859588284e-01   -1.88873727712226651e-02    5.71512467023612622e-02
   -1.55978871160427829e-01   -1.82159459847835749e-02    5.73762879196960326e-02
   -1.55941539415768382e-01   -1.75390311642477474e-02    5.75836205838098428e-02
   -1.55903832516159829e-01   -1.68596751504372817e-02    5.77835437118291440e-02
   -1.55866286588923098e-01   -1.61806814363827343e-02    5.79842846598456058e-02
   -1.55828733801948754e-01   -1.54962428482702721e-02    5.81653816554180969e-02
   -1.55791040347736442e-01   -1.48109252779301120e-02    5.83438266925015228e-02
   -1.55753600970958583e-01   -1.41249724275304064e-02    5.85191113685045797e-02
   -1.55716780214712663e-01   -1.34340707371675225e-02    5.86741611545973790e-02
   -1.55679480451823893e-01   -1.27434374616992186e-02    5.88308436438160359e-02
   -1.55641762359711611e-01   -1.20514064694485553e-02    5.89800365894884090e-02
   -1.55604199699217988e-01   -1.13554755057805375e-02    5.91107456591315819e-02
   -1.55566659504439209e-01   -1.06602801155159400e-02    5.92456172556724767e-02
   -1.55528988472815682e-01   -9.96297767197537772e-03    5.93676732556853853e-02
   -1.55491516683627179e-01   -9.26291962348674627e-03    5.94743929931248541e-02
   -1.55454660729889199e-01   -8.56359646155872671e-03    5.95859099004385426e-02
   -1.55417389717206783e-01   -7.86205136020523207e-03    5.96808355477546626e-02
   -1.55379690289559308e-01   -7.15895338993440249e-03    5.97653377986282139e-02
   -1.55342148925600526e-01   -6.45624178752702508e-03    5.98523517088554863e-02
   -1.55304603788312429e-01   -5.75143846078077225e-03    5.99191132702102600e-02
   -1.55266914502483117e-01   -5.04599469100352853e-03    5.99811604079805785e-02
   -1.55229407756171195e-01   -4.34071691292921193e-03    6.00434408072056391e-02
   -1.55192560349218522e-01   -3.63381302461181221e-03    6.00836945863630414e-02
   -1.55155338025415035e-01   -2.92671738479588668e-03    6.01231041941775804e-02
   -1.55117641638474135e-01   -2.21963126747988255e-03    6.01582540638333427e-02
   -1.55080105923641048e-01   -1.51172407266606293e-03    6.01734846668358220e-02
   -1.55042535048316416e-01   -8.03777029783970523e-04    6.01911160231706696e-02
   -1.55004939008882209e-01   -9.58941056104190378e-05    6.01985714582899678e-02
   -1.54967332202739255e-01    6.12150257222699628e-04    6.01885110102521534e-02
   -1.54929647943215537e-01    1.32026680426155759e-03    6.01831325735242145e-02
   -1.54892553989068982e-01    2.02791631803414312e-03    6.01629798094248588e-02
   -1.54855676865934544e-01    2.73531100096705915e-03    6.01294712876707729e-02
   -1.54818066321247477e-01    3.44281287778247513e-03    6.01002957995735998e-02
   -1.54780410645995986e-01    4.14912388200969640e-03    6.00524833185646575e-02
   -1.54742885669718166e-01    4.85507267594684992e-03    5.99964059892993742e-02
   -1.54705269860282685e-01    5.56105423380619506e-03    5.99423145511668795e-02
   -1.54667584927468654e-01    6.26504185152461975e-03    5.98673050293198339e-02
   -1.54630455192381583e-01    6.96891951179376672e-03    5.97891728011695212e-02
   -1.54593596892158652e-01    7.67241111554758416e-03    5.97091287065726964e-02
   -1.54556031075868933e-01    8.37315403056013673e-03    5.96077596023296824e-02
   -1.54518342971665640e-01    9.07419104869204921e-03    5.95075057641878818e-02
   -1.54480807724541730e-01    9.77397882442484524e-03    5.94003716143565522e-02
   -1.54443241761682837e-01    1.04706700901336224e-02    5.92738101291564803e-02
   -1.54405530282812120e-01    1.11682105212932165e-02    5.91516878758089407e-02
   -1.54368322551544951e-01    1.18633913894868777e-02    5.90179403004949740e-02
   -1.54331487558410363e-01    1.25555055855739815e-02    5.88679695135881642e-02
   -1.54293982471344404e-01    1.32484589832111265e-02    5.87221445995579697e-02
   -1.54256312011136931e-01    1.39376829855380486e-02    5.85605439153897150e-02
   -1.54218767871594331e-01    1.46246195782036674e-02    5.83884728968940350e-02
   -1.54181181674861278e-01    1.53123164374921340e-02    5.82197769971134343e-02
   -1.54143480679433731e-01    1.59946915926134810e-02    5.80312524134364502e-02
   -1.54106250558275426e-01    1.66757153071812880e-02    5.78369772908988236e-02
   -1.54069419967845955e-01    1.73569272606485213e-02    5.76438197388507156e-02
   -1.54031928043796701e-01    1.80318558513976983e-02    5.74299412071189522e-02
   -1.53994249980485554e-01    1.87063555158893564e-02    5.72141714965407125e-02
   -1.53956707445549124e-01    1.93794588514421967e-02    5.69947143664091896e-02
   -1.53919111540730652e-01    2.00461618723299824e-02    5.67562685952354290e-02
   -1.53881408505486622e-01    2.07136635970509089e-02    5.65197782118257164e-02
   -1.53844145233530766e-01    2.13779083594085179e-02    5.62748874607328850e-02
   -1.53807326622865781e-01    2.20359867678462280e-02    5.60133378249281083e-02
   -1.53769877956485668e-01    2.26955067514856418e-02    5.57554350188791056e-02
   -1.53732185651742487e-01    2.33495261111876067e-02    5.54845226189269319e-02
   -1.53694628204328637e-01    2.39983403117457889e-02    5.52007795285805389e-02
   -1.53657054801437432e-01    2.46488981229668926e-02    5.49211467325448829e-02
   -1.53619359700855607e-01    2.52920303750987299e-02    5.46252798484401017e-02
   -1.53582047906588554e-01    2.59314168953123127e-02    5.43208033119145922e-02
   -1.53545221770201523e-01    2.65714792445456427e-02    5.40179403688443929e-02
   -1.53507798140544188e-01    2.72025180424659771e-02    5.36969581297792806e-02
   -1.53470104458816092e-01    2.78320474195103557e-02    5.33726268452821492e-02
   -1.53432559255623130e-01    2.84608348726026091e-02    5.30472054272217233e-02
   -1.53395003029600685e-01    2.90795511866231496e-02    5.27029717996937430e-02
   -1.53357301144808056e-01    2.96983296812787963e-02    5.23585761145927281e-02
   -1.53319937614422724e-01    3.03140466128332328e-02    5.20091320848947436e-02
   -1.53283118414309194e-01    3.09203733984328294e-02    5.16433398444491112e-02
   -1.53245742642557192e-01    3.15283666850464037e-02    5.12802255981423052e-02
   -1.53208052945377066e-01    3.21300406852112128e-02    5.09072327042747047e-02
   -1.53170507454661903e-01    3.27230242652716136e-02    5.05201676624690288e-02
   -1.53132957723447843e-01    3.33186860980335398e-02    5.01372199182591877e-02
   -1.53095248737353695e-01    3.39050050235772601e-02    4.97405458610633566e-02
   -1.53057836020419308e-01    3.44847891991346689e-02    4.93339092058717454e-02
   -1.53021022788046024e-01    3.50673034842904630e-02    4.89312525347410029e-02
   -1.52983696245360595e-01    3.56378511294217215e-02    4.85121316800596822e-02
   -1.52945992111808149e-01    3.62044226287863286e-02    4.80872740407248811e-02
   -1.52908417825062981e-01    3.67718769500469458e-02    4.76638235937942301e-02
   -1.52870884425608700e-01    3.73259976786294717e-02    4.72231371609879019e-02
   -1.52833182036330451e-01    3.78793183927744054e-02    4.67811569489057291e-02
   -1.52795732431363102e-01    3.84305967348988128e-02    4.63369414443118299e-02
   -1.52758953030993461e-01    3.89680253046717912e-02    4.58758887448587546e-02
   -1.52721659565835499e-01    3.95070931855398891e-02    4.54166134544345193e-02
   -1.52683950506938809e-01    4.00407439324323780e-02    4.49514584633345440e-02
   -1.52646393837750055e-01    4.05618781578648349e-02    4.44720471273114260e-02
   -1.52608816771871963e-01    4.10860131576324117e-02    4.39958513381267721e-02
   -1.52571260165053929e-01    4.16008692832894530e-02    4.35099914220250100e-02
   -1.52533658621669732e-01    4.21055262391706805e-02    4.30132149640607073e-02
   -1.52495983083677011e-01    4.26134363988209461e-02    4.25198091695419000e-02
   -1.52458952450872987e-01    4.31090172723766207e-02    4.20142431659377494e-02
   -1.52421987271882886e-01    4.35976872980986183e-02    4.15016556043818832e-02
   -1.52384324731540233e-01    4.40880368493791544e-02    4.09908582734049010e-02
   -1.52346683094925606e-01    4.45631717439447794e-02    4.04660222992736032e-02
   -1.52309181714818859e-01    4.50352297738050231e-02    3.99381243127895774e-02
   -1.52271592646339493e-01    4.55070193604628359e-02    3.94102086316736946e-02
   -1.52233885950054992e-01    4.59624530166537204e-02    3.88681186260859957e-02
   -1.52196818152581154e-01    4.64175471478477514e-02    3.83254988865615043e-02
   -1.52159908699321250e-01    4.68685695346335515e-02    3.77797540504038812e-02
   -1.52122292010463511e-01    4.73043678542781759e-02    3.72216793590607400e-02
   -1.52084649838416214e-01    4.77420894994032910e-02    3.66650033939452530e-02
   -1.52047125008970219e-01    4.81712489601975741e-02    3.61019903005332793e-02
   -1.52009510719852442e-01    4.85872397413051535e-02    3.55289435915497956e-02
   -1.51971798284942727e-01    4.90070747921012850e-02    3.49586880181006060e-02
   -1.51934707879793934e-01    4.94140311088848636e-02    3.43794143237330860e-02
   -1.51897827334030400e-01    4.98105580839514617e-02    3.37926423280125940e-02
   -1.51860216810367155e-01    5.02107938041011295e-02    3.32085081974991328e-02
   -1.51822573452375265e-01    5.05951878738190725e-02    3.26140257603162245e-02
   -1.51785069231917480e-01    5.09730065474391578e-02    3.20150536615895556e-02
   -1.51747480302618754e-01    5.13517844151847938e-02    3.14168439689999981e-02
   -1.51709791251765896e-01    5.17126694665961048e-02    3.08077477188092481e-02
   -1.51672655426815406e-01    5.20715171755158843e-02    3.01971959546344856e-02
   -1.51635776630967334e-01    5.24281044294321527e-02    2.95855235122600875e-02
   -1.51598200329933513e-01    5.27662071837330660e-02    2.89634199150828955e-02
   -1.51560515450195471e-01    5.31057328604955248e-02    2.83419522307255672e-02
   -1.51522988544835063e-01    5.34385121039510982e-02    2.77171044703063661e-02
   -1.51485436876689472e-01    5.37543275967837589e-02    2.70833336136490285e-02
   -1.51447722504575194e-01    5.40741477915631721e-02    2.64515182618038358e-02
   -1.51410518628550761e-01    5.43824316216671710e-02    2.58142417955247172e-02
   -1.51373670598375393e-01    5.46765915921111831e-02    2.51700464794418766e-02
   -1.51336150307843448e-01    5.49751604922837714e-02    2.45279376630724161e-02
   -1.51298459097603755e-01    5.52577384073505914e-02    2.38788742216710752e-02
   -1.51260916696017822e-01    5.55305486696195671e-02    2.32253656392347879e-02
   -1.51223375720514419e-01    5.58067319145971116e-02    2.25733691089660959e-02
   -1.51185652296659867e-01    5.60643233764127474e-02    2.19139481257929446e-02
   -1.51148414135648196e-01    5.63167645850939369e-02    2.12522764977935395e-02
   -1.51111604058533661e-01    5.65690986882634098e-02    2.05907035271453639e-02
   -1.51074104437815993e-01    5.68014835966557247e-02    1.99219114308796311e-02
   -1.51036411651728653e-01    5.70327019002427188e-02    1.92525549445937416e-02
   -1.50998868647321899e-01    5.72595413412991180e-02    1.85819084294348673e-02
   -1.50961299839001695e-01    5.74677483759358371e-02    1.79051451264647978e-02
   -1.50923573179519849e-01    5.76783401546915944e-02    1.72290215907485132e-02
   -1.50886306885059968e-01    5.78788980286674901e-02    1.65500889164904123e-02
   -1.50849506552159812e-01    5.80624619115607254e-02    1.58661355370940428e-02
   -1.50812022359210124e-01    5.82513781539028830e-02    1.51836470935730172e-02
   -1.50774321612362594e-01    5.84256142082113447e-02    1.44975308253393453e-02
   -1.50736797863931599e-01    5.85863876575279663e-02    1.38078646133007500e-02
   -1.50699256998439307e-01    5.87521592817878899e-02    1.31194324960469469e-02
   -1.50661535262717583e-01    5.88995759135177641e-02    1.24270341949852363e-02
   -1.50624210609269060e-01    5.90385188095938138e-02    1.17326109787785886e-02
   -1.50587403429372629e-01    5.91794831290843801e-02    1.10386897557358931e-02
   -1.50549970034707020e-01    5.92995550869155202e-02    1.03409627367574437e-02
   -1.50512278681330630e-01    5.94162120077417130e-02    9.64246787961659489e-03
   -1.50474751463899992e-01    5.95313049784833639e-02    8.94388533070071198e-03
   -1.50437211662058007e-01    5.96257537726934822e-02    8.24217540735382517e-03
   -1.50399480843695810e-01    5.97207463286776249e-02    7.54041214295381006e-03
   -1.50362103955079318e-01    5.98088942622425207e-02    6.83796383250905720e-03
   -1.50325308592369838e-01    5.98780978755790311e-02    6.13322308259988715e-03
   -1.50287942741262365e-01    5.99511606675381670e-02    5.42883295725601813e-03
   -1.50250239049259188e-01    6.00122790086638491e-02    4.72357022713518378e-03
   -1.50212678021593771e-01    6.00574130308336451e-02    4.01687548615061590e-03
   -1.50175149885708820e-01    6.01074412351148071e-02    3.31050749310214058e-03
   -1.50137275532864212e-01    6.01403480348969843e-02    2.60338564118675663e-03
   -1.50100148560837837e-01    6.01617351681195608e-02    1.89551394553826068e-03
   -1.50062989040258637e-01    6.01874621585910402e-02    1.18786563754442998e-03
   -1.50020058147425084e-01    6.01934314327919814e-02    4.80312335334666493e-04
   -1.49980831071044207e-01    6.01930339617888568e-02   -2.27932559034806103e-04
   -1.49935787326453296e-01    6.01934270236373012e-02   -9.35462817566039577e-04
   -1.49853719818359266e-01    6.01731104467186709e-02   -1.63922051010311322e-03
   -1.49771591973534096e-01    6.01513799941457011e-02   -2.34366372597729928e-03
   -1.49680757353477994e-01    6.01262453789279394e-02   -3.04598912305542157e-03
   -1.49547813615672265e-01    6.00815147509487432e-02   -3.74102030547396932e-03
   -1.49420303214348932e-01    6.00389305999678644e-02   -4.43774772293921080e-03
   -1.49275429593217795e-01    5.99884277826775517e-02   -5.12930720607134797e-03
   -1.49093844582919299e-01    5.99212272710199986e-02   -5.81166992229648072e-03
   -1.48921029423236678e-01    5.98575736202542480e-02   -6.49683167873253871e-03
   -1.48721821082545391e-01    5.97809464786110897e-02   -7.17220824687103860e-03
   -1.48495315918983323e-01    5.96917096273133149e-02   -7.83860375238229316e-03
   -1.48277337806910159e-01    5.96071694497332036e-02   -8.50827893078429272e-03
   -1.48025164447962376e-01    5.95058017222637875e-02   -9.16242176303864141e-03
   -1.47755646363685600e-01    5.93958729387887296e-02   -9.80956078622431324e-03
   -1.47491337395723426e-01    5.92888989818474432e-02   -1.04587624861581571e-02
   -1.47188948051261620e-01    5.91639449243989701e-02   -1.10872738033297776e-02
   -1.46879160393962621e-01    5.90347952766191106e-02   -1.17125170295934479e-02
   -1.46568227819598662e-01    5.89044511831134932e-02   -1.23359536807396645e-02
   -1.46219448000170171e-01    5.87564835975919256e-02   -1.29350853068775778e-02
   -1.45871147892643993e-01    5.86096071416967179e-02   -1.35356487370922162e-02
   -1.45513469892419089e-01    5.84579660181484551e-02   -1.41281117871441386e-02
   -1.45122229230582683e-01    5.82892480725182988e-02   -1.46950145649201412e-02
   -1.44736564737124401e-01    5.81239492224530016e-02   -1.52671949860798285e-02
   -1.44334292123473318e-01    5.79503838256827802e-02   -1.58237753315298504e-02
   -1.43905733985584455e-01    5.77633709043473276e-02   -1.63572436324269169e-02
   -1.43483721895710348e-01    5.75800158560003314e-02   -1.68972038658960384e-02
   -1.43038812105835994e-01    5.73851217079443324e-02   -1.74127504083579736e-02
   -1.42575814219657732e-01    5.71814956454530579e-02   -1.79103342522869136e-02
   -1.42118085822325130e-01    5.69814033690866847e-02   -1.84137434343804064e-02
   -1.41634481425174430e-01    5.67679646356428549e-02   -1.88854277207844562e-02
   -1.41141093875368911e-01    5.65489374680783544e-02   -1.93459986260200029e-02
   -1.40649466856557992e-01    5.63307637964869240e-02   -1.98078384337817409e-02
   -1.40131460935558644e-01    5.61001185106038344e-02   -2.02329811213330796e-02
   -1.39610360916164356e-01    5.58677671801233663e-02   -2.06549118370317128e-02
   -1.39086211869457826e-01    5.56337041741884128e-02   -2.10704386674170907e-02
   -1.38538248160414823e-01    5.53881641649184228e-02   -2.14474377088008650e-02
   -1.37992117821849614e-01    5.51429153486270932e-02   -2.18283736391552234e-02
   -1.37438312083034309e-01    5.48937508012708048e-02   -2.21931467251860713e-02
   -1.36865384934321266e-01    5.46353527477556611e-02   -2.25218356015218640e-02
   -1.36296756783363060e-01    5.43780732356926796e-02   -2.28592612409979322e-02
   -1.35716969736782045e-01    5.41153832981875749e-02   -2.31699589302598596e-02
   -1.35123545415883367e-01    5.38463714397649784e-02   -2.34506842779461967e-02
   -1.34534019790396892e-01    5.35785986039667150e-02   -2.37403573510404885e-02
   -1.33932121166765394e-01    5.33043161182663455e-02   -2.39938715520766691e-02
   -1.33322535150842386e-01    5.30260516756361974e-02   -2.42272156811476069e-02
   -1.32715326171409742e-01    5.27486620431156517e-02   -2.44663312270397178e-02
   -1.32096141571286602e-01    5.24649284829981147e-02   -2.46616387468088435e-02
   -1.31473387980453632e-01    5.21795883825379309e-02   -2.48468866266155601e-02
   -1.30851205765911943e-01    5.18942552636744436e-02   -2.50309716044679574e-02
   -1.30219783848179893e-01    5.16029355055589584e-02   -2.51683801353031790e-02
   -1.29587303820655891e-01    5.13118824108050389e-02   -2.53055365245892470e-02
   -1.28953810677792574e-01    5.10204702422033460e-02   -2.54311608279877144e-02
   -1.28314508529889737e-01    5.07244844699228370e-02   -2.55120033982005716e-02
   -1.27675537756254426e-01    5.04287397606902263e-02   -2.55998729436586227e-02
   -1.27035521721920258e-01    5.01322419083529702e-02   -2.56648888189383896e-02
   -1.26392753390520474e-01    4.98333876707862597e-02   -2.56916171241904946e-02
   -1.25750507468280925e-01    4.95342464252752218e-02   -2.57283705770994936e-02
   -1.25108422896587634e-01    4.92352386653225130e-02   -2.57306880054162350e-02
   -1.24465746340686786e-01    4.89357630775363803e-02   -2.57045245817500746e-02
   -1.23823364497513910e-01    4.86355595004283603e-02   -2.56883859374134188e-02
   -1.23184082357580743e-01    4.83361483303066178e-02   -2.56291174592628325e-02
   -1.22545191769618658e-01    4.80370681065739047e-02   -2.55523674503760657e-02
   -1.21906484100283680e-01    4.77379006150444249e-02   -2.54802203397260577e-02
   -1.21274625771620348e-01    4.74399361664121014e-02   -2.53608681383848469e-02
   -1.20643672702716614e-01    4.71423013243244746e-02   -2.52319113841920732e-02
   -1.20012751959575517e-01    4.68453991994302738e-02   -2.51042506381710141e-02
   -1.19387318131199391e-01    4.65505012038937710e-02   -2.49473883197895013e-02
   -1.18762637893181561e-01    4.62552843131529279e-02   -2.47876102772668395e-02
   -1.18137280400874692e-01    4.59596307605190310e-02   -2.46319637939082133e-02
   -1.17512316998335656e-01    4.56645547765251736e-02   -2.44734547665696224e-02
   -1.16887189157940052e-01    4.53697028768605681e-02   -2.43151859223678934e-02
   -1.16262036909466210e-01    4.50747712358925134e-02   -2.41571934549594004e-02
   -1.15637065960525115e-01    4.47795787862127273e-02   -2.39989548369761406e-02
   -1.15012160090672916e-01    4.44841157373081567e-02   -2.38409674166778912e-02
   -1.14387221142027956e-01    4.41887924290648298e-02   -2.36828507261850306e-02
   -1.13762142564875865e-01    4.38938092495369248e-02   -2.35246499932123369e-02
   -1.13136956892254031e-01    4.35989701349720551e-02   -2.33666042961200651e-02
   -1.12511944454779508e-01    4.33038369151428695e-02   -2.32084225638015083e-02
   -1.11886843009686807e-01    4.30088835742486117e-02   -2.30502567154642971e-02
   -1.11261682772562737e-01    4.27139924424326176e-02   -2.28922076184018206e-02
   -1.10636947235993072e-01    4.24182480087876082e-02   -2.27340733350609586e-02
   -1.10011984960163428e-01    4.21229730560383001e-02   -2.25759586294824455e-02
   -1.09386777510185315e-01    4.18281776025376875e-02   -2.24179171660921668e-02
   -1.08761781137733882e-01    4.15329999434470298e-02   -2.22597546533872051e-02
   -1.08136722408234534e-01    4.12382349708750734e-02   -2.21010695699533875e-02
   -1.07511817516748862e-01    4.09431017583458887e-02   -2.19424643110601204e-02
   -1.06887084055248813e-01    4.06473165089552210e-02   -2.17843979006480393e-02
   -1.06261954227409611e-01    4.03523529311313675e-02   -2.16263638405571265e-02
   -1.05636813644846603e-01    4.00574696713953265e-02   -2.14682220289330525e-02
   -1.05011837529584512e-01    3.97622848569236312e-02   -2.13099928686002922e-02
   -1.04386817732382925e-01    3.94671908483250830e-02   -2.11517668715963426e-02
   -1.03761875912800991e-01    3.91718242369038516e-02   -2.09937418293181764e-02
   -1.03136969940861134e-01    3.88763939143459691e-02   -2.08356939679628546e-02
   -1.02511949157995885e-01    3.85813018443485548e-02   -2.06774682528087887e-02
   -1.01886767476509280e-01    3.82864690691895465e-02   -2.05193948595895730e-02
   -1.01261691623230607e-01    3.79914380686906875e-02   -2.03612730855699010e-02
   -1.00636671593119453e-01    3.76963356791631815e-02   -2.02030636419407508e-02
   -1.00011454977631878e-01    3.74015703869471916e-02   -2.00450022766924876e-02
   -9.93865961881925941e-02    3.71060699468139868e-02   -1.98868995435276703e-02
   -9.87617920243838709e-02    3.68104739109571671e-02   -1.97287594438206280e-02
   -9.81365858321620738e-02    3.65156852562745077e-02   -1.95707005622189484e-02
   -9.75115308245446955e-02    3.62205846063266765e-02   -1.94126259641462934e-02
   -9.68865087145169557e-02    3.59256464707347137e-02   -1.92541188665449302e-02
   -9.62614973717104833e-02    3.56308178379694807e-02   -1.90953658792329985e-02
   -9.56367812211178087e-02    3.53350685687632282e-02   -1.89371641307457574e-02
   -9.50117847561554874e-02    3.50398026153574058e-02   -1.87791675376820302e-02
   -9.43865972022483041e-02    3.47450069041651474e-02   -1.86210480340766420e-02
   -9.37616130015669486e-02    3.44498330866502625e-02   -1.84628303378996973e-02
   -9.31364258139863455e-02    3.41550212712394274e-02   -1.83047393748678004e-02
   -9.25114233511028367e-02    3.38598128199338252e-02   -1.81466592763051306e-02
   -9.18867028287050774e-02    3.35640422552563253e-02   -1.79885144559367577e-02
   -9.12615657946749814e-02    3.32691031990435815e-02   -1.78304631549203833e-02
   -9.06364433094571098e-02    3.29741861795024155e-02   -1.76723126944034817e-02
   -9.00114439861845889e-02    3.26790332786704996e-02   -1.75141158185254282e-02
   -8.93862683853619416e-02    3.23841755614337687e-02   -1.73560650278878452e-02
   -8.87611388445060101e-02    3.20892760611284494e-02   -1.71979097181738788e-02
   -8.81362809160883692e-02    3.17938325330235014e-02   -1.70396967329194370e-02
   -8.75115439084697549e-02    3.14980871149975819e-02   -1.68815702034107347e-02
   -8.68864163189493749e-02    3.12031411734890740e-02   -1.67234945325031963e-02
   -8.62612834731614903e-02    3.09081916452604924e-02   -1.65654455729387258e-02
   -8.56362925977999095e-02    3.06130824851838998e-02   -1.64071337843513312e-02
   -8.50112267263465615e-02    3.03183841657823708e-02   -1.62483529062777791e-02
   -8.43864394977959509e-02    3.00228925046123925e-02   -1.60899514897075296e-02
   -8.37615992644118318e-02    2.97272991356658280e-02   -1.59319487373349791e-02
   -8.31363916360422645e-02    2.94325187719461090e-02   -1.57738800584717349e-02
   -8.25113685380735595e-02    2.91374217281064260e-02   -1.56156728352967802e-02
   -8.18862656078545442e-02    2.88424599142359864e-02   -1.54575287369321593e-02
   -8.12611169214502993e-02    2.85475466494249513e-02   -1.52994753297064131e-02
   -8.06363924477180999e-02    2.82517847510903863e-02   -1.51413299480063802e-02
   -8.00114046571278603e-02    2.79565445719563467e-02   -1.49832511073408753e-02
   -7.93862077664247573e-02    2.76617545100360622e-02   -1.48251578769498672e-02
   -7.87612189529112855e-02    2.73665915390451375e-02   -1.46669381532262416e-02
   -7.81360859794550111e-02    2.70716574945098348e-02   -1.45088612729673029e-02
   -7.75109360853455387e-02    2.67767829247087356e-02   -1.43507401416888593e-02
   -7.68859558016808803e-02    2.64815961019696441e-02   -1.41925312259633622e-02
   -7.62610503046547289e-02    2.61861352205908504e-02   -1.40345386415057748e-02
   -7.56361082215983166e-02    2.58908101735039337e-02   -1.38764368726094298e-02
   -7.50110512694129733e-02    2.55957909196003926e-02   -1.37182183004206076e-02
   -7.43858789132564729e-02    2.53009341766189631e-02   -1.35601529022918808e-02
   -7.37607369821054321e-02    2.50059969149041862e-02   -1.34021167680946802e-02
   -7.31359451194134869e-02    2.47105729203885918e-02   -1.32436069035406015e-02
   -7.25113539042130384e-02    2.44149056026016116e-02   -1.30847600107265889e-02
   -7.18862344679547655e-02    2.41199831189837163e-02   -1.29266084938300732e-02
   -7.12611077868950255e-02    2.38250227651543127e-02   -1.27685553217849555e-02
   -7.06360957866354333e-02    2.35299137293559675e-02   -1.26103266717299666e-02
   -7.00108819193927673e-02    2.32351397580117421e-02   -1.24522706690028233e-02
   -6.93860437983688516e-02    2.29396006356104472e-02   -1.22941584721072208e-02
   -6.87612190334581930e-02    2.26440376132952294e-02   -1.21360381413948872e-02
   -6.81360058547592629e-02    2.23492612288483140e-02   -1.19779839340376816e-02
   -6.75109711066563811e-02    2.20541863307119092e-02   -1.18197813481485167e-02
   -6.68859097822602638e-02    2.17591321199735316e-02   -1.16616454463223298e-02
   -6.62607241869602598e-02    2.14643024915273511e-02   -1.15035816684313716e-02
   -6.56356931737926697e-02    2.11692313959731468e-02   -1.13453572422746712e-02
   -6.50107743415332118e-02    2.08738338708908816e-02   -1.11872989874192801e-02
   -6.43858572996678369e-02    2.05784137441012878e-02   -1.10292758831115091e-02
   -6.37608456581288813e-02    2.02833009753544125e-02   -1.08710526619157661e-02
   -6.31356917876955692e-02    1.99884290974840853e-02   -1.07129423683123698e-02
   -6.25105423662738469e-02    1.96935078949517992e-02   -1.05549062967020442e-02
   -6.18855743726287391e-02    1.93983265999289542e-02   -1.03966385707190620e-02
   -6.12608129719253158e-02    1.91029353852153159e-02   -1.02379473620611526e-02
   -6.06359474284447822e-02    1.88076414350811620e-02   -1.00794855186328303e-02
   -6.00108541383629276e-02    1.85126291481976478e-02   -9.92139736957532194e-03
   -5.93856727551535721e-02    1.82177874283186887e-02   -9.76333956202781426e-03
   -5.87606214943641805e-02    1.79227249873214374e-02   -9.60517919656806753e-03
   -5.81356240841945648e-02    1.76275950194264112e-02   -9.44693175690606950e-03
   -5.75106125426904091e-02    1.73324637102924492e-02   -9.28874282394997162e-03
   -5.68856978415153425e-02    1.70370194920753150e-02   -9.13075551987333790e-03
   -5.62607700678473821e-02    1.67416693927732139e-02   -8.97264397482263644e-03
   -5.56357087664668820e-02    1.64466521415696093e-02   -8.81443881319604952e-03
   -5.50105286773489091e-02    1.61518013387779956e-02   -8.65639283982999261e-03
   -5.43854463276029210e-02    1.58568181327438801e-02   -8.49820737614522675e-03
   -5.37604989891421262e-02    1.55615265873631017e-02   -8.34006381767266047e-03
   -5.31355938082295476e-02    1.52660571626122739e-02   -8.18208594485552582e-03
   -5.25106247346755345e-02    1.49708378148977698e-02   -8.02389346377721004e-03
   -5.18855064310314515e-02    1.46759045743935258e-02   -7.86575692007973962e-03
   -5.12603387397724125e-02    1.43810409351372067e-02   -7.70768588533055337e-03
   -5.06353171537811259e-02    1.40859617745478730e-02   -7.54943930827451943e-03
   -5.00103715893827419e-02    1.37905543712323105e-02   -7.39150483807258889e-03
   -4.93855058077871320e-02    1.34951555366986421e-02   -7.23324001795795386e-03
   -4.87606431760284204e-02    1.32001224557508103e-02   -7.07428109678848779e-03
   -4.81354976789888298e-02    1.29053005096347369e-02   -6.91604488809620215e-03
   -4.75103924367714023e-02    1.26102711692961597e-02   -6.75803589628702021e-03
   -4.68853838125900396e-02    1.23151612487939002e-02   -6.59979550226734522e-03
   -4.62601676463394867e-02    1.20203978860934386e-02   -6.44172874651656457e-03
   -4.56352928059062177e-02    1.17249290514641700e-02   -6.28363044983619272e-03
   -4.50105026967345598e-02    1.14292996745195274e-02   -6.12549702007183366e-03
   -4.43853014010153202e-02    1.11344980021865370e-02   -5.96744308016712056e-03
   -4.37602246238170262e-02    1.08394860099352772e-02   -5.80928937845733104e-03
   -4.31352446998229805e-02    1.05443226528144050e-02   -5.65103496204642959e-03
   -4.25102300046257264e-02    1.02491951792095509e-02   -5.49285146637219605e-03
   -4.18853057268914336e-02    9.95376553733312575e-03   -5.33487594608456246e-03
   -4.12604192226887420e-02    9.65834808387159779e-03   -5.17672252321728279e-03
   -4.06352914227138054e-02    9.36344569214517947e-03   -5.01857235222010183e-03
   -4.00100270827214929e-02    9.06874008841795573e-03   -4.86059721906189138e-03
   -3.93855708416587236e-02    8.77267438056571723e-03   -4.70188882354442839e-03
   -3.87586422248349174e-02    8.48076672410422693e-03   -4.54542714168512402e-03
   -3.81285047277219041e-02    8.19418508834044920e-03   -4.39188477043135194e-03
   -3.74996596323005707e-02    7.90534538946449997e-03   -4.23714038113839637e-03
   -3.68658560677668085e-02    7.62530434154163467e-03   -4.08703480002086533e-03
   -3.62276857558452153e-02    7.35288228481519989e-03   -3.94091525782060397e-03
   -3.55909420074688523e-02    7.07791193219240496e-03   -3.79343260376278999e-03
   -3.49482425419024093e-02    6.81404636341426725e-03   -3.65211055728559622e-03
   -3.43028014397301767e-02    6.55517520805168601e-03   -3.51340845596672183e-03
   -3.36583161414784685e-02    6.29470684783683693e-03   -3.37356387879183704e-03
   -3.30075264652743769e-02    6.04677785965387470e-03   -3.24052410154298089e-03
   -3.23557228166250835e-02    5.80047453979199313e-03   -3.10884671841756997e-03
   -3.17037019105675527e-02    5.55485950965838460e-03   -2.97748109530409245e-03
   -3.10454913140862689e-02    5.32275328753770670e-03   -2.85247143730750887e-03
   -3.03873711505964206e-02    5.08996517483493397e-03   -2.72782777206491281e-03
   -2.97277311786230368e-02    4.86060674178586272e-03   -2.60556346147707311e-03
   -2.90629420139710999e-02    4.64319642417015174e-03   -2.48906496472690343e-03
   -2.83988856917810305e-02    4.42413681898558720e-03   -2.37125277313882761e-03
   -2.77320193096674619e-02    4.21197863657024954e-03   -2.25752129186592571e-03
   -2.70612862345149634e-02    4.00908721342832508e-03   -2.14904682581789448e-03
   -2.63918039564746028e-02    3.80328957045188111e-03   -2.03831049381017785e-03
   -2.57183797720977325e-02    3.60803013637895275e-03   -1.93334562110456616e-03
   -2.50421100502750127e-02    3.41989618657532503e-03   -1.83281287699630225e-03
   -2.43669063752035842e-02    3.22884032667467144e-03   -1.73091811025793767e-03
   -2.36875105593516051e-02    3.05023201119364361e-03   -1.63503181009385127e-03
   -2.30066279252864533e-02    2.87589504276548284e-03   -1.54092425194294453e-03
   -2.23260042284260524e-02    2.70089111376436769e-03   -1.44675800553979717e-03
   -2.16411894480895671e-02    2.53877626858985779e-03   -1.36036616373590201e-03
   -2.09560659952601411e-02    2.37752201295385801e-03   -1.27402678103694209e-03
   -2.02703965907299680e-02    2.21859430481109428e-03   -1.18861321988614882e-03
   -1.95808378586451552e-02    2.07288894407358639e-03   -1.11089205156066377e-03
   -1.88916073444650064e-02    1.92604349806450707e-03   -1.03189343940384153e-03
   -1.82011364351342755e-02    1.78423743903534794e-03   -9.55677339179244524e-04
   -1.75076700237543695e-02    1.65355171022755652e-03   -8.86218891768171925e-04
   -1.68147085877621977e-02    1.52089991492881330e-03   -8.15257563899899002e-04
   -1.61198624201102370e-02    1.39661405305012637e-03   -7.48921853785046400e-04
   -1.54229633824063180e-02    1.28109266952312049e-03   -6.87197469529655458e-04
   -1.47266183118537185e-02    1.16350009559450631e-03   -6.23329741247144768e-04
   -1.40280611258096349e-02    1.05682018137943316e-03   -5.65872796907713679e-04
   -1.33282925879673348e-02    9.55565678520246950e-04   -5.11883719763512007e-04
   -1.26288600762682283e-02    8.52877719965971430e-04   -4.56946020277131494e-04
   -1.19270525785677688e-02    7.63946480186124635e-04   -4.09567039571043278e-04
   -1.12247476075124728e-02    6.77437295874231825e-04   -3.63335649027935999e-04
   -1.05225167739698214e-02    5.91145718464338972e-04   -3.17006703237044003e-04
   -9.81819382450631675e-03    5.19149395863861439e-04   -2.78539600882924429e-04
   -9.11388329885809943e-03    4.46519287259092095e-04   -2.39511204402486071e-04
   -8.40926942303808420e-03    3.77248712640913624e-04   -2.02128444700428730e-04
   -7.70303057830814403e-03    3.21482578895469263e-04   -1.72164463415848759e-04
   -6.99696265170511242e-03    2.63685535514716549e-04   -1.41111437351202100e-04
   -6.29038541269711683e-03    2.12237813481044700e-04   -1.13457604549765047e-04
   -5.58282077381669958e-03    1.71181242400726403e-04   -9.16205934602113054e-05
   -4.87542498746002754e-03    1.27684100395228839e-04   -6.88598906929265990e-05
   -4.16745218104931300e-03    9.43714448540100147e-05   -5.08675772967994954e-05
   -3.45894771381185769e-03    6.88062284734139261e-05   -3.67461422033805917e-05
   -2.75058444286507614e-03    4.06443589721151887e-05   -2.19740276838562349e-05
   -2.04180341747643018e-03    2.52091055982318617e-05   -1.35900227032784547e-05
   -1.33279657406107171e-03    1.49100230888680786e-05   -7.74234519311775908e-06
   -6.23881546524931389e-04    2.60288566808803827e-06   -1.29163521785268626e-06
    8.51554822293081553e-05    0.00000000000000000e+00    0.00000000000000000e+00
    7.94235015334354135e-04    0.00000000000000000e+00    0.00000000000000000e+00
    1.50328782405971919e-03    0.00000000000000000e+00    0.00000000000000000e+00
    2.21234742843029984e-03    0.00000000000000000e+00    0.00000000000000000e+00
    2.92140824548690285e-03    0.00000000000000000e+00    0.00000000000000000e+00
    3.63046744949813149e-03    0.00000000000000000e+00    0.00000000000000000e+00
    4.33952723003224079e-03    0.00000000000000000e+00    0.00000000000000000e+00
    5.04858697984698380e-03    0.00000000000000000e+00    0.00000000000000000e+00
    5.75764665458325213e-03    0.00000000000000000e+00    0.00000000000000000e+00
    6.46670636997778454e-03    0.00000000000000000e+00    0.00000000000000000e+00
    7.17576607743568209e-03    0.00000000000000000e+00    0.00000000000000000e+00
    7.88482578245267018e-03    0.00000000000000000e+00    0.00000000000000000e+00
    8.59388548989500727e-03    0.00000000000000000e+00    0.00000000000000000e+00
    9.30294519656532475e-03    0.00000000000000000e+00    0.00000000000000000e+00
    1.00120049032363795e-02    0.00000000000000000e+00    0.00000000000000000e+00
    1.07210646100276644e-02    0.00000000000000000e+00    0.00000000000000000e+00
    1.14301243167613982e-02    0.00000000000000000e+00    0.00000000000000000e+00
    1.21391840235042653e-02    0.00000000000000000e+00    0.00000000000000000e+00
    1.28482437302517294e-02    0.00000000000000000e+00    0.00000000000000000e+00
    1.35573034369956460e-02    0.00000000000000000e+00    0.00000000000000000e+00
    1.42663631437405132e-02    0.00000000000000000e+00    0.00000000000000000e+00
    1.49754228504854273e-02    0.00000000000000000e+00    0.00000000000000000e+00
    1.56844825572301991e-02    0.00000000000000000e+00    0.00000000000000000e+00
    1.63935422639750888e-02    0.00000000000000000e+00    0.00000000000000000e+00
    1.71026019707198954e-02    0.00000000000000000e+00    0.00000000000000000e+00
    1.78116616774649308e-02    0.00000000000000000e+00    0.00000000000000000e+00
    1.85207213842097269e-02    0.00000000000000000e+00    0.00000000000000000e+00
    1.92297810909544363e-02    0.00000000000000000e+00    0.00000000000000000e+00
    1.99388407976991422e-02    0.00000000000000000e+00    0.00000000000000000e+00
    2.06479005044439036e-02    0.00000000000000000e+00    0.00000000000000000e+00
    2.13569602111887170e-02    0.00000000000000000e+00    0.00000000000000000e+00
    2.20660199179335756e-02    0.00000000000000000e+00    0.00000000000000000e+00
    2.27750796246784168e-02    0.00000000000000000e+00    0.00000000000000000e+00
    2.34841393314232233e-02    0.00000000000000000e+00    0.00000000000000000e+00
    2.41931990381680194e-02    0.00000000000000000e+00    0.00000000000000000e+00
    2.49022587449128779e-02    0.00000000000000000e+00    0.00000000000000000e+00
    2.56113184516579551e-02    0.00000000000000000e+00    0.00000000000000000e+00
    2.63203781584027685e-02    0.00000000000000000e+00    0.00000000000000000e+00
    2.70294378651475889e-02    0.00000000000000000e+00    0.00000000000000000e+00
    2.77384975718923399e-02    0.00000000000000000e+00    0.00000000000000000e+00
    2.84475572786370458e-02    0.00000000000000000e+00    0.00000000000000000e+00
    2.91566169853818558e-02    0.00000000000000000e+00    0.00000000000000000e+00
    2.98656766921266623e-02    0.00000000000000000e+00    0.00000000000000000e+00
    3.05747363988714965e-02    0.00000000000000000e+00    0.00000000000000000e+00
    3.12837961056164002e-02    0.00000000000000000e+00    0.00000000000000000e+00
    3.19928558123610957e-02    0.00000000000000000e+00    0.00000000000000000e+00
    3.27019155191057287e-02    0.00000000000000000e+00    0.00000000000000000e+00
    3.34109752258506879e-02    0.00000000000000000e+00    0.00000000000000000e+00
    3.41200349325954805e-02    0.00000000000000000e+00    0.00000000000000000e+00
    3.48290946393402662e-02    0.00000000000000000e+00    0.00000000000000000e+00
    3.55381543460849547e-02    0.00000000000000000e+00    0.00000000000000000e+00
    3.62472140528296016e-02    0.00000000000000000e+00    0.00000000000000000e+00
    3.69562737595742555e-02    0.00000000000000000e+00    0.00000000000000000e+00
    3.76653334663190759e-02    0.00000000000000000e+00    0.00000000000000000e+00
    3.83743931730639656e-02    0.00000000000000000e+00    0.00000000000000000e+00
    3.90834528798085362e-02    0.00000000000000000e+00    0.00000000000000000e+00
    3.97925125865532595e-02    0.00000000000000000e+00    0.00000000000000000e+00
    4.05015722932981492e-02    0.00000000000000000e+00    0.00000000000000000e+00
    4.12106320000430182e-02    0.00000000000000000e+00    0.00000000000000000e+00
    4.19196917067876720e-02    0.00000000000000000e+00    0.00000000000000000e+00
    4.26287514135324438e-02    0.00000000000000000e+00    0.00000000000000000e+00
    4.33378111202772573e-02    0.00000000000000000e+00    0.00000000000000000e+00
    4.40468708270219805e-02    0.00000000000000000e+00    0.00000000000000000e+00
    4.47559305337666968e-02    0.00000000000000000e+00    0.00000000000000000e+00
    4.54649902405114270e-02    0.00000000000000000e+00    0.00000000000000000e+00
    4.61740499472561849e-02    0.00000000000000000e+00    0.00000000000000000e+00
    4.68831096540008319e-02    0.00000000000000000e+00    0.00000000000000000e+00
    4.75921693607455065e-02    0.00000000000000000e+00    0.00000000000000000e+00
    4.83012290674904032e-02    0.00000000000000000e+00    0.00000000000000000e+00
    4.90102887742354040e-02    0.00000000000000000e+00    0.00000000000000000e+00
    4.97193484809800787e-02    0.00000000000000000e+00    0.00000000000000000e+00
    5.04284081877247187e-02    0.00000000000000000e+00    0.00000000000000000e+00
    5.11374678944694142e-02    0.00000000000000000e+00    0.00000000000000000e+00
    5.18465276012141929e-02    0.00000000000000000e+00    0.00000000000000000e+00
    5.25555873079589925e-02    0.00000000000000000e+00    0.00000000000000000e+00
    5.32646470147037226e-02    0.00000000000000000e+00    0.00000000000000000e+00
    5.39737067214484528e-02    0.00000000000000000e+00    0.00000000000000000e+00
    5.46827664281931969e-02    0.00000000000000000e+00    0.00000000000000000e+00
    5.53918261349379062e-02    0.00000000000000000e+00    0.00000000000000000e+00
    5.61008858416825323e-02    0.00000000000000000e+00    0.00000000000000000e+00
    5.68099455484275401e-02    0.00000000000000000e+00    0.00000000000000000e+00
    5.75190052551724021e-02    0.00000000000000000e+00    0.00000000000000000e+00
    5.82280649619170559e-02    0.00000000000000000e+00    0.00000000000000000e+00
    5.89371246686616890e-02    0.00000000000000000e+00    0.00000000000000000e+00
    5.96461843754064955e-02    0.00000000000000000e+00    0.00000000000000000e+00
    6.03552440821514061e-02    0.00000000000000000e+00    0.00000000000000000e+00
    6.10643037888960460e-02    0.00000000000000000e+00    0.00000000000000000e+00
    6.17733634956407693e-02    0.00000000000000000e+00    0.00000000000000000e+00
    6.24824232023855689e-02    0.00000000000000000e+00    0.00000000000000000e+00
    6.31914829091302505e-02    0.00000000000000000e+00    0.00000000000000000e+00
    6.39005426158748696e-02    0.00000000000000000e+00    0.00000000000000000e+00
    6.46096023226196969e-02    0.00000000000000000e+00    0.00000000000000000e+00
    6.53186620293643300e-02    0.00000000000000000e+00    0.00000000000000000e+00
    6.60277217361091573e-02    0.00000000000000000e+00    0.00000000000000000e+00
    6.67367814428539013e-02    0.00000000000000000e+00    0.00000000000000000e+00
    6.74458411495985344e-02    0.00000000000000000e+00    0.00000000000000000e+00
    6.81549008563432646e-02    0.00000000000000000e+00    0.00000000000000000e+00
    6.88639605630880225e-02    0.00000000000000000e+00    0.00000000000000000e+00
    6.95730202698326972e-02    0.00000000000000000e+00    0.00000000000000000e+00
    7.02820799765772608e-02    0.00000000000000000e+00    0.00000000000000000e+00
    7.09911396833219771e-02    0.00000000000000000e+00    0.00000000000000000e+00
    7.17001993900667628e-02    0.00000000000000000e+00    0.00000000000000000e+00
    7.24092590968116595e-02    0.00000000000000000e+00    0.00000000000000000e+00
    7.31183188035562232e-02    0.00000000000000000e+00    0.00000000000000000e+00
    7.38273785103009950e-02    0.00000000000000000e+00    0.00000000000000000e+00
    7.45364382170458084e-02    0.00000000000000000e+00    0.00000000000000000e+00
    7.52454979237904137e-02    0.00000000000000000e+00    0.00000000000000000e+00
    7.59545576305351161e-02    0.00000000000000000e+00    0.00000000000000000e+00
    7.66636173372799989e-02    0.00000000000000000e+00    0.00000000000000000e+00
    7.73726770440247985e-02    0.00000000000000000e+00    0.00000000000000000e+00
    7.80817367507693760e-02    0.00000000000000000e+00    0.00000000000000000e+00
    7.87907964575140507e-02    0.00000000000000000e+00    0.00000000000000000e+00
    7.94998561642588780e-02    0.00000000000000000e+00    0.00000000000000000e+00
    8.02089158710039135e-02    0.00000000000000000e+00    0.00000000000000000e+00
    8.09179755777485882e-02    0.00000000000000000e+00    0.00000000000000000e+00
    8.16270352844932351e-02    0.00000000000000000e+00    0.00000000000000000e+00
    8.23360949912380485e-02    0.00000000000000000e+00    0.00000000000000000e+00
    8.30451546979829175e-02    0.00000000000000000e+00    0.00000000000000000e+00
    8.37542144047276199e-02    0.00000000000000000e+00    0.00000000000000000e+00
    8.44632741114722668e-02    0.00000000000000000e+00    0.00000000000000000e+00
    8.51723338182169970e-02    0.00000000000000000e+00    0.00000000000000000e+00
    8.58813935249616855e-02    0.00000000000000000e+00    0.00000000000000000e+00
    8.65904532317062908e-02    0.00000000000000000e+00    0.00000000000000000e+00
    8.72995129384509239e-02    0.00000000000000000e+00    0.00000000000000000e+00
    8.80085726451959593e-02    0.00000000000000000e+00    0.00000000000000000e+00
    8.87176323519407173e-02    0.00000000000000000e+00    0.00000000000000000e+00
    8.94266920586853087e-02    0.00000000000000000e+00    0.00000000000000000e+00
    9.01357517654299695e-02    0.00000000000000000e+00    0.00000000000000000e+00
    9.08448114721746025e-02    0.00000000000000000e+00    0.00000000000000000e+00
    9.15538711789192772e-02    0.00000000000000000e+00    0.00000000000000000e+00
    9.22629308856640629e-02    0.00000000000000000e+00    0.00000000000000000e+00
    9.29719905924088624e-02    0.00000000000000000e+00    0.00000000000000000e+00
    9.36810502991535093e-02    0.00000000000000000e+00    0.00000000000000000e+00
    9.43901100058980452e-02    0.00000000000000000e+00    0.00000000000000000e+00
    9.50991697126427893e-02    0.00000000000000000e+00    0.00000000000000000e+00
    9.58082294193876721e-02    0.00000000000000000e+00    0.00000000000000000e+00
    9.65172891261323468e-02    0.00000000000000000e+00    0.00000000000000000e+00
    9.72263488328771880e-02    0.00000000000000000e+00    0.00000000000000000e+00
    9.79354085396218904e-02    0.00000000000000000e+00    0.00000000000000000e+00
    9.86444682463664818e-02    0.00000000000000000e+00    0.00000000000000000e+00
    9.93535279531111148e-02    0.00000000000000000e+00    0.00000000000000000e+00
    1.00062587659855956e-01    0.00000000000000000e+00    0.00000000000000000e+00
    1.00771647366600645e-01    0.00000000000000000e+00    0.00000000000000000e+00
    1.01480707073345278e-01    0.00000000000000000e+00    0.00000000000000000e+00
    1.02189766780090188e-01    0.00000000000000000e+00    0.00000000000000000e+00
    1.02898826486834918e-01    0.00000000000000000e+00    0.00000000000000000e+00
    1.03607886193579732e-01    0.00000000000000000e+00    0.00000000000000000e+00
    1.04316945900324407e-01    0.00000000000000000e+00    0.00000000000000000e+00
    1.05026005607069095e-01    0.00000000000000000e+00    0.00000000000000000e+00
    1.05735065313813825e-01    0.00000000000000000e+00    0.00000000000000000e+00
    1.06444125020558653e-01    0.00000000000000000e+00    0.00000000000000000e+00
    1.07153184727303299e-01    0.00000000000000000e+00    0.00000000000000000e+00
    1.07862244434047863e-01    0.00000000000000000e+00    0.00000000000000000e+00
    1.08571304140792566e-01    0.00000000000000000e+00    0.00000000000000000e+00
    1.09280363847537448e-01    0.00000000000000000e+00    0.00000000000000000e+00
    1.09989423554282165e-01    0.00000000000000000e+00    0.00000000000000000e+00
    1.10698483261026895e-01    0.00000000000000000e+00    0.00000000000000000e+00
    1.11407542967771903e-01    0.00000000000000000e+00    0.00000000000000000e+00
    1.12116602674516536e-01    0.00000000000000000e+00    0.00000000000000000e+00
    1.12825662381261294e-01    0.00000000000000000e+00    0.00000000000000000e+00
    1.13534722088006176e-01    0.00000000000000000e+00    0.00000000000000000e+00
    1.14243781794750782e-01    0.00000000000000000e+00    0.00000000000000000e+00
    1.14952841501495401e-01    0.00000000000000000e+00    0.00000000000000000e+00
    1.15661901208240117e-01    0.00000000000000000e+00    0.00000000000000000e+00
    1.16370960914984917e-01    0.00000000000000000e+00    0.00000000000000000e+00
    1.17080020621729661e-01    0.00000000000000000e+00    0.00000000000000000e+00
    1.17789080328474308e-01    0.00000000000000000e+00    0.00000000000000000e+00
    1.18498140035218913e-01    0.00000000000000000e+00    0.00000000000000000e+00
    1.19207199741963962e-01    0.00000000000000000e+00    0.00000000000000000e+00
    1.19916259448708734e-01    0.00000000000000000e+00    0.00000000000000000e+00
    1.20625319155453395e-01    0.00000000000000000e+00    0.00000000000000000e+00
    1.21334378862198070e-01    0.00000000000000000e+00    0.00000000000000000e+00
    1.22043438568942897e-01    0.00000000000000000e+00    0.00000000000000000e+00
    1.22752498275687544e-01    0.00000000000000000e+00    0.00000000000000000e+00
    1.23461557982432177e-01    0.00000000000000000e+00    0.00000000000000000e+00
    1.24170617689177087e-01    0.00000000000000000e+00    0.00000000000000000e+00
    1.24879677395921859e-01    0.00000000000000000e+00    0.00000000000000000e+00
    1.25588737102666492e-01    0.00000000000000000e+00    0.00000000000000000e+00
    1.26297796809411333e-01    0.00000000000000000e+00    0.00000000000000000e+00
    1.27006856516156202e-01    0.00000000000000000e+00    0.00000000000000000e+00
    1.27715916222900794e-01    0.00000000000000000e+00    0.00000000000000000e+00
    1.28424975929645441e-01    0.00000000000000000e+00    0.00000000000000000e+00
    1.29134035636390226e-01    0.00000000000000000e+00    0.00000000000000000e+00
    1.29843095343135040e-01    0.00000000000000000e+00    0.00000000000000000e+00
    1.30552155049879798e-01    0.00000000000000000e+00    0.00000000000000000e+00
    1.31261214756624445e-01    0.00000000000000000e+00    0.00000000000000000e+00
    1.31970274463369258e-01    0.00000000000000000e+00    0.00000000000000000e+00
    1.32679334170113961e-01    0.00000000000000000e+00    0.00000000000000000e+00
    1.33388393876858607e-01    0.00000000000000000e+00    0.00000000000000000e+00
    1.34097453583603199e-01    0.00000000000000000e+00    0.00000000000000000e+00
    1.34806513290348207e-01    0.00000000000000000e+00    0.00000000000000000e+00
    1.35515572997093020e-01    0.00000000000000000e+00    0.00000000000000000e+00
    1.36224632703837639e-01    0.00000000000000000e+00    0.00000000000000000e+00
    1.36933692410582314e-01    0.00000000000000000e+00    0.00000000000000000e+00
    1.37642752117327100e-01    0.00000000000000000e+00    0.00000000000000000e+00
    1.38351811824071913e-01    0.00000000000000000e+00    0.00000000000000000e+00
    1.39060871530816588e-01    0.00000000000000000e+00    0.00000000000000000e+00
    1.39769931237561207e-01    0.00000000000000000e+00    0.00000000000000000e+00
    1.40478990944305882e-01    0.00000000000000000e+00    0.00000000000000000e+00
    1.41188050651050695e-01    0.00000000000000000e+00    0.00000000000000000e+00
    1.41897110357795397e-01    0.00000000000000000e+00    0.00000000000000000e+00
    1.42606170064540239e-01    0.00000000000000000e+00    0.00000000000000000e+00
    1.43315229771285052e-01    0.00000000000000000e+00    0.00000000000000000e+00
    1.44024289478029865e-01    0.00000000000000000e+00    0.00000000000000000e+00
    1.44733349184774568e-01    0.00000000000000000e+00    0.00000000000000000e+00
    1.45442408891519215e-01    0.00000000000000000e+00    0.00000000000000000e+00
    1.46151468598263834e-01    0.00000000000000000e+00    0.00000000000000000e+00
    1.46860528305008620e-01    0.00000000000000000e+00    0.00000000000000000e+00
    1.47569588011753378e-01    0.00000000000000000e+00    0.00000000000000000e+00
    1.48278647718497969e-01    0.00000000000000000e+00    0.00000000000000000e+00
    1.48987707425242755e-01    0.00000000000000000e+00    0.00000000000000000e+00
    1.49696767131987513e-01    0.00000000000000000e+00    0.00000000000000000e+00
    1.50405826838732354e-01    0.00000000000000000e+00    0.00000000000000000e+00
    1.51114886545477278e-01    0.00000000000000000e+00    0.00000000000000000e+00
    1.51823946252222119e-01    0.00000000000000000e+00    0.00000000000000000e+00
    1.52533005958966683e-01    0.00000000000000000e+00    0.00000000000000000e+00
    1.53242065665711330e-01    0.00000000000000000e+00    0.00000000000000000e+00
    1.53951125372456143e-01    0.00000000000000000e+00    0.00000000000000000e+00
    1.54660185079200874e-01    0.00000000000000000e+00    0.00000000000000000e+00
    1.55369244785945493e-01    0.00000000000000000e+00    0.00000000000000000e+00
    1.56078304492690334e-01    0.00000000000000000e+00    0.00000000000000000e+00
    1.56787364199435036e-01    0.00000000000000000e+00    0.00000000000000000e+00
    1.57496423906179656e-01    0.00000000000000000e+00    0.00000000000000000e+00
    1.58205483612924525e-01    0.00000000000000000e+00    0.00000000000000000e+00
    1.58914543319669199e-01    0.00000000000000000e+00    0.00000000000000000e+00
    1.59623603026414040e-01    0.00000000000000000e+00    0.00000000000000000e+00
    1.60332662733158854e-01    0.00000000000000000e+00    0.00000000000000000e+00
    1.61041722439903501e-01    0.00000000000000000e+00    0.00000000000000000e+00
    1.61750782146648203e-01    0.00000000000000000e+00    0.00000000000000000e+00
    1.62459841853393044e-01    0.00000000000000000e+00    0.00000000000000000e+00
    1.63168901560137636e-01    0.00000000000000000e+00    0.00000000000000000e+00
    1.63877961266882255e-01    0.00000000000000000e+00    0.00000000000000000e+00
    1.64587020973626957e-01    0.00000000000000000e+00    0.00000000000000000e+00
    1.65296080680371937e-01    0.00000000000000000e+00    0.00000000000000000e+00
    1.66005140387116779e-01    0.00000000000000000e+00    0.00000000000000000e+00
    1.66714200093861536e-01    0.00000000000000000e+00    0.00000000000000000e+00
    1.67423259800606128e-01    0.00000000000000000e+00    0.00000000000000000e+00
    1.68132319507350858e-01    0.00000000000000000e+00    0.00000000000000000e+00
    1.68841379214095644e-01    0.00000000000000000e+00    0.00000000000000000e+00
    1.69550438920840291e-01    0.00000000000000000e+00    0.00000000000000000e+00
    1.70259498627584938e-01    0.00000000000000000e+00    0.00000000000000000e+00
    1.70968558334329696e-01    0.00000000000000000e+00    0.00000000000000000e+00
    1.71677618041074453e-01    0.00000000000000000e+00    0.00000000000000000e+00
    1.72386677747819100e-01    0.00000000000000000e+00    0.00000000000000000e+00
    1.73095737454563942e-01    0.00000000000000000e+00    0.00000000000000000e+00
    1.73804797161308588e-01    0.00000000000000000e+00    0.00000000000000000e+00
    1.74513856868053457e-01    0.00000000000000000e+00    0.00000000000000000e+00
    1.75222916574798243e-01    0.00000000000000000e+00    0.00000000000000000e+00
    1.75931976281543001e-01    0.00000000000000000e+00    0.00000000000000000e+00
    1.76641035988287592e-01    0.00000000000000000e+00    0.00000000000000000e+00
    1.77350095695032212e-01    0.00000000000000000e+00    0.00000000000000000e+00
    1.78059155401776997e-01    0.00000000000000000e+00    0.00000000000000000e+00
    1.78768215108521783e-01    0.00000000000000000e+00    0.00000000000000000e+00
    1.79477274815266374e-01    0.00000000000000000e+00    0.00000000000000000e+00
    1.80186334522010938e-01    0.00000000000000000e+00    0.00000000000000000e+00
    1.80895394228756057e-01    0.00000000000000000e+00    0.00000000000000000e+00
    1.81604453935500953e-01    0.00000000000000000e+00    0.00000000000000000e+00
    1.82313513642245573e-01    0.00000000000000000e+00    0.00000000000000000e+00
    1.83022573348990220e-01    0.00000000000000000e+00    0.00000000000000000e+00
    1.83731633055734977e-01    0.00000000000000000e+00    0.00000000000000000e+00
    1.84440692762479708e-01    0.00000000000000000e+00    0.00000000000000000e+00
    1.85149752469224355e-01    0.00000000000000000e+00    0.00000000000000000e+00
    1.85858812175968946e-01    0.00000000000000000e+00    0.00000000000000000e+00
    1.86567871882713676e-01    0.00000000000000000e+00    0.00000000000000000e+00
    1.87276931589458462e-01    0.00000000000000000e+00    0.00000000000000000e+00
    1.87985991296203303e-01    0.00000000000000000e+00    0.00000000000000000e+00
    1.88695051002948200e-01    0.00000000000000000e+00    0.00000000000000000e+00
    1.89404110709692791e-01    0.00000000000000000e+00    0.00000000000000000e+00
    1.90113170416437605e-01    0.00000000000000000e+00    0.00000000000000000e+00
    1.90822230123182363e-01    0.00000000000000000e+00    0.00000000000000000e+00
    1.91531289829927009e-01    0.00000000000000000e+00    0.00000000000000000e+00
    1.92240349536671629e-01    0.00000000000000000e+00    0.00000000000000000e+00
    1.92949409243416442e-01    0.00000000000000000e+00    0.00000000000000000e+00
    1.93658468950161144e-01    0.00000000000000000e+00    0.00000000000000000e+00
    1.94367528656905764e-01    0.00000000000000000e+00    0.00000000000000000e+00
    1.95076588363650549e-01    0.00000000000000000e+00    0.00000000000000000e+00
    1.95785648070395418e-01    0.00000000000000000e+00    0.00000000000000000e+00
    1.96494707777140398e-01    0.00000000000000000e+00    0.00000000000000000e+00
    1.97203767483884962e-01    0.00000000000000000e+00    0.00000000000000000e+00
    1.97912827190629775e-01    0.00000000000000000e+00    0.00000000000000000e+00
    1.98621886897374533e-01    0.00000000000000000e+00    0.00000000000000000e+00
    1.99330946604119097e-01    0.00000000000000000e+00    0.00000000000000000e+00
    2.00040006310863910e-01    0.00000000000000000e+00    0.00000000000000000e+00
    2.00749066017608668e-01    0.00000000000000000e+00    0.00000000000000000e+00
    2.01458125724353287e-01    0.00000000000000000e+00    0.00000000000000000e+00
    2.02167185431098018e-01    0.00000000000000000e+00    0.00000000000000000e+00
    2.02876245137842887e-01    0.00000000000000000e+00    0.00000000000000000e+00
    2.03585304844587672e-01    0.00000000000000000e+00    0.00000000000000000e+00
    2.04294364551332513e-01    0.00000000000000000e+00    0.00000000000000000e+00
    2.05003424258077133e-01    0.00000000000000000e+00    0.00000000000000000e+00
    2.05712483964821863e-01    0.00000000000000000e+00    0.00000000000000000e+00
    2.06421543671566649e-01    0.00000000000000000e+00    0.00000000000000000e+00
    2.07130603378311295e-01    0.00000000000000000e+00    0.00000000000000000e+00
    2.07839663085056081e-01    0.00000000000000000e+00    0.00000000000000000e+00
    2.08548722791800922e-01    0.00000000000000000e+00    0.00000000000000000e+00
    2.09257782498545486e-01    0.00000000000000000e+00    0.00000000000000000e+00
    2.09966842205290216e-01    0.00000000000000000e+00    0.00000000000000000e+00
    2.10675901912035002e-01    0.00000000000000000e+00    0.00000000000000000e+00
    2.11384961618779788e-01    0.00000000000000000e+00    0.00000000000000000e+00
    2.12094021325524684e-01    0.00000000000000000e+00    0.00000000000000000e+00
    2.12803081032269248e-01    0.00000000000000000e+00    0.00000000000000000e+00
    2.13512140739013867e-01    0.00000000000000000e+00    0.00000000000000000e+00
    2.14221200445758708e-01    0.00000000000000000e+00    0.00000000000000000e+00
    2.14930260152503383e-01    0.00000000000000000e+00    0.00000000000000000e+00
    2.15639319859248030e-01    0.00000000000000000e+00    0.00000000000000000e+00
    2.16348379565992649e-01    0.00000000000000000e+00    0.00000000000000000e+00
    2.17057439272737462e-01    0.00000000000000000e+00    0.00000000000000000e+00
    2.17766498979482276e-01    0.00000000000000000e+00    0.00000000000000000e+00
    2.18475558686227062e-01    0.00000000000000000e+00    0.00000000000000000e+00
    2.19184618392971681e-01    0.00000000000000000e+00    0.00000000000000000e+00
    2.19893678099716605e-01    0.00000000000000000e+00    0.00000000000000000e+00
    2.20602737806461446e-01    0.00000000000000000e+00    0.00000000000000000e+00
    2.21311797513206010e-01    0.00000000000000000e+00    0.00000000000000000e+00
    2.22020857219950657e-01    0.00000000000000000e+00    0.00000000000000000e+00
    2.22729916926695443e-01    0.00000000000000000e+00    0.00000000000000000e+00
    2.23438976633440201e-01    0.00000000000000000e+00    0.00000000000000000e+00
    2.24148036340184792e-01    0.00000000000000000e+00    0.00000000000000000e+00
    2.24857096046929494e-01    0.00000000000000000e+00    0.00000000000000000e+00
    2.25566155753674336e-01    0.00000000000000000e+00    0.00000000000000000e+00
    2.26275215460418982e-01    0.00000000000000000e+00    0.00000000000000000e+00
    2.26984275167163740e-01    0.00000000000000000e+00    0.00000000000000000e+00
    2.27693334873908693e-01    0.00000000000000000e+00    0.00000000000000000e+00
    2.28402394580653312e-01    0.00000000000000000e+00    0.00000000000000000e+00
    2.29111454287397903e-01    0.00000000000000000e+00    0.00000000000000000e+00
    2.29820513994142744e-01    0.00000000000000000e+00    0.00000000000000000e+00
    2.30529573700887558e-01    0.00000000000000000e+00    0.00000000000000000e+00
    2.31238633407632149e-01    0.00000000000000000e+00    0.00000000000000000e+00
    2.31947693114376907e-01    0.00000000000000000e+00    0.00000000000000000e+00
    2.32656752821121748e-01    0.00000000000000000e+00    0.00000000000000000e+00
    2.33365812527866451e-01    0.00000000000000000e+00    0.00000000000000000e+00
    2.34074872234611153e-01    0.00000000000000000e+00    0.00000000000000000e+00
    2.34783931941355717e-01    0.00000000000000000e+00    0.00000000000000000e+00
    2.35492991648100641e-01    0.00000000000000000e+00    0.00000000000000000e+00
    2.36202051354845455e-01    0.00000000000000000e+00    0.00000000000000000e+00
    2.36911111061590157e-01    0.00000000000000000e+00    0.00000000000000000e+00
    2.37620170768334804e-01    0.00000000000000000e+00    0.00000000000000000e+00
    2.38329230475079645e-01    0.00000000000000000e+00    0.00000000000000000e+00
    2.39038290181824348e-01    0.00000000000000000e+00    0.00000000000000000e+00
    2.39747349888569022e-01    0.00000000000000000e+00    0.00000000000000000e+00
    2.40456409595313808e-01    0.00000000000000000e+00    0.00000000000000000e+00
    2.41165469302058372e-01    0.00000000000000000e+00    0.00000000000000000e+00
    2.41874529008803130e-01    0.00000000000000000e+00    0.00000000000000000e+00
    2.42583588715547832e-01    0.00000000000000000e+00    0.00000000000000000e+00
    2.43292648422292701e-01    0.00000000000000000e+00    0.00000000000000000e+00
    2.44001708129037542e-01    0.00000000000000000e+00    0.00000000000000000e+00
    2.44710767835782300e-01    0.00000000000000000e+00    0.00000000000000000e+00
    2.45419827542526892e-01    0.00000000000000000e+00    0.00000000000000000e+00
    2.46128887249271566e-01    0.00000000000000000e+00    0.00000000000000000e+00
    2.46837946956016352e-01    0.00000000000000000e+00    0.00000000000000000e+00
    2.47547006662761054e-01    0.00000000000000000e+00    0.00000000000000000e+00
    2.48256066369505896e-01    0.00000000000000000e+00    0.00000000000000000e+00
    2.48965126076250681e-01    0.00000000000000000e+00    0.00000000000000000e+00
    2.49674185782995411e-01    0.00000000000000000e+00    0.00000000000000000e+00
    2.50383245489740225e-01    0.00000000000000000e+00    0.00000000000000000e+00
    2.51092305196485288e-01    0.00000000000000000e+00    0.00000000000000000e+00
    2.51801364903230074e-01    0.00000000000000000e+00    0.00000000000000000e+00
    2.52510424609974804e-01    0.00000000000000000e+00    0.00000000000000000e+00
    2.53219484316719479e-01    0.00000000000000000e+00    0.00000000000000000e+00
    2.53928544023464098e-01    0.00000000000000000e+00    0.00000000000000000e+00
    2.54637603730208772e-01    0.00000000000000000e+00    0.00000000000000000e+00
    2.55346663436953503e-01    0.00000000000000000e+00    0.00000000000000000e+00
    2.56055723143698177e-01    0.00000000000000000e+00    0.00000000000000000e+00
    2.56764782850442963e-01    0.00000000000000000e+00    0.00000000000000000e+00
    2.57473842557187804e-01    0.00000000000000000e+00    0.00000000000000000e+00
    2.58182902263932479e-01    0.00000000000000000e+00    0.00000000000000000e+00
    2.58891961970677376e-01    0.00000000000000000e+00    0.00000000000000000e+00
    2.59601021677422106e-01    0.00000000000000000e+00    0.00000000000000000e+00
    2.60310081384166947e-01    0.00000000000000000e+00    0.00000000000000000e+00
    2.61019141090911677e-01    0.00000000000000000e+00    0.00000000000000000e+00
    2.61728200797656407e-01    0.00000000000000000e+00    0.00000000000000000e+00
    2.62437260504401249e-01    0.00000000000000000e+00    0.00000000000000000e+00
    2.63146320211146145e-01    0.00000000000000000e+00    0.00000000000000000e+00
    2.63855379917890931e-01    0.00000000000000000e+00    0.00000000000000000e+00
    2.64564439624635550e-01    0.00000000000000000e+00    0.00000000000000000e+00
    2.65273499331380225e-01    0.00000000000000000e+00    0.00000000000000000e+00
    2.65982559038125177e-01    0.00000000000000000e+00    0.00000000000000000e+00
    2.66691618744870351e-01    0.00000000000000000e+00    0.00000000000000000e+00
    2.67400678451614970e-01    0.00000000000000000e+00    0.00000000000000000e+00
    2.68109738158359756e-01    0.00000000000000000e+00    0.00000000000000000e+00
    2.68818797865104486e-01    0.00000000000000000e+00    0.00000000000000000e+00
    2.69527857571849272e-01    0.00000000000000000e+00    0.00000000000000000e+00
    2.70236917278594058e-01    0.00000000000000000e+00    0.00000000000000000e+00
    2.70945976985338788e-01    0.00000000000000000e+00    0.00000000000000000e+00
    2.71655036692083629e-01    0.00000000000000000e+00    0.00000000000000000e+00
    2.72364096398828359e-01    0.00000000000000000e+00    0.00000000000000000e+00
    2.73073156105573145e-01    0.00000000000000000e+00    0.00000000000000000e+00
    2.73782215812317820e-01    0.00000000000000000e+00    0.00000000000000000e+00
    2.74491275519062827e-01    0.00000000000000000e+00    0.00000000000000000e+00
    2.75200335225807446e-01    0.00000000000000000e+00    0.00000000000000000e+00
    2.75909394932552232e-01    0.00000000000000000e+00    0.00000000000000000e+00
    2.76618454639297073e-01    0.00000000000000000e+00    0.00000000000000000e+00
    2.77327514346041859e-01    0.00000000000000000e+00    0.00000000000000000e+00
    2.78036574052786478e-01    0.00000000000000000e+00    0.00000000000000000e+00
    2.78745633759531430e-01    0.00000000000000000e+00    0.00000000000000000e+00
    2.79454693466276272e-01    0.00000000000000000e+00    0.00000000000000000e+00
    2.80163753173021002e-01    0.00000000000000000e+00    0.00000000000000000e+00
    2.80872812879765787e-01    0.00000000000000000e+00    0.00000000000000000e+00
    2.81581872586510684e-01    0.00000000000000000e+00    0.00000000000000000e+00
    2.82290932293255470e-01    0.00000000000000000e+00    0.00000000000000000e+00
    2.82999991999999978e-01    0.00000000000000000e+00    0.00000000000000000e+00
