# nodeID, x0, y0, z0, dx, dy, dz, SF1, SF2, SF3, SE1, SE2, SE3
              1   -2.300000e-01    6.020000e-02    0.000000e+00   -4.851753e-44    3.848636e-44   -1.271345e-44    1.165893e-05    9.919805e-06   -6.301725e-06    4.123548e-07    7.018759e-07   -4.458785e-07
              2   -2.298940e-01    6.016700e-02   -1.997000e-03   -3.467055e-05   -1.802724e-04    9.613670e-06    1.147239e-05    7.647408e-06   -7.934678e-06    4.057572e-07    5.410928e-07   -5.614184e-07
              3   -2.297890e-01    6.006700e-02   -3.992000e-03   -3.381830e-05   -3.072818e-04    2.018848e-05    1.119029e-05    2.513067e-06   -8.984667e-06    3.957799e-07    1.778122e-07   -6.357106e-07
              4   -2.296830e-01    5.990200e-02   -5.982000e-03   -3.511424e-05   -4.049170e-04    3.086619e-05    1.093834e-05   -1.809715e-06   -1.070247e-06    3.868687e-07   -1.280465e-07   -7.572536e-08
              5   -2.295780e-01    5.967000e-02   -7.966000e-03   -5.434020e-05   -4.759063e-04    3.974940e-05    1.093391e-05    1.082328e-06    1.263024e-05    3.867120e-07    7.658010e-08    8.936530e-07
              6   -2.294720e-01    5.937300e-02   -9.941000e-03   -7.566624e-05   -5.181571e-04    4.564823e-05    1.050119e-05    6.019577e-06    6.460472e-06    3.714075e-07    4.259155e-07    4.571111e-07
              7   -2.293660e-01    5.901100e-02   -1.190500e-02   -6.268706e-05   -5.439704e-04    5.148179e-05    1.013525e-05   -2.126583e-06   -1.107295e-05    3.584651e-07   -1.504664e-07   -7.834667e-07
              8   -2.292610e-01    5.858400e-02   -1.385600e-02   -2.574876e-05   -5.640975e-04    5.856818e-05    1.012589e-05   -3.712510e-06   -7.397059e-06    3.581338e-07   -2.626789e-07   -5.233793e-07
              9   -2.291550e-01    5.809200e-02   -1.579200e-02   -6.930921e-06   -5.687105e-04    6.116007e-05    9.869276e-06    6.837237e-06    5.754109e-06    3.490580e-07    4.837690e-07    4.071322e-07
             10   -2.290500e-01    5.753600e-02   -1.771000e-02   -1.110127e-05   -5.640997e-04    5.990785e-05    9.616637e-06    2.603399e-07    9.970906e-06    3.401226e-07    1.842040e-08    7.054916e-07
             11   -2.289440e-01    5.691700e-02   -1.960900e-02   -1.723906e-05   -5.591090e-04    5.816707e-05    9.768492e-06   -4.432865e-06    3.505091e-06    3.454934e-07   -3.136476e-07    2.480030e-07
             12   -2.288380e-01    5.623500e-02   -2.148600e-02   -4.423423e-06   -5.456367e-04    5.427395e-05    9.671506e-06    3.613760e-06   -6.375030e-06    3.420632e-07    2.556918e-07   -4.510656e-07
             13   -2.287330e-01    5.549100e-02   -2.333900e-02    1.659934e-05   -5.262541e-04    4.818660e-05    9.069616e-06    4.401218e-06   -2.484409e-06    3.207755e-07    3.114083e-07   -1.757844e-07
             14   -2.286270e-01    5.468700e-02   -2.516700e-02    1.749714e-05   -5.156186e-04    4.399734e-05    8.937626e-06   -2.710309e-06    7.950769e-06    3.161072e-07   -1.917680e-07    5.625569e-07
             15   -2.285210e-01    5.382200e-02   -2.696700e-02    1.547610e-06   -5.115558e-04    4.150251e-05    9.214121e-06   -2.870805e-06    7.491356e-06    3.258863e-07   -2.031239e-07    5.300511e-07
             16   -2.284160e-01    5.289700e-02   -2.873800e-02   -1.131422e-05   -5.033171e-04    3.670013e-05    8.987279e-06    4.154568e-06    2.542231e-06    3.178634e-07    2.939566e-07    1.798756e-07
             17   -2.283100e-01    5.191500e-02   -3.047700e-02   -1.459679e-05   -4.931133e-04    3.105842e-05    8.564501e-06    8.472080e-07    1.528628e-06    3.029105e-07    5.994425e-08    1.081582e-07
             18   -2.282050e-01    5.087600e-02   -3.218200e-02   -7.795976e-06   -4.905319e-04    3.025626e-05    8.497919e-06   -2.332476e-06    6.434659e-07    3.005556e-07   -1.650344e-07    4.552842e-08
             19   -2.280990e-01    4.978000e-02   -3.385200e-02   -2.231073e-06   -4.917823e-04    3.176385e-05    8.383523e-06    4.731371e-07    3.094000e-06    2.965096e-07    3.347684e-08    2.189162e-07
             20   -2.279930e-01    4.863000e-02   -3.548500e-02   -4.013925e-06   -4.952856e-04    3.443380e-05    8.198078e-06   -3.113768e-07    5.584346e-06    2.899507e-07   -2.203149e-08    3.951206e-07
             21   -2.278880e-01    4.742600e-02   -3.707800e-02   -6.537574e-06   -4.982284e-04    3.676931e-05    8.079433e-06   -1.214537e-06    4.913870e-06    2.857545e-07   -8.593461e-08    3.476811e-07
             22   -2.277820e-01    4.617000e-02   -3.863100e-02   -7.062485e-06   -4.979507e-04    3.676999e-05    7.829279e-06    1.672726e-06    2.856146e-06    2.769070e-07    1.183538e-07    2.020867e-07
             23   -2.276770e-01    4.486300e-02   -4.014200e-02   -8.971801e-07   -4.965912e-04    3.639651e-05    7.422000e-06    8.258870e-07   -4.113019e-07    2.625023e-07    5.843566e-08   -2.910168e-08
             24   -2.275710e-01    4.350700e-02   -4.160800e-02   -2.897631e-07   -4.961638e-04    3.642672e-05    7.188167e-06   -1.135920e-06    6.340502e-06    2.542321e-07   -8.037209e-08    4.486225e-07
             25   -2.274650e-01    4.210300e-02   -4.302800e-02   -7.877414e-06   -4.954621e-04    3.552257e-05    7.038932e-06    1.931424e-07    9.277585e-06    2.489540e-07    1.366580e-08    6.564359e-07
             26   -2.273600e-01    4.065200e-02   -4.440100e-02   -8.233013e-06   -4.926790e-04    3.287173e-05    6.735549e-06    6.466888e-07   -2.394989e-08    2.382239e-07    4.575649e-08   -1.694588e-09
             27   -2.272540e-01    3.915700e-02   -4.572500e-02   -2.686975e-06   -4.893130e-04    2.992401e-05    6.357182e-06    8.129205e-07    1.608959e-06    2.248417e-07    5.751820e-08    1.138420e-07
             28   -2.271490e-01    3.761900e-02   -4.699900e-02   -2.493191e-06   -4.887666e-04    2.973063e-05    6.123483e-06   -3.185289e-07    9.572665e-06    2.165762e-07   -2.253752e-08    6.773142e-07
             29   -2.270430e-01    3.603900e-02   -4.822100e-02   -6.495029e-06   -4.882217e-04    2.906747e-05    5.906313e-06   -3.719132e-07    4.777358e-06    2.088953e-07   -2.631473e-08    3.380221e-07
             30   -2.269370e-01    3.441900e-02   -4.939000e-02   -4.764657e-06   -4.874360e-04    2.855116e-05    5.616954e-06   -2.887068e-07    1.628461e-06    1.986612e-07   -2.042747e-08    1.152218e-07
             31   -2.268320e-01    3.276200e-02   -5.050400e-02   -2.571048e-06   -4.869338e-04    2.842961e-05    5.307045e-06    1.053628e-06    6.781883e-06    1.877003e-07    7.454950e-08    4.798525e-07
             32   -2.267260e-01    3.106900e-02   -5.156300e-02   -5.498112e-06   -4.863742e-04    2.769279e-05    5.013487e-06   -5.042911e-07    6.964826e-06    1.773177e-07   -3.568114e-08    4.927964e-07
             33   -2.266210e-01    2.934100e-02   -5.256500e-02   -3.695462e-06   -4.860057e-04    2.772711e-05    4.808347e-06   -8.922882e-07    2.547500e-06    1.700623e-07   -6.313388e-08    1.802485e-07
             34   -2.265150e-01    2.758100e-02   -5.351000e-02   -3.338724e-06   -4.851432e-04    2.663811e-05    4.475162e-06    1.710117e-06    6.046350e-06    1.582782e-07    1.209994e-07    4.278098e-07
             35   -2.264090e-01    2.579100e-02   -5.439500e-02   -5.033297e-06   -4.837269e-04    2.409895e-05    4.195269e-06   -8.628776e-07    7.685134e-06    1.483789e-07   -6.105293e-08    5.437618e-07
             36   -2.263040e-01    2.397300e-02   -5.522100e-02   -4.495227e-06   -4.836428e-04    2.451422e-05    3.973906e-06    9.833077e-08    3.058326e-06    1.405497e-07    6.957405e-09    2.163920e-07
             37   -2.261980e-01    2.212800e-02   -5.598600e-02   -4.149735e-06   -4.830470e-04    2.381472e-05    3.681994e-06    3.390578e-08    7.290853e-06    1.302253e-07    2.399004e-09    5.158645e-07
             38   -2.260920e-01    2.025800e-02   -5.668900e-02   -5.085236e-06   -4.824310e-04    2.274647e-05    3.485054e-06   -4.589598e-07    6.292066e-06    1.232599e-07   -3.247373e-08    4.451953e-07
             39   -2.259870e-01    1.836700e-02   -5.733000e-02   -4.164194e-06   -4.823072e-04    2.325127e-05    3.208180e-06    3.666069e-07    4.659002e-06    1.134674e-07    2.593929e-08    3.296479e-07
             40   -2.258810e-01    1.645500e-02   -5.790700e-02   -4.036699e-06   -4.815382e-04    2.151542e-05    2.979733e-06   -8.831804e-07    7.764969e-06    1.053876e-07   -6.248945e-08    5.494106e-07
             41   -2.257760e-01    1.452500e-02   -5.842100e-02   -3.395391e-06   -4.811924e-04    2.127231e-05    2.754805e-06    5.182708e-07    4.975103e-06    9.743233e-08    3.667027e-08    3.520136e-07
             42   -2.256700e-01    1.257900e-02   -5.887100e-02   -3.935579e-06   -4.806585e-04    1.989477e-05    2.450038e-06    7.784095e-09    6.874164e-06    8.665329e-08    5.507665e-10    4.863818e-07
             43   -2.255640e-01    1.061900e-02   -5.925600e-02   -5.398843e-06   -4.803347e-04    1.913925e-05    2.278710e-06   -1.009526e-06    7.607905e-06    8.059374e-08   -7.142908e-08    5.382975e-07
             44   -2.254590e-01    8.648000e-03   -5.957600e-02   -4.440707e-06   -4.801014e-04    1.934192e-05    2.028032e-06    4.509137e-07    5.019061e-06    7.172771e-08    3.190441e-08    3.551240e-07
             45   -2.253530e-01    6.667000e-03   -5.983000e-02   -3.363355e-06   -4.796709e-04    1.832244e-05    1.794501e-06   -8.424284e-07    6.955803e-06    6.346816e-08   -5.960604e-08    4.921579e-07
             46   -2.252480e-01    4.678000e-03   -6.001800e-02   -2.570628e-06   -4.793841e-04    1.833235e-05    1.599842e-06    2.084005e-07    6.818402e-06    5.658344e-08    1.474537e-08    4.824362e-07
             47   -2.251420e-01    2.685000e-03   -6.014000e-02   -4.546207e-06   -4.791787e-04    1.706177e-05    1.348881e-06   -4.588358e-07    7.860057e-06    4.770743e-08   -3.246494e-08    5.561387e-07
             48   -2.250360e-01    6.890000e-04   -6.019600e-02   -5.875594e-06   -4.790026e-04    1.624881e-05    1.196476e-06   -1.140008e-06    6.740574e-06    4.231713e-08   -8.066132e-08    4.769295e-07
             49   -2.249310e-01   -1.309000e-03   -6.018600e-02   -3.889299e-06   -4.786851e-04    1.617205e-05    9.592769e-07    6.172763e-07    5.639823e-06    3.392784e-08    4.367540e-08    3.990457e-07
             50   -2.248250e-01   -3.304000e-03   -6.010900e-02   -2.994273e-06   -4.784457e-04    1.454828e-05    7.659100e-07   -9.668003e-07    8.123662e-06    2.708881e-08   -6.840598e-08    5.747900e-07
             51   -2.247200e-01   -5.296000e-03   -5.996700e-02   -3.615835e-06   -4.781539e-04    1.574095e-05    6.033926e-07   -1.662998e-07    7.243977e-06    2.134087e-08   -1.176655e-08    5.125480e-07
             52   -2.246140e-01   -7.283000e-03   -5.975800e-02   -4.482337e-06   -4.780482e-04    1.490623e-05    4.203305e-07   -9.886272e-07    7.290250e-06    1.486631e-08   -6.995034e-08    5.158218e-07
             53   -2.245080e-01   -9.261000e-03   -5.948300e-02   -4.592126e-06   -4.780439e-04    1.346115e-05    2.766333e-07   -7.647473e-07    7.106488e-06    9.784008e-09   -5.410972e-08    5.028197e-07
             54   -2.244030e-01   -1.122900e-02   -5.914300e-02   -3.610977e-06   -4.778888e-04    1.280866e-05    7.640797e-08    2.902894e-07    7.269458e-06    2.702408e-09    2.053944e-08    5.143508e-07
             55   -2.242970e-01   -1.318500e-02   -5.873800e-02   -4.101400e-06   -4.779609e-04    1.152632e-05   -1.166409e-07   -1.121024e-06    8.287278e-06   -4.125372e-09   -7.931811e-08    5.863666e-07
             56   -2.241920e-01   -1.512600e-02   -5.826900e-02   -3.246102e-06   -4.772659e-04    1.313739e-05   -2.305327e-07   -8.770214e-07    6.209922e-06   -8.153514e-09   -6.205367e-08    4.393832e-07
             57   -2.240860e-01   -1.705100e-02   -5.773500e-02   -3.653855e-06   -4.771352e-04    1.282982e-05   -3.966002e-07   -6.778766e-07    8.209740e-06   -1.402701e-08   -4.796317e-08    5.808804e-07
             58   -2.239800e-01   -1.895600e-02   -5.713700e-02   -4.767211e-06   -4.775977e-04    1.080515e-05   -5.221786e-07   -8.527576e-07    8.370941e-06   -1.846849e-08   -6.033691e-08    5.922864e-07
             59   -2.238750e-01   -2.084100e-02   -5.647700e-02   -4.371893e-06   -4.775517e-04    1.026925e-05   -7.070536e-07   -1.433262e-07    6.739183e-06   -2.500717e-08   -1.014105e-08    4.768310e-07
             60   -2.237690e-01   -2.270300e-02   -5.575500e-02   -4.377070e-06   -4.774988e-04    9.784199e-06   -8.159249e-07   -1.805121e-06    8.482279e-06   -2.885775e-08   -1.277214e-07    6.001640e-07
             61   -2.236640e-01   -2.454000e-02   -5.497100e-02   -2.490795e-06   -4.770398e-04    1.003602e-05   -9.123324e-07   -2.832466e-07    6.620706e-06   -3.226750e-08   -2.004111e-08    4.684481e-07
             62   -2.235580e-01   -2.635000e-02   -5.412700e-02   -3.139086e-06   -4.769259e-04    9.831778e-06   -1.055931e-06   -1.076192e-06    8.537962e-06   -3.734632e-08   -7.614604e-08    6.041039e-07
             63   -2.234520e-01   -2.813100e-02   -5.322300e-02   -5.068027e-06   -4.771722e-04    9.109626e-06   -1.110631e-06   -1.375017e-06    8.857920e-06   -3.928097e-08   -9.728933e-08    6.267422e-07
             64   -2.233470e-01   -2.988100e-02   -5.226000e-02   -3.390872e-06   -4.773143e-04    8.227640e-06   -1.255895e-06   -2.846838e-07    6.198248e-06   -4.441866e-08   -2.014283e-08    4.385574e-07
             65   -2.232410e-01   -3.159800e-02   -5.124000e-02   -3.352058e-06   -4.772991e-04    7.827075e-06   -1.313546e-06   -2.123842e-06    9.124493e-06   -4.645767e-08   -1.502725e-07    6.456035e-07
             66   -2.231350e-01   -3.328100e-02   -5.016400e-02   -4.844415e-06   -4.771011e-04    7.884328e-06   -1.361273e-06   -3.618771e-07    7.449647e-06   -4.814570e-08   -2.560464e-08    5.271001e-07
             67   -2.230300e-01   -3.492600e-02   -4.903200e-02   -3.292214e-06   -4.775324e-04    6.734508e-06   -1.480654e-06   -9.696451e-07    8.257882e-06   -5.236799e-08   -6.860726e-08    5.842867e-07
             68   -2.229240e-01   -3.653400e-02   -4.784700e-02   -4.813979e-06   -4.771120e-04    7.095834e-06   -1.493787e-06   -2.098769e-06    8.430141e-06   -5.283247e-08   -1.484985e-07    5.964749e-07
             69   -2.228190e-01   -3.810100e-02   -4.660900e-02   -3.562749e-06   -4.764557e-04    7.452994e-06   -1.527596e-06   -6.967615e-07    7.176977e-06   -5.402823e-08   -4.929939e-08    5.078072e-07
             70   -2.227130e-01   -3.962600e-02   -4.531900e-02   -3.257258e-06   -4.770276e-04    6.404586e-06   -1.583298e-06   -1.387161e-06    8.296181e-06   -5.599830e-08   -9.814861e-08    5.869967e-07
             71   -2.226070e-01   -4.110700e-02   -4.398000e-02   -4.716245e-06   -4.773305e-04    5.842483e-06   -1.592243e-06   -1.207262e-06    8.794693e-06   -5.631466e-08   -8.541981e-08    6.222687e-07
             72   -2.225020e-01   -4.254400e-02   -4.259200e-02   -5.556387e-06   -4.768797e-04    6.078377e-06   -1.614277e-06   -1.985805e-06    8.701808e-06   -5.709396e-08   -1.405057e-07    6.156966e-07
             73   -2.223960e-01   -4.393300e-02   -4.115700e-02   -4.145395e-06   -4.777777e-04    4.822218e-06   -1.588124e-06   -1.391344e-06    6.570152e-06   -5.616900e-08   -9.844462e-08    4.648716e-07
             74   -2.222910e-01   -4.527400e-02   -3.967700e-02   -1.290339e-06   -4.775921e-04    4.493539e-06   -1.667234e-06   -2.546791e-08    8.059237e-06   -5.896698e-08   -1.802011e-09    5.702317e-07
             75   -2.221850e-01   -4.656500e-02   -3.815400e-02   -3.532957e-06   -4.770403e-04    4.830626e-06   -1.622658e-06   -3.515843e-06    1.007004e-05   -5.739041e-08   -2.487635e-07    7.125055e-07
             76   -2.220790e-01   -4.780500e-02   -3.658800e-02   -5.687108e-06   -4.770916e-04    4.689642e-06   -1.519010e-06   -1.312491e-06    7.360082e-06   -5.372456e-08   -9.286534e-08    5.207628e-07
             77   -2.219740e-01   -4.899300e-02   -3.498200e-02   -4.880948e-06   -4.774906e-04    4.110017e-06   -1.586027e-06   -4.854289e-07    7.981242e-06   -5.609484e-08   -3.434652e-08    5.647129e-07
             78   -2.218680e-01   -5.012600e-02   -3.333800e-02   -4.104433e-06   -4.784349e-04    3.140297e-06   -1.525216e-06   -2.627435e-06    8.697889e-06   -5.394404e-08   -1.859043e-07    6.154195e-07
             79   -2.217630e-01   -5.120400e-02   -3.165700e-02   -2.113362e-06   -4.773332e-04    3.455612e-06   -1.450943e-06   -1.329895e-06    7.145834e-06   -5.131714e-08   -9.409675e-08    5.056036e-07
             80   -2.216570e-01   -5.222600e-02   -2.994100e-02   -3.307621e-06   -4.770849e-04    3.436857e-06   -1.389441e-06   -2.276832e-06    9.529138e-06   -4.914192e-08   -1.610974e-07    6.742347e-07
             81   -2.215510e-01   -5.319100e-02   -2.819200e-02   -5.689936e-06   -4.776008e-04    3.081612e-06   -1.321777e-06   -1.439502e-06    8.289855e-06   -4.674880e-08   -1.018520e-07    5.865488e-07
             82   -2.214460e-01   -5.409700e-02   -2.641200e-02   -4.769189e-06   -4.779488e-04    2.640521e-06   -1.283691e-06   -1.939911e-06    7.897962e-06   -4.540176e-08   -1.372585e-07    5.588207e-07
             83   -2.213400e-01   -5.494300e-02   -2.460300e-02   -3.691961e-06   -4.784999e-04    2.092303e-06   -1.160033e-06   -2.139770e-06    8.136816e-06   -4.102822e-08   -1.513995e-07    5.757204e-07
             84   -2.212350e-01   -5.572900e-02   -2.276700e-02   -2.326363e-06   -4.773758e-04    2.262213e-06   -1.098967e-06   -1.342598e-06    7.891403e-06   -3.886842e-08   -9.499558e-08    5.583564e-07
             85   -2.211290e-01   -5.645300e-02   -2.090500e-02   -3.312677e-06   -4.777353e-04    1.960290e-06   -9.609709e-07   -3.196209e-06    9.698958e-06   -3.398775e-08   -2.261479e-07    6.862502e-07
             86   -2.210230e-01   -5.711600e-02   -1.902100e-02   -5.464426e-06   -4.778478e-04    1.858192e-06   -8.429554e-07   -1.416307e-06    7.514874e-06   -2.981377e-08   -1.002108e-07    5.317150e-07
             87   -2.209180e-01   -5.771500e-02   -1.711600e-02   -3.083242e-06   -4.787810e-04    1.229505e-06   -7.827844e-07   -1.740581e-06    7.882473e-06   -2.768563e-08   -1.231549e-07    5.577247e-07
             88   -2.208120e-01   -5.825100e-02   -1.519200e-02   -3.302734e-06   -4.788651e-04    1.010041e-06   -6.284276e-07   -2.679177e-06    9.169937e-06   -2.222632e-08   -1.895653e-07    6.488191e-07
             89   -2.207060e-01   -5.872300e-02   -1.325200e-02   -4.111569e-06   -4.783299e-04    9.889557e-07   -4.602516e-07   -2.538649e-06    7.699690e-06   -1.627824e-08   -1.796222e-07    5.447918e-07
             90   -2.206010e-01   -5.913100e-02   -1.129600e-02   -3.997366e-06   -4.773632e-04    1.002110e-06   -3.201068e-07   -1.676203e-06    8.309110e-06   -1.132158e-08   -1.185998e-07    5.879111e-07
             91   -2.204950e-01   -5.947300e-02   -9.329000e-03   -4.483952e-06   -4.789424e-04    5.600902e-07   -2.130388e-07   -2.047763e-06    8.844288e-06   -7.534787e-09   -1.448896e-07    6.257780e-07
             92   -2.203900e-01   -5.974900e-02   -7.351000e-03   -2.948094e-06   -4.786933e-04    3.032114e-07   -2.568067e-08   -3.100065e-06    7.982729e-06   -9.082775e-10   -2.193452e-07    5.648182e-07
             93   -2.202840e-01   -5.996000e-02   -5.365000e-03   -3.499308e-06   -4.781090e-04    2.182489e-07    1.980156e-07   -2.638359e-06    7.956861e-06    7.003444e-09   -1.866772e-07    5.629879e-07
             94   -2.201780e-01   -6.010500e-02   -3.373000e-03   -4.179781e-06   -4.791620e-04    5.029637e-09    3.381129e-07   -1.383632e-06    8.903168e-06    1.195842e-08   -9.789891e-08    6.299439e-07
             95   -2.200730e-01   -6.018400e-02   -1.377000e-03   -3.896222e-06   -4.791372e-04   -1.758230e-07    5.007536e-07   -3.358450e-06    8.283396e-06    1.771072e-08   -2.376273e-07    5.860921e-07
             96   -2.199670e-01   -6.019700e-02    6.200000e-04   -4.146548e-06   -4.786779e-04   -3.539607e-07    7.649748e-07   -2.244973e-06    7.463390e-06    2.705573e-08   -1.588430e-07    5.280721e-07
             97   -2.198620e-01   -6.014300e-02    2.617000e-03   -3.016254e-06   -4.784477e-04   -6.226976e-07    9.023366e-07   -1.956992e-06    9.158735e-06    3.191397e-08   -1.384670e-07    6.480266e-07
             98   -2.197560e-01   -6.002300e-02    4.610000e-03   -4.545111e-06   -4.781511e-04   -7.474333e-07    1.185666e-06   -4.626255e-06    8.444465e-06    4.193481e-08   -3.273309e-07    5.974884e-07
             99   -2.196500e-01   -5.983700e-02    6.599000e-03   -4.653451e-06   -4.786174e-04   -8.706595e-07    1.437378e-06   -1.132405e-06    7.103751e-06    5.083739e-08   -8.012334e-08    5.026261e-07
            100   -2.195450e-01   -5.958500e-02    8.580000e-03   -3.210886e-06   -4.797931e-04   -9.768761e-07    1.589984e-06   -2.477993e-06    9.362046e-06    5.623477e-08   -1.753305e-07    6.624120e-07
            101   -2.194390e-01   -5.926800e-02    1.055200e-02   -3.879242e-06   -4.800184e-04   -1.081328e-06    1.865810e-06   -3.356734e-06    7.926301e-06    6.599022e-08   -2.375058e-07    5.608257e-07
            102   -2.193340e-01   -5.888500e-02    1.251200e-02   -2.485258e-06   -4.787313e-04   -1.597260e-06    2.134891e-06   -2.828952e-06    7.997210e-06    7.550712e-08   -2.001626e-07    5.658428e-07
            103   -2.192280e-01   -5.843800e-02    1.445800e-02   -4.172958e-06   -4.779191e-04   -1.863506e-06    2.438701e-06   -3.769997e-06    8.677808e-06    8.625234e-08   -2.667463e-07    6.139987e-07
            104   -2.191220e-01   -5.792600e-02    1.638900e-02   -4.698782e-06   -4.792486e-04   -1.653472e-06    2.686785e-06   -1.397381e-06    7.654337e-06    9.502660e-08   -9.887169e-08    5.415826e-07
            105   -2.190170e-01   -5.735000e-02    1.830100e-02   -3.484923e-06   -4.803431e-04   -1.570699e-06    2.904563e-06   -3.496628e-06    9.245519e-06    1.027290e-07   -2.474041e-07    6.541672e-07
            106   -2.189110e-01   -5.671200e-02    2.019400e-02   -4.571745e-06   -4.794619e-04   -1.987606e-06    3.260756e-06   -3.674583e-06    7.578212e-06    1.153269e-07   -2.599952e-07    5.361966e-07
            107   -2.188060e-01   -5.601100e-02    2.206400e-02   -2.861286e-06   -4.783071e-04   -2.727217e-06    3.531569e-06   -2.055207e-06    7.564584e-06    1.249050e-07   -1.454162e-07    5.352324e-07
            108   -2.187000e-01   -5.524800e-02    2.391000e-02   -3.880656e-06   -4.782406e-04   -2.901319e-06    3.872990e-06   -4.481677e-06    9.292664e-06    1.369805e-07   -3.171012e-07    6.575029e-07
            109   -2.185940e-01   -5.442400e-02    2.572900e-02   -4.614367e-06   -4.797772e-04   -2.337696e-06    4.187044e-06   -2.017614e-06    8.047508e-06    1.480880e-07   -1.427563e-07    5.694015e-07
            110   -2.184890e-01   -5.354100e-02    2.752000e-02   -3.273127e-06   -4.799381e-04   -2.527345e-06    4.454874e-06   -3.597307e-06    7.885892e-06    1.575606e-07   -2.545275e-07    5.579666e-07
            111   -2.183830e-01   -5.259900e-02    2.928100e-02   -3.141185e-06   -4.795630e-04   -2.926456e-06    4.852174e-06   -3.273521e-06    7.739720e-06    1.716124e-07   -2.316181e-07    5.476242e-07
            112   -2.182770e-01   -5.159900e-02    3.101000e-02   -4.041905e-06   -4.794891e-04   -3.106410e-06    5.143075e-06   -2.897321e-06    9.178952e-06    1.819010e-07   -2.050000e-07    6.494568e-07
            113   -2.181720e-01   -5.054100e-02    3.270500e-02   -4.123493e-06   -4.787913e-04   -3.732486e-06    5.549164e-06   -4.819055e-06    7.787821e-06    1.962636e-07   -3.409725e-07    5.510277e-07
            114   -2.180660e-01   -4.942900e-02    3.436300e-02   -4.844746e-06   -4.791951e-04   -3.605981e-06    5.900754e-06   -1.916847e-06    7.996865e-06    2.086987e-07   -1.356265e-07    5.658184e-07
            115   -2.179610e-01   -4.826200e-02    3.598400e-02   -3.917698e-06   -4.792641e-04   -3.858398e-06    6.211352e-06   -3.931308e-06    8.466096e-06    2.196839e-07   -2.781599e-07    5.990190e-07
            116   -2.178550e-01   -4.704100e-02    3.756500e-02   -3.595707e-06   -4.795716e-04   -3.873491e-06    6.667018e-06   -3.891976e-06    7.818241e-06    2.358000e-07   -2.753769e-07    5.531800e-07
            117   -2.177490e-01   -4.576900e-02    3.910500e-02   -4.197749e-06   -4.796840e-04   -3.949916e-06    7.025888e-06   -3.097931e-06    8.629765e-06    2.484926e-07   -2.191942e-07    6.105992e-07
            118   -2.176440e-01   -4.444700e-02    4.060200e-02   -4.353358e-06   -4.789438e-04   -4.805670e-06    7.446644e-06   -4.246024e-06    7.840988e-06    2.633739e-07   -3.004277e-07    5.547896e-07
            119   -2.175380e-01   -4.307600e-02    4.205400e-02   -4.529137e-06   -4.793576e-04   -4.630591e-06    7.851086e-06   -2.899779e-06    8.140452e-06    2.776783e-07   -2.051739e-07    5.759779e-07
            120   -2.174330e-01   -4.165700e-02    4.345900e-02   -2.995548e-06   -4.794233e-04   -4.953401e-06    8.269933e-06   -4.464707e-06    8.282021e-06    2.924922e-07   -3.159005e-07    5.859945e-07
            121   -2.173270e-01   -4.019200e-02    4.481700e-02   -3.531840e-06   -4.796921e-04   -4.845175e-06    8.738389e-06   -3.535102e-06    7.894321e-06    3.090606e-07   -2.501263e-07    5.585630e-07
            122   -2.172210e-01   -3.868400e-02    4.612600e-02   -4.843163e-06   -4.798585e-04   -4.799918e-06    9.117664e-06   -3.189236e-06    8.970747e-06    3.224748e-07   -2.256546e-07    6.347257e-07
            123   -2.171160e-01   -3.713200e-02    4.738400e-02   -4.281097e-06   -4.794714e-04   -5.562485e-06    9.628153e-06   -5.947390e-06    7.784163e-06    3.405299e-07   -4.208079e-07    5.507688e-07
            124   -2.170100e-01   -3.554000e-02    4.858900e-02   -2.749661e-06   -4.799560e-04   -5.293158e-06    1.010924e-05   -1.423421e-06    6.529272e-06    3.575449e-07   -1.007142e-07    4.619787e-07
            125   -2.169050e-01   -3.390900e-02    4.974100e-02   -2.348318e-06   -4.799916e-04   -5.585277e-06    1.047967e-05   -4.766178e-06    1.081145e-05    3.706463e-07   -3.372313e-07    7.649646e-07
            126   -2.167990e-01   -3.224000e-02    5.083900e-02   -5.336586e-06   -4.793086e-04   -6.625258e-06    1.112725e-05   -6.252062e-06    7.180944e-06    3.935501e-07   -4.423649e-07    5.080879e-07
            127   -2.166930e-01   -3.053600e-02    5.188000e-02   -4.256019e-06   -4.800108e-04   -5.840287e-06    1.162237e-05   -1.410422e-06    7.223096e-06    4.110617e-07   -9.979444e-08    5.110705e-07
            128   -2.165880e-01   -2.879800e-02    5.286500e-02   -3.032335e-06   -4.802396e-04   -5.855016e-06    1.210005e-05   -5.372595e-06    9.492203e-06    4.279563e-07   -3.801380e-07    6.716210e-07
            129   -2.164820e-01   -2.702900e-02    5.379100e-02   -2.935831e-06   -4.802350e-04   -6.197367e-06    1.272511e-05   -3.700718e-06    6.854446e-06    4.500634e-07   -2.618446e-07    4.849869e-07
            130   -2.163770e-01   -2.523000e-02    5.465800e-02   -2.924414e-06   -4.796340e-04   -7.825223e-06    1.326759e-05   -4.893626e-06    9.507204e-06    4.692500e-07   -3.462486e-07    6.726825e-07
            131   -2.162710e-01   -2.340300e-02    5.546500e-02   -5.400844e-06   -4.793920e-04   -8.435164e-06    1.395156e-05   -5.418097e-06    7.787816e-06    4.934407e-07   -3.833577e-07    5.510273e-07
            132   -2.161650e-01   -2.155000e-02    5.621100e-02   -4.940503e-06   -4.800809e-04   -7.167801e-06    1.449608e-05   -2.135021e-06    7.815832e-06    5.126994e-07   -1.510633e-07    5.530092e-07
            133   -2.160600e-01   -1.967300e-02    5.689400e-02   -2.578614e-06   -4.804657e-04   -6.928982e-06    1.512417e-05   -6.470815e-06    8.692442e-06    5.349139e-07   -4.578429e-07    6.150343e-07
            134   -2.159540e-01   -1.777500e-02    5.751600e-02   -3.379569e-06   -4.801619e-04   -8.181021e-06    1.585294e-05   -3.388619e-06    7.485032e-06    5.606891e-07   -2.397619e-07    5.296038e-07
            135   -2.158480e-01   -1.585800e-02    5.807400e-02   -3.976752e-06   -4.802841e-04   -8.187857e-06    1.644588e-05   -5.109547e-06    9.484635e-06    5.816605e-07   -3.615261e-07    6.710856e-07
            136   -2.157430e-01   -1.392200e-02    5.856800e-02   -4.084189e-06   -4.800221e-04   -9.733399e-06    1.725384e-05   -5.877591e-06    6.991153e-06    6.102362e-07   -4.158693e-07    4.946593e-07
            137   -2.156370e-01   -1.197200e-02    5.899700e-02   -3.580158e-06   -4.804577e-04   -8.475133e-06    1.791505e-05   -2.747445e-06    8.896911e-06    6.336222e-07   -1.943956e-07    6.295013e-07
            138   -2.155320e-01   -1.000800e-02    5.936200e-02   -3.112368e-06   -4.805653e-04   -8.856225e-06    1.863948e-05   -6.508103e-06    8.576510e-06    6.592439e-07   -4.604811e-07    6.068313e-07
            139   -2.154260e-01   -8.034000e-03    5.966100e-02   -2.960023e-06   -4.806687e-04   -9.098257e-06    1.945061e-05   -3.903468e-06    7.540861e-06    6.879319e-07   -2.761900e-07    5.335539e-07
            140   -2.153200e-01   -6.050000e-03    5.989500e-02   -3.479962e-06   -4.806766e-04   -1.002725e-05    2.022660e-05   -6.084357e-06    9.028461e-06    7.153770e-07   -4.304989e-07    6.388092e-07
            141   -2.152150e-01   -4.060000e-03    6.006300e-02   -4.211197e-06   -4.806516e-04   -1.133485e-05    2.111544e-05   -4.939027e-06    7.670975e-06    7.468138e-07   -3.494610e-07    5.427601e-07
            142   -2.151090e-01   -2.065000e-03    6.016400e-02   -3.367701e-06   -4.809240e-04   -9.391832e-06    2.185483e-05   -3.746580e-06    9.221207e-06    7.729646e-07   -2.650895e-07    6.524469e-07
            143   -2.150040e-01   -6.800000e-05    6.020000e-02   -3.469653e-06   -4.810393e-04   -1.136248e-05    2.278531e-05   -7.908159e-06    8.117243e-06    8.058741e-07   -5.595422e-07    5.743360e-07
            144   -2.148980e-01    1.928000e-03    6.016900e-02   -3.370538e-06   -4.811932e-04   -1.219891e-05    2.377727e-05   -3.379617e-06    7.108197e-06    8.409578e-07   -2.391250e-07    5.029409e-07
            145   -2.147920e-01    3.923000e-03    6.007200e-02   -3.816883e-06   -4.812710e-04   -1.127373e-05    2.460069e-05   -5.664572e-06    1.078085e-05    8.700807e-07   -4.007971e-07    7.627998e-07
            146   -2.146870e-01    5.914000e-03    5.990900e-02   -4.718701e-06   -4.814616e-04   -1.261264e-05    2.568004e-05   -7.540991e-06    7.116035e-06    9.082554e-07   -5.335630e-07    5.034952e-07
            147   -2.145810e-01    7.898000e-03    5.968000e-02   -3.347935e-06   -4.816477e-04   -1.244081e-05    2.667868e-05   -2.469312e-06    7.646083e-06    9.435753e-07   -1.747163e-07    5.409991e-07
            148   -2.144760e-01    9.873000e-03    5.938500e-02   -2.657177e-06   -4.819372e-04   -1.302230e-05    2.766582e-05   -8.099235e-06    1.088022e-05    9.784887e-07   -5.730615e-07    7.698303e-07
            149   -2.143700e-01    1.183800e-02    5.902400e-02   -3.552116e-06   -4.821702e-04   -1.389355e-05    2.890402e-05   -6.184118e-06    6.084333e-06    1.022281e-06   -4.375577e-07    4.304973e-07
            150   -2.142640e-01    1.378900e-02    5.859900e-02   -3.338732e-06   -4.821758e-04   -1.331693e-05    2.996357e-05   -4.061746e-06    1.023048e-05    1.059756e-06   -2.873891e-07    7.238584e-07
            151   -2.141590e-01    1.572500e-02    5.811000e-02   -3.620139e-06   -4.823584e-04   -1.364302e-05    3.111309e-05   -7.724041e-06    8.428053e-06    1.100412e-06   -5.465151e-07    5.963275e-07
            152   -2.140530e-01    1.764400e-02    5.755600e-02   -2.530465e-06   -4.827581e-04   -1.437187e-05    3.239021e-05   -5.040194e-06    7.367757e-06    1.145582e-06   -3.566191e-07    5.213059e-07
            153   -2.139480e-01    1.954400e-02    5.693900e-02   -2.874747e-06   -4.833890e-04   -1.594138e-05    3.363237e-05   -7.799475e-06    1.075301e-05    1.189514e-06   -5.518525e-07    7.608299e-07
            154   -2.138420e-01    2.142200e-02    5.625900e-02   -3.408779e-06   -4.833775e-04   -1.565718e-05    3.495281e-05   -5.341085e-06    6.923449e-06    1.236216e-06   -3.779087e-07    4.898690e-07
            155   -2.137360e-01    2.327600e-02    5.551800e-02   -2.739272e-06   -4.834844e-04   -1.551282e-05    3.624653e-05   -6.233481e-06    9.535197e-06    1.281972e-06   -4.410504e-07    6.746635e-07
            156   -2.136310e-01    2.510500e-02    5.471500e-02   -2.846910e-06   -4.840006e-04   -1.644131e-05    3.764923e-05   -7.774686e-06    9.128418e-06    1.331583e-06   -5.500984e-07    6.458818e-07
            157   -2.135250e-01    2.690600e-02    5.385200e-02   -3.048420e-06   -4.842514e-04   -1.674527e-05    3.907034e-05   -6.013325e-06    8.403438e-06    1.381845e-06   -4.254732e-07    5.945857e-07
            158   -2.134190e-01    2.867800e-02    5.293000e-02   -3.245102e-06   -4.848876e-04   -1.773205e-05    4.055224e-05   -7.751944e-06    8.937295e-06    1.434258e-06   -5.484893e-07    6.323588e-07
            159   -2.133140e-01    3.041800e-02    5.195000e-02   -3.225168e-06   -4.856250e-04   -1.882812e-05    4.207101e-05   -6.197568e-06    8.696015e-06    1.487973e-06   -4.385093e-07    6.152870e-07
            160   -2.132080e-01    3.212400e-02    5.091200e-02   -2.594090e-06   -4.853913e-04   -1.815176e-05    4.357970e-05   -7.496577e-06    9.512336e-06    1.541333e-06   -5.304208e-07    6.730460e-07
            161   -2.131030e-01    3.379600e-02    4.981900e-02   -3.377278e-06   -4.866037e-04   -1.984312e-05    4.522404e-05   -7.540527e-06    8.828124e-06    1.599490e-06   -5.335305e-07    6.246345e-07
            162   -2.129970e-01    3.543000e-02    4.867000e-02   -3.115016e-06   -4.867910e-04   -1.987970e-05    4.684931e-05   -6.987363e-06    9.163612e-06    1.656973e-06   -4.943912e-07    6.483717e-07
            163   -2.128910e-01    3.702500e-02    4.746800e-02   -3.581856e-06   -4.875930e-04   -2.078995e-05    4.860505e-05   -9.270476e-06    8.955023e-06    1.719070e-06   -6.559332e-07    6.336134e-07
            164   -2.127860e-01    3.857900e-02    4.621400e-02   -2.747038e-06   -4.883155e-04   -2.146673e-05    5.038041e-05   -5.525040e-06    8.215314e-06    1.781861e-06   -3.909246e-07    5.812752e-07
            165   -2.126800e-01    4.009000e-02    4.490800e-02   -1.629879e-06   -4.876242e-04   -2.040128e-05    5.208156e-05   -8.452183e-06    1.126146e-05    1.842028e-06   -5.980346e-07    7.968050e-07
            166   -2.125750e-01    4.155800e-02    4.355400e-02   -3.622034e-06   -4.898147e-04   -2.275062e-05    5.409580e-05   -1.062883e-05    8.254267e-06    1.913268e-06   -7.520432e-07    5.840311e-07
            167   -2.124690e-01    4.298000e-02    4.215100e-02   -2.740182e-06   -4.902664e-04   -2.301360e-05    5.604995e-05   -5.290581e-06    8.068113e-06    1.982382e-06   -3.743355e-07    5.708599e-07
            168   -2.123630e-01    4.435500e-02    4.070300e-02   -2.662740e-06   -4.905233e-04   -2.309350e-05    5.800796e-05   -9.565676e-06    1.106024e-05    2.051634e-06   -6.768200e-07    7.825680e-07
            169   -2.122580e-01    4.568000e-02    3.920900e-02   -2.286826e-06   -4.913628e-04   -2.367754e-05    6.015208e-05   -8.655911e-06    8.476621e-06    2.127467e-06   -6.124498e-07    5.997643e-07
            170   -2.121520e-01    4.695600e-02    3.767200e-02   -2.804381e-06   -4.922337e-04   -2.429970e-05    6.228525e-05   -8.516793e-06    1.005061e-05    2.202914e-06   -6.026063e-07    7.111316e-07
            171   -2.120470e-01    4.818000e-02    3.609400e-02   -3.052588e-06   -4.940218e-04   -2.556172e-05    6.453921e-05   -1.014655e-05    8.876044e-06    2.282632e-06   -7.179201e-07    6.280252e-07
            172   -2.119410e-01    4.935000e-02    3.447600e-02   -2.382018e-06   -4.942871e-04   -2.559375e-05    6.684789e-05   -7.749944e-06    9.236387e-06    2.364286e-06   -5.483480e-07    6.535214e-07
            173   -2.118350e-01    5.046700e-02    3.282000e-02   -2.314545e-06   -4.944917e-04   -2.561485e-05    6.914157e-05   -9.820653e-06    1.041921e-05    2.445409e-06   -6.948611e-07    7.372122e-07
            174   -2.117300e-01    5.152800e-02    3.112700e-02   -2.298532e-06   -4.962592e-04   -2.660672e-05    7.165002e-05   -9.892584e-06    8.952224e-06    2.534128e-06   -6.999505e-07    6.334154e-07
            175   -2.116240e-01    5.253200e-02    2.940100e-02   -2.751833e-06   -4.970056e-04   -2.696230e-05    7.412416e-05   -9.419397e-06    1.025241e-05    2.621633e-06   -6.664700e-07    7.254098e-07
            176   -2.115190e-01    5.347800e-02    2.764200e-02   -1.939558e-06   -4.989164e-04   -2.782444e-05    7.675508e-05   -1.113311e-05    8.802752e-06    2.714684e-06   -7.877244e-07    6.228395e-07
            177   -2.114130e-01    5.436600e-02    2.585300e-02   -1.958740e-06   -4.998054e-04   -2.817477e-05    7.942819e-05   -8.215500e-06    9.458022e-06    2.809227e-06   -5.812886e-07    6.692034e-07
            178   -2.113070e-01    5.519400e-02    2.403500e-02   -1.839582e-06   -5.000020e-04   -2.815339e-05    8.210163e-05   -1.121469e-05    1.113501e-05    2.903782e-06   -7.934966e-07    7.878587e-07
            179   -2.112020e-01    5.596100e-02    2.219100e-02   -2.833375e-06   -5.021877e-04   -2.902700e-05    8.500941e-05   -1.154486e-05    8.974881e-06    3.006625e-06   -8.168579e-07    6.350185e-07
            180   -2.110960e-01    5.666600e-02    2.032300e-02   -2.384669e-06   -5.035152e-04   -2.940913e-05    8.792630e-05   -9.710923e-06    9.428488e-06    3.109789e-06   -6.870974e-07    6.671137e-07
            181   -2.109910e-01    5.730900e-02    1.843200e-02   -1.862432e-06   -5.058316e-04   -3.005614e-05    9.098960e-05   -1.205581e-05    1.002841e-05    3.218133e-06   -8.530098e-07    7.095613e-07
            182   -2.108850e-01    5.788800e-02    1.652100e-02   -1.292930e-06   -5.058907e-04   -2.996338e-05    9.409602e-05   -9.981175e-06    9.446506e-06    3.328001e-06   -7.062189e-07    6.683883e-07
            183   -2.107790e-01    5.840500e-02    1.459100e-02   -1.604165e-06   -5.069037e-04   -3.017087e-05    9.727847e-05   -1.231333e-05    1.091136e-05    3.440559e-06   -8.712310e-07    7.720343e-07
            184   -2.106740e-01    5.885700e-02    1.264600e-02   -1.594019e-06   -5.099389e-04   -3.078152e-05    1.006735e-04   -1.219137e-05    8.754295e-06    3.560634e-06   -8.626022e-07    6.194113e-07
            185   -2.105680e-01    5.924400e-02    1.068700e-02   -2.006377e-06   -5.117055e-04   -3.107018e-05    1.041448e-04   -1.129829e-05    1.022766e-05    3.683409e-06   -7.994116e-07    7.236594e-07
            186   -2.104620e-01    5.956600e-02    8.716000e-03   -1.968926e-06   -5.125044e-04   -3.112276e-05    1.076656e-04   -1.254328e-05    9.637898e-06    3.807933e-06   -8.875010e-07    6.819305e-07
            187   -2.103570e-01    5.982200e-02    6.735000e-03   -1.241249e-06   -5.141170e-04   -3.122506e-05    1.113552e-04   -1.180485e-05    1.009041e-05    3.938428e-06   -8.352534e-07    7.139479e-07
            188   -2.102510e-01    6.001200e-02    4.747000e-03   -1.367246e-06   -5.154546e-04   -3.128346e-05    1.151150e-04   -1.404490e-05    1.057537e-05    4.071404e-06   -9.937484e-07    7.482620e-07
            189   -2.101460e-01    6.013700e-02    2.753000e-03   -1.210387e-06   -5.192221e-04   -3.143580e-05    1.191320e-04   -1.269469e-05    7.720735e-06    4.213478e-06   -8.982145e-07    5.462815e-07
            190   -2.100400e-01    6.019500e-02    7.570000e-04   -6.515017e-07   -5.203416e-04   -3.137096e-05    1.231503e-04   -1.176175e-05    1.153292e-05    4.355596e-06   -8.322045e-07    8.160135e-07
            191   -2.099340e-01    6.018700e-02   -1.240000e-03   -1.287608e-06   -5.213498e-04   -3.133080e-05    1.273016e-04   -1.522665e-05    9.889656e-06    4.502419e-06   -1.077363e-06    6.997437e-07
            192   -2.098290e-01    6.011300e-02   -3.236000e-03   -1.431902e-06   -5.244491e-04   -3.116762e-05    1.317204e-04   -1.303247e-05    8.571144e-06    4.658704e-06   -9.221140e-07    6.064524e-07
            193   -2.097230e-01    5.997200e-02   -5.228000e-03   -4.129607e-07   -5.259400e-04   -3.094638e-05    1.361423e-04   -1.416820e-05    1.083759e-05    4.815102e-06   -1.002473e-06    7.668149e-07
            194   -2.096180e-01    5.976600e-02   -7.215000e-03   -6.494878e-07   -5.295321e-04   -3.051173e-05    1.408449e-04   -1.468488e-05    8.715464e-06    4.981421e-06   -1.039031e-06    6.166639e-07
            195   -2.095120e-01    5.949400e-02   -9.193000e-03   -6.142351e-07   -5.309638e-04   -3.025570e-05    1.456043e-04   -1.329477e-05    1.018735e-05    5.149752e-06   -9.406733e-07    7.208078e-07
            196   -2.094060e-01    5.915600e-02   -1.116200e-02   -4.266614e-07   -5.326592e-04   -2.989248e-05    1.505320e-04   -1.587015e-05    9.957885e-06    5.324037e-06   -1.122894e-06    7.045713e-07
            197   -2.093010e-01    5.875300e-02   -1.311800e-02   -6.329919e-07   -5.357206e-04   -2.922621e-05    1.556749e-04   -1.509950e-05    8.943975e-06    5.505930e-06   -1.068368e-06    6.328323e-07
            198   -2.091950e-01    5.828600e-02   -1.506000e-02   -1.147130e-06   -5.382386e-04   -2.859180e-05    1.609535e-04   -1.531809e-05    9.764787e-06    5.692626e-06   -1.083834e-06    6.909088e-07
            199   -2.090900e-01    5.775400e-02   -1.698500e-02    3.192492e-07   -5.411896e-04   -2.762760e-05    1.664246e-04   -1.539659e-05    8.790752e-06    5.886130e-06   -1.089389e-06    6.219912e-07
            200   -2.089840e-01    5.715900e-02   -1.889100e-02    1.777089e-07   -5.434221e-04   -2.688117e-05    1.720633e-04   -1.536440e-05    9.806338e-06    6.085559e-06   -1.087110e-06    6.938489e-07
            201   -2.088780e-01    5.650100e-02   -2.077700e-02   -2.079000e-07   -5.453670e-04   -2.617144e-05    1.778440e-04   -1.666713e-05    9.794821e-06    6.290009e-06   -1.179285e-06    6.930340e-07
            202   -2.087730e-01    5.578100e-02   -2.264000e-02   -5.049107e-07   -5.487214e-04   -2.484666e-05    1.838673e-04   -1.673795e-05    8.473798e-06    6.503044e-06   -1.184296e-06    5.995652e-07
            203   -2.086670e-01    5.499900e-02   -2.447800e-02    2.150838e-07   -5.519360e-04   -2.338593e-05    1.901198e-04   -1.670501e-05    8.392818e-06    6.724185e-06   -1.181966e-06    5.938351e-07
            204   -2.085620e-01    5.415600e-02   -2.628900e-02    1.108001e-06   -5.552416e-04   -2.173592e-05    1.965719e-04   -1.599265e-05    9.203464e-06    6.952385e-06   -1.131563e-06    6.511928e-07
            205   -2.084560e-01    5.325500e-02   -2.807100e-02    3.174287e-07   -5.565670e-04   -2.107319e-05    2.030935e-04   -1.760806e-05    1.003726e-05    7.183040e-06   -1.245861e-06    7.101878e-07
            206   -2.083500e-01    5.229400e-02   -2.982200e-02    4.135618e-07   -5.596621e-04   -1.931444e-05    2.100104e-04   -1.841778e-05    7.396430e-06    7.427676e-06   -1.303153e-06    5.233358e-07
            207   -2.082450e-01    5.127600e-02   -3.154000e-02    9.342330e-07   -5.638930e-04   -1.671805e-05    2.171644e-04   -1.648971e-05    8.531699e-06    7.680701e-06   -1.166733e-06    6.036620e-07
            208   -2.081390e-01    5.020200e-02   -3.322400e-02    5.800986e-07   -5.661211e-04   -1.527972e-05    2.244075e-04   -1.842377e-05    8.908183e-06    7.936877e-06   -1.303577e-06    6.303001e-07
            209   -2.080330e-01    4.907200e-02   -3.487000e-02    1.599370e-06   -5.689537e-04   -1.322367e-05    2.320430e-04   -1.787558e-05    7.396684e-06    8.206931e-06   -1.264791e-06    5.233540e-07
            210   -2.079280e-01    4.788800e-02   -3.647900e-02    1.350123e-06   -5.720430e-04   -1.093658e-05    2.398280e-04   -1.850696e-05    9.329990e-06    8.482270e-06   -1.309463e-06    6.601452e-07
            211   -2.078220e-01    4.665200e-02   -3.804800e-02    8.619178e-07   -5.749823e-04   -8.614348e-06    2.479103e-04   -1.927763e-05    6.853646e-06    8.768128e-06   -1.363993e-06    4.849312e-07
            212   -2.077170e-01    4.536400e-02   -3.957400e-02    2.055326e-06   -5.789944e-04   -5.089615e-06    2.563687e-04   -1.807667e-05    7.692585e-06    9.067283e-06   -1.279019e-06    5.442907e-07
            213   -2.076110e-01    4.402700e-02   -4.105700e-02    1.427122e-06   -5.815875e-04   -2.763626e-06    2.649501e-04   -1.966604e-05    8.205297e-06    9.370794e-06   -1.391475e-06    5.805677e-07
            214   -2.075050e-01    4.264000e-02   -4.249500e-02    2.044894e-06   -5.845747e-04    2.020686e-07    2.739509e-04   -1.864589e-05    6.322684e-06    9.689134e-06   -1.319294e-06    4.473629e-07
            215   -2.074000e-01    4.120700e-02   -4.388600e-02    2.529592e-06   -5.876750e-04    3.454899e-06    2.831419e-04   -1.992334e-05    8.375465e-06    1.001420e-05   -1.409681e-06    5.926079e-07
            216   -2.072940e-01    3.972900e-02   -4.522900e-02    1.761199e-06   -5.910028e-04    7.092570e-06    2.927125e-04   -2.050956e-05    5.834863e-06    1.035270e-05   -1.451159e-06    4.128472e-07
            217   -2.071890e-01    3.820700e-02   -4.652200e-02    2.435748e-06   -5.946455e-04    1.148325e-05    3.026486e-04   -1.852491e-05    7.029610e-06    1.070412e-05   -1.310735e-06    4.973822e-07
            218   -2.070830e-01    3.664200e-02   -4.776400e-02    2.607853e-06   -5.971647e-04    1.470400e-05    3.127943e-04   -2.123410e-05    6.978134e-06    1.106295e-05   -1.502424e-06    4.937394e-07
            219   -2.069770e-01    3.503800e-02   -4.895300e-02    2.634505e-06   -6.003721e-04    1.906525e-05    3.234053e-04   -1.967391e-05    5.275734e-06    1.143824e-05   -1.392033e-06    3.732860e-07
            220   -2.068720e-01    3.339500e-02   -5.008800e-02    2.837030e-06   -6.032671e-04    2.329649e-05    3.342765e-04   -2.032768e-05    7.030841e-06    1.182274e-05   -1.438290e-06    4.974691e-07
            221   -2.067660e-01    3.171500e-02   -5.116800e-02    3.419251e-06   -6.059646e-04    2.757667e-05    3.455247e-04   -2.163478e-05    5.163639e-06    1.222057e-05   -1.530775e-06    3.653549e-07
            222   -2.066610e-01    3.000000e-02   -5.219200e-02    3.646475e-06   -6.097051e-04    3.391437e-05    3.572855e-04   -1.991559e-05    5.172706e-06    1.263653e-05   -1.409133e-06    3.659962e-07
            223   -2.065550e-01    2.825200e-02   -5.315900e-02    3.342658e-06   -6.122047e-04    3.841833e-05    3.692827e-04   -2.083060e-05    5.765580e-06    1.306084e-05   -1.473875e-06    4.079453e-07
            224   -2.064490e-01    2.647300e-02   -5.406700e-02    4.378441e-06   -6.147211e-04    4.349020e-05    3.817416e-04   -2.100002e-05    4.823349e-06    1.350149e-05   -1.485863e-06    3.412776e-07
            225   -2.063440e-01    2.466500e-02   -5.491500e-02    4.296136e-06   -6.176407e-04    4.972023e-05    3.946425e-04   -2.167266e-05    5.012986e-06    1.395777e-05   -1.533456e-06    3.546953e-07
            226   -2.062380e-01    2.283000e-02   -5.570300e-02    4.031218e-06   -6.202577e-04    5.579251e-05    4.079604e-04   -2.162992e-05    3.789317e-06    1.442880e-05   -1.530432e-06    2.681144e-07
            227   -2.061330e-01    2.097000e-02   -5.643000e-02    4.479523e-06   -6.229246e-04    6.271628e-05    4.217878e-04   -2.017333e-05    4.324343e-06    1.491785e-05   -1.427371e-06    3.059704e-07
            228   -2.060270e-01    1.908600e-02   -5.709400e-02    5.344459e-06   -6.248401e-04    6.829676e-05    4.359667e-04   -2.214013e-05    4.555473e-06    1.541933e-05   -1.566532e-06    3.223241e-07
            229   -2.059210e-01    1.718200e-02   -5.769600e-02    5.285894e-06   -6.271267e-04    7.553163e-05    4.507294e-04   -2.142959e-05    2.970482e-06    1.594146e-05   -1.516259e-06    2.101776e-07
            230   -2.058160e-01    1.525800e-02   -5.823400e-02    5.486297e-06   -6.291920e-04    8.294810e-05    4.659411e-04   -2.153839e-05    3.833137e-06    1.647947e-05   -1.523957e-06    2.712150e-07
            231   -2.057100e-01    1.331800e-02   -5.870800e-02    5.718286e-06   -6.310109e-04    9.044619e-05    4.816681e-04   -2.179944e-05    2.564157e-06    1.703570e-05   -1.542428e-06    1.814279e-07
            232   -2.056040e-01    1.136400e-02   -5.911800e-02    5.806927e-06   -6.327821e-04    9.891605e-05    4.979843e-04   -2.132046e-05    2.645474e-06    1.761278e-05   -1.508538e-06    1.871817e-07
            233   -2.054990e-01    9.396000e-03   -5.946200e-02    6.380710e-06   -6.340821e-04    1.064773e-04    5.147437e-04   -2.187123e-05    3.332515e-06    1.820553e-05   -1.547508e-06    2.357935e-07
            234   -2.053930e-01    7.419000e-03   -5.974100e-02    6.686993e-06   -6.352261e-04    1.146738e-04    5.321075e-04   -2.169661e-05    1.404648e-06    1.881966e-05   -1.535152e-06    9.938657e-08
            235   -2.052880e-01    5.433000e-03   -5.995400e-02    7.240600e-06   -6.362424e-04    1.244844e-04    5.501371e-04   -2.198817e-05    2.219844e-06    1.945733e-05   -1.555783e-06    1.570661e-07
            236   -2.051820e-01    3.441000e-03   -6.010100e-02    6.967889e-06   -6.369276e-04    1.334812e-04    5.687006e-04   -2.167734e-05    8.986262e-07    2.011388e-05   -1.533790e-06    6.358277e-08
            237   -2.050760e-01    1.445000e-03   -6.018200e-02    7.807063e-06   -6.372719e-04    1.428895e-04    5.879277e-04   -2.050109e-05    2.002447e-06    2.079391e-05   -1.450564e-06    1.416840e-07
            238   -2.049710e-01   -5.520000e-04   -6.019700e-02    8.209846e-06   -6.373335e-04    1.524254e-04    6.077058e-04   -2.281521e-05    1.107150e-06    2.149342e-05   -1.614301e-06    7.833691e-08
            239   -2.048650e-01   -2.548000e-03   -6.014600e-02    8.431413e-06   -6.370591e-04    1.629285e-04    6.282663e-04   -2.145713e-05    1.909939e-08    2.222061e-05   -1.518210e-06    1.351594e-09
            240   -2.047600e-01   -4.542000e-03   -6.002800e-02    8.804674e-06   -6.364003e-04    1.737499e-04    6.494989e-04   -2.106247e-05    2.239310e-06    2.297157e-05   -1.490286e-06    1.584435e-07
            241   -2.046540e-01   -6.531000e-03   -5.984500e-02    8.282027e-06   -6.354892e-04    1.840683e-04    6.713596e-04   -2.245618e-05   -1.158316e-06    2.374474e-05   -1.588899e-06   -8.195735e-08
            242   -2.045480e-01   -8.512000e-03   -5.959500e-02    9.302023e-06   -6.339426e-04    1.959179e-04    6.941417e-04   -2.000939e-05   -3.818332e-08    2.455050e-05   -1.415776e-06   -2.701711e-09
            243   -2.044430e-01   -1.048400e-02   -5.928000e-02    9.856046e-06   -6.321581e-04    2.069846e-04    7.174902e-04   -2.135771e-05    1.806857e-07    2.537630e-05   -1.511177e-06    1.278471e-08
            244   -2.043370e-01   -1.244500e-02   -5.889900e-02    1.055779e-05   -6.298841e-04    2.185369e-04    7.417177e-04   -2.199471e-05   -1.293411e-06    2.623318e-05   -1.556249e-06   -9.151594e-08
            245   -2.042320e-01   -1.439200e-02   -5.845400e-02    1.053150e-05   -6.269159e-04    2.315301e-04    7.668298e-04   -2.049832e-05   -2.007696e-07    2.712134e-05   -1.450371e-06   -1.420537e-08
            246   -2.041260e-01   -1.632300e-02   -5.794500e-02    1.035494e-05   -6.237511e-04    2.436148e-04    7.926611e-04   -2.091834e-05   -1.552989e-06    2.803495e-05   -1.480090e-06   -1.098824e-07
            247   -2.040200e-01   -1.823600e-02   -5.737100e-02    1.125736e-05   -6.199074e-04    2.562827e-04    8.194499e-04   -2.027810e-05   -1.191283e-06    2.898242e-05   -1.434790e-06   -8.428978e-08
            248   -2.039150e-01   -2.012900e-02   -5.673500e-02    1.201001e-05   -6.155354e-04    2.692028e-04    8.470571e-04   -2.071865e-05   -1.482147e-06    2.995884e-05   -1.465962e-06   -1.048700e-07
            249   -2.038090e-01   -2.200000e-02   -5.603600e-02    1.239744e-05   -6.105074e-04    2.826157e-04    8.756610e-04   -2.089185e-05   -1.892019e-06    3.097050e-05   -1.478218e-06   -1.338707e-07
            250   -2.037040e-01   -2.384700e-02   -5.527500e-02    1.246990e-05   -6.048733e-04    2.962856e-04    9.052248e-04   -2.005830e-05   -1.671881e-06    3.201612e-05   -1.419239e-06   -1.182950e-07
            251   -2.035980e-01   -2.566700e-02   -5.445400e-02    1.291196e-05   -5.986925e-04    3.099434e-04    9.357338e-04   -1.949954e-05   -3.169399e-06    3.309516e-05   -1.379704e-06   -2.242528e-07
            252   -2.034920e-01   -2.746000e-02   -5.357200e-02    1.374850e-05   -5.914855e-04    3.244886e-04    9.673692e-04   -1.970062e-05   -1.902372e-06    3.421405e-05   -1.393932e-06   -1.346037e-07
            253   -2.033870e-01   -2.922200e-02   -5.263200e-02    1.406920e-05   -5.838899e-04    3.386983e-04    9.999436e-04   -2.005110e-05   -2.946591e-06    3.536614e-05   -1.418731e-06   -2.084883e-07
            254   -2.032810e-01   -3.095100e-02   -5.163400e-02    1.479714e-05   -5.754707e-04    3.532045e-04    1.033695e-03   -1.879947e-05   -3.160644e-06    3.655986e-05   -1.330172e-06   -2.236337e-07
            255   -2.031750e-01   -3.264700e-02   -5.057800e-02    1.519785e-05   -5.663398e-04    3.678243e-04    1.068590e-03   -1.906363e-05   -2.073792e-06    3.779406e-05   -1.348863e-06   -1.467329e-07
            256   -2.030700e-01   -3.430700e-02   -4.946800e-02    1.524644e-05   -5.564361e-04    3.826256e-04    1.104561e-03   -1.968672e-05   -4.013400e-06    3.906627e-05   -1.392951e-06   -2.839714e-07
            257   -2.029640e-01   -3.592900e-02   -4.830300e-02    1.590117e-05   -5.452839e-04    3.980711e-04    1.141889e-03   -1.852800e-05   -3.581205e-06    4.038651e-05   -1.310965e-06   -2.533908e-07
            258   -2.028590e-01   -3.751200e-02   -4.708400e-02    1.708778e-05   -5.335648e-04    4.131671e-04    1.180389e-03   -1.754562e-05   -2.690965e-06    4.174818e-05   -1.241456e-06   -1.904017e-07
            259   -2.027530e-01   -3.905300e-02   -4.581400e-02    1.753497e-05   -5.210935e-04    4.282427e-04    1.220163e-03   -1.912198e-05   -4.404908e-06    4.315489e-05   -1.352994e-06   -3.116733e-07
            260   -2.026470e-01   -4.055100e-02   -4.449300e-02    1.749520e-05   -5.072296e-04    4.439334e-04    1.261407e-03   -1.670124e-05   -4.189711e-06    4.461363e-05   -1.181712e-06   -2.964467e-07
            261   -2.025420e-01   -4.200500e-02   -4.312300e-02    1.867704e-05   -4.928672e-04    4.590591e-04    1.303868e-03   -1.778124e-05   -3.544281e-06    4.611537e-05   -1.258129e-06   -2.507792e-07
            262   -2.024360e-01   -4.341200e-02   -4.170600e-02    1.922302e-05   -4.771003e-04    4.746314e-04    1.347849e-03   -1.812531e-05   -5.258559e-06    4.767091e-05   -1.282475e-06   -3.720748e-07
            263   -2.023310e-01   -4.477200e-02   -4.024300e-02    2.002049e-05   -4.600578e-04    4.903641e-04    1.393353e-03   -1.561790e-05   -3.812309e-06    4.928030e-05   -1.105061e-06   -2.697441e-07
            264   -2.022250e-01   -4.608200e-02   -3.873600e-02    2.078372e-05   -4.427333e-04    5.053281e-04    1.440250e-03   -1.738951e-05   -3.978459e-06    5.093897e-05   -1.230414e-06   -2.815000e-07
            265   -2.021190e-01   -4.734100e-02   -3.718600e-02    2.100407e-05   -4.238152e-04    5.206214e-04    1.488847e-03   -1.586264e-05   -4.881143e-06    5.265775e-05   -1.122379e-06   -3.453703e-07
            266   -2.020140e-01   -4.854900e-02   -3.559500e-02    2.195044e-05   -4.035727e-04    5.358609e-04    1.539062e-03   -1.603278e-05   -4.142422e-06    5.443376e-05   -1.134418e-06   -2.931021e-07
            267   -2.019080e-01   -4.970300e-02   -3.396500e-02    2.260479e-05   -3.824125e-04    5.507294e-04    1.590928e-03   -1.651824e-05   -5.444566e-06    5.626815e-05   -1.168768e-06   -3.852367e-07
            268   -2.018030e-01   -5.080200e-02   -3.229800e-02    2.381108e-05   -3.599385e-04    5.653904e-04    1.644585e-03   -1.459694e-05   -3.457038e-06    5.816592e-05   -1.032825e-06   -2.446066e-07
            269   -2.016970e-01   -5.184600e-02   -3.059500e-02    2.454418e-05   -3.363147e-04    5.797413e-04    1.699988e-03   -1.538083e-05   -5.006453e-06    6.012541e-05   -1.088290e-06   -3.542376e-07
            270   -2.015910e-01   -5.283200e-02   -2.885800e-02    2.483388e-05   -3.111890e-04    5.938871e-04    1.757352e-03   -1.445526e-05   -4.680723e-06    6.215427e-05   -1.022802e-06   -3.311907e-07
            271   -2.014860e-01   -5.376000e-02   -2.709000e-02    2.567843e-05   -2.848654e-04    6.075471e-04    1.816602e-03   -1.420937e-05   -5.263711e-06    6.424985e-05   -1.005404e-06   -3.724407e-07
            272   -2.013800e-01   -5.462900e-02   -2.529200e-02    2.665991e-05   -2.571688e-04    6.207582e-04    1.877828e-03   -1.509443e-05   -5.062497e-06    6.641529e-05   -1.068028e-06   -3.582035e-07
            273   -2.012750e-01   -5.543800e-02   -2.346600e-02    2.804330e-05   -2.279619e-04    6.334881e-04    1.941183e-03   -1.263311e-05   -3.975609e-06    6.865605e-05   -8.938747e-07   -2.812995e-07
            274   -2.011690e-01   -5.618600e-02   -2.161400e-02    2.885958e-05   -1.977963e-04    6.454905e-04    2.006589e-03   -1.428561e-05   -4.391242e-06    7.096931e-05   -1.010800e-06   -3.107086e-07
            275   -2.010630e-01   -5.687200e-02   -1.973800e-02    2.937332e-05   -1.656873e-04    6.570454e-04    2.074313e-03   -1.183158e-05   -5.658734e-06    7.336458e-05   -8.371626e-07   -4.003923e-07
            276   -2.009580e-01   -5.749500e-02   -1.784100e-02    3.065854e-05   -1.322742e-04    6.677784e-04    2.144256e-03   -1.301432e-05   -4.475856e-06    7.583836e-05   -9.208500e-07   -3.166950e-07
            277   -2.008520e-01   -5.805600e-02   -1.592300e-02    3.144075e-05   -9.740739e-05    6.777505e-04    2.216554e-03   -1.316198e-05   -4.549971e-06    7.839538e-05   -9.312986e-07   -3.219409e-07
            278   -2.007460e-01   -5.855200e-02   -1.398900e-02    3.238020e-05   -6.088686e-05    6.868622e-04    2.291347e-03   -1.066082e-05   -4.173848e-06    8.104067e-05   -7.543250e-07   -2.953270e-07
            279   -2.006410e-01   -5.898400e-02   -1.203900e-02    3.398431e-05   -2.339020e-05    6.948723e-04    2.368532e-03   -1.309770e-05   -3.488667e-06    8.377058e-05   -9.267519e-07   -2.468460e-07
            280   -2.005350e-01   -5.935100e-02   -1.007600e-02    3.462400e-05    1.622464e-05    7.020039e-04    2.448434e-03   -1.199669e-05   -5.866907e-06    8.659657e-05   -8.488487e-07   -4.151226e-07
            281   -2.004300e-01   -5.965200e-02   -8.101000e-03    3.563275e-05    5.701043e-05    7.079144e-04    2.531054e-03   -1.011995e-05   -4.161468e-06    8.951868e-05   -7.160569e-07   -2.944525e-07
            282   -2.003240e-01   -5.988800e-02   -6.118000e-03    3.692098e-05    9.937842e-05    7.126113e-04    2.616344e-03   -1.055096e-05   -4.731095e-06    9.253521e-05   -7.465544e-07   -3.347574e-07
            283   -2.002180e-01   -6.005800e-02   -4.128000e-03    3.843946e-05    1.442451e-04    7.160414e-04    2.704714e-03   -8.867336e-06   -3.874064e-06    9.566073e-05   -6.274269e-07   -2.741166e-07
            284   -2.001130e-01   -6.016200e-02   -2.134000e-03    3.974768e-05    1.898107e-04    7.180194e-04    2.795852e-03   -1.153258e-05   -3.996576e-06    9.888408e-05   -8.160133e-07   -2.827846e-07
            285   -2.000070e-01   -6.020000e-02   -1.370000e-04    4.057045e-05    2.370452e-04    7.185147e-04    2.890140e-03   -1.054374e-05   -4.033078e-06    1.022189e-04   -7.460463e-07   -2.853676e-07
            286   -1.999020e-01   -6.017100e-02    1.860000e-03    4.230997e-05    2.860554e-04    7.173167e-04    2.987674e-03   -7.530054e-06   -5.109971e-06    1.056685e-04   -5.328068e-07   -3.615658e-07
            287   -1.997960e-01   -6.007600e-02    3.855000e-03    4.354624e-05    3.368036e-04    7.143999e-04    3.088428e-03   -9.152102e-06   -4.149020e-06    1.092320e-04   -6.475786e-07   -2.935723e-07
            288   -1.996900e-01   -5.991500e-02    5.846000e-03    4.456370e-05    3.890642e-04    7.096483e-04    3.192641e-03   -7.543822e-06   -3.293260e-06    1.129178e-04   -5.337819e-07   -2.330221e-07
            289   -1.995850e-01   -5.968800e-02    7.830000e-03    4.650663e-05    4.421877e-04    7.029710e-04    3.300242e-03   -9.394420e-06   -2.550300e-06    1.167234e-04   -6.647263e-07   -1.804511e-07
            290   -1.994790e-01   -5.939600e-02    9.806000e-03    4.811009e-05    4.978247e-04    6.940969e-04    3.411553e-03   -8.970127e-06   -3.749741e-06    1.206603e-04   -6.347049e-07   -2.653212e-07
            291   -1.993740e-01   -5.903800e-02    1.177100e-02    4.976651e-05    5.548702e-04    6.830041e-04    3.526678e-03   -7.027526e-06   -2.208200e-06    1.247320e-04   -4.972522e-07   -1.562457e-07
            292   -1.992680e-01   -5.861500e-02    1.372300e-02    5.111674e-05    6.131013e-04    6.696544e-04    3.645614e-03   -6.511208e-06   -3.970252e-06    1.289386e-04   -4.607190e-07   -2.809250e-07
            293   -1.991620e-01   -5.812700e-02    1.565900e-02    5.245892e-05    6.725999e-04    6.538715e-04    3.768505e-03   -5.864624e-06   -3.493969e-06    1.332850e-04   -4.149689e-07   -2.472234e-07
            294   -1.990570e-01   -5.757600e-02    1.757900e-02    5.451315e-05    7.343700e-04    6.352237e-04    3.895648e-03   -7.216157e-06   -3.722937e-06    1.377818e-04   -5.106009e-07   -2.634263e-07
            295   -1.989510e-01   -5.696100e-02    1.947900e-02    5.627711e-05    7.973156e-04    6.138785e-04    4.027097e-03   -7.055945e-06   -2.782430e-06    1.424309e-04   -4.992659e-07   -1.968774e-07
            296   -1.988460e-01   -5.628400e-02    2.135800e-02    5.853613e-05    8.612901e-04    5.897635e-04    4.162847e-03   -5.401990e-06   -1.171535e-06    1.472322e-04   -3.822360e-07   -8.289294e-08
            297   -1.987400e-01   -5.554400e-02    2.321300e-02    6.001703e-05    9.262982e-04    5.627278e-04    4.303248e-03   -5.469298e-06   -1.735298e-06    1.521979e-04   -3.869989e-07   -1.227836e-07
            298   -1.986340e-01   -5.474400e-02    2.504300e-02    6.185101e-05    9.931287e-04    5.322643e-04    4.448311e-03   -4.640914e-06   -3.344139e-07    1.573285e-04   -3.283844e-07   -2.365982e-08
            299   -1.985290e-01   -5.388300e-02    2.684500e-02    6.445744e-05    1.060887e-03    4.984933e-04    4.598359e-03   -5.451507e-06   -2.793073e-06    1.626354e-04   -3.857412e-07   -1.976309e-07
            300   -1.984230e-01   -5.296300e-02    2.861800e-02    6.631884e-05    1.129778e-03    4.612742e-04    4.753369e-03   -6.939300e-06   -6.417104e-07    1.681178e-04   -4.910160e-07   -4.540425e-08
            301   -1.983180e-01   -5.198400e-02    3.035900e-02    6.853854e-05    1.199267e-03    4.205916e-04    4.913678e-03   -2.428956e-06   -2.042922e-06    1.737877e-04   -1.718711e-07   -1.445512e-07
            302   -1.982120e-01   -5.094900e-02    3.206700e-02    7.076733e-05    1.270673e-03    3.755036e-04    5.079376e-03   -3.573562e-06   -2.061413e-06    1.796481e-04   -2.528624e-07   -1.458593e-07
            303   -1.981060e-01   -4.985700e-02    3.373900e-02    7.255811e-05    1.342355e-03    3.267567e-04    5.250636e-03   -4.412957e-06   -3.979876e-06    1.857052e-04   -3.122576e-07   -2.816084e-07
            304   -1.980010e-01   -4.871000e-02    3.537400e-02    7.538176e-05    1.414598e-03    2.739004e-04    5.427771e-03   -2.073799e-06    1.388802e-06    1.919702e-04   -1.467414e-07    9.827431e-08
            305   -1.978950e-01   -4.751000e-02    3.697000e-02    7.777927e-05    1.487161e-03    2.170011e-04    5.610575e-03   -2.845085e-06   -1.144013e-06    1.984356e-04   -2.013176e-07   -8.094548e-08
            306   -1.977890e-01   -4.625700e-02    3.852600e-02    7.988406e-05    1.560544e-03    1.553214e-04    5.799763e-03   -7.663602e-07   -1.515629e-06    2.051268e-04   -5.422811e-08   -1.072415e-07
            307   -1.976840e-01   -4.495400e-02    4.003900e-02    8.298508e-05    1.634458e-03    8.871729e-05    5.995325e-03   -4.197255e-06    7.063027e-07    2.120435e-04   -2.969974e-07    4.998310e-08
            308   -1.975780e-01   -4.360100e-02    4.150900e-02    8.564125e-05    1.708434e-03    1.742543e-05    6.197406e-03   -4.311731e-06    5.957336e-07    2.191907e-04   -3.050977e-07    4.215713e-08
            309   -1.974730e-01   -4.220000e-02    4.293200e-02    8.879881e-05    1.781942e-03   -5.848423e-05    6.406249e-03    1.252301e-07   -3.318164e-07    2.265771e-04    8.859843e-09   -2.347520e-08
            310   -1.973670e-01   -4.075300e-02    4.430800e-02    9.151571e-05    1.855452e-03   -1.396962e-04    6.622063e-03   -1.404369e-06    2.243243e-06    2.342101e-04   -9.937503e-08    1.587382e-07
            311   -1.972610e-01   -3.926100e-02    4.563600e-02    9.437997e-05    1.928803e-03   -2.264923e-04    6.845188e-03   -1.416629e-07    2.254117e-06    2.421016e-04   -1.002593e-08    1.595072e-07
            312   -1.971560e-01   -3.772500e-02    4.691300e-02    9.787778e-05    2.001310e-03   -3.186176e-04    7.075956e-03   -1.727640e-06   -1.988279e-06    2.502634e-04   -1.222500e-07   -1.406856e-07
            313   -1.970500e-01   -3.614800e-02    4.813900e-02    1.008324e-04    2.073296e-03   -4.166864e-04    7.314422e-03   -2.894651e-06    1.792941e-06    2.586975e-04   -2.048289e-07    1.268745e-07
            314   -1.969450e-01   -3.453200e-02    4.931100e-02    1.044688e-04    2.143749e-03   -5.199354e-04    7.560645e-03    8.449952e-07    2.823366e-06    2.674060e-04    5.978904e-08    1.997932e-07
            315   -1.968390e-01   -3.287700e-02    5.042900e-02    1.078482e-04    2.213109e-03   -6.294926e-04    7.815422e-03    1.674942e-06    2.076413e-07    2.764169e-04    1.185172e-07    1.470289e-08
            316   -1.967330e-01   -3.118600e-02    5.149200e-02    1.114074e-04    2.281087e-03   -7.454435e-04    8.078634e-03    1.315482e-06    3.633984e-06    2.857263e-04    9.308235e-08    2.571542e-07
            317   -1.966280e-01   -2.946100e-02    5.249800e-02    1.153129e-04    2.347141e-03   -8.675621e-04    8.350594e-03   -7.513499e-07   -1.355758e-06    2.953449e-04   -5.316974e-08   -9.592441e-08
            318   -1.965220e-01   -2.770300e-02    5.344700e-02    1.187071e-04    2.411417e-03   -9.967317e-04    8.631936e-03   -1.177541e-06    1.508422e-06    3.052956e-04   -8.332779e-08    1.067469e-07
            319   -1.964170e-01   -2.591500e-02    5.433600e-02    1.231530e-04    2.472789e-03   -1.131674e-03    8.922525e-03    2.026232e-06    5.311289e-06    3.155731e-04    1.433755e-07    3.758487e-07
            320   -1.963110e-01   -2.409800e-02    5.516600e-02    1.271017e-04    2.531693e-03   -1.273877e-03    9.222965e-03    2.799330e-06    1.418382e-06    3.261991e-04    1.980820e-07    1.003796e-07
            321   -1.962050e-01   -2.225500e-02    5.593500e-02    1.312681e-04    2.587459e-03   -1.422858e-03    9.533231e-03    2.950173e-06    4.974398e-06    3.371727e-04    2.087567e-07    3.520136e-07
            322   -1.961000e-01   -2.038700e-02    5.664300e-02    1.361480e-04    2.639804e-03   -1.578925e-03    9.853955e-03   -1.245086e-06    4.414229e-06    3.485161e-04   -8.810900e-08    3.123732e-07
            323   -1.959940e-01   -1.849700e-02    5.728800e-02    1.401076e-04    2.688407e-03   -1.742363e-03    1.018564e-02    6.196369e-07   -1.960943e-07    3.602470e-04    4.384265e-08   -1.386252e-08
            324   -1.958890e-01   -1.658600e-02    5.787000e-02    1.452886e-04    2.732714e-03   -1.912998e-03    1.052848e-02    4.122656e-06    4.653550e-06    3.723729e-04    2.917270e-07    3.293098e-07
            325   -1.957830e-01   -1.465800e-02    5.838800e-02    1.499736e-04    2.772346e-03   -2.090521e-03    1.088238e-02    3.066531e-06    4.207119e-06    3.848896e-04    2.169918e-07    2.977276e-07
            326   -1.956770e-01   -1.271300e-02    5.884200e-02    1.545121e-04    2.807005e-03   -2.275787e-03    1.124834e-02    1.562859e-06    1.454173e-07    3.978330e-04    1.105873e-07    1.030867e-08
            327   -1.955720e-01   -1.075400e-02    5.923100e-02    1.601894e-04    2.836096e-03   -2.468605e-03    1.162650e-02    5.043850e-06    4.235771e-06    4.112076e-04    3.569155e-07    2.997567e-07
            328   -1.954660e-01   -8.783000e-03    5.955600e-02    1.655867e-04    2.859413e-03   -2.669845e-03    1.201737e-02    4.111847e-06    7.338116e-06    4.250321e-04    2.909658e-07    5.192901e-07
            329   -1.953600e-01   -6.803000e-03    5.981400e-02    1.710152e-04    2.876088e-03   -2.877794e-03    1.242126e-02    6.230332e-06    3.619032e-06    4.393170e-04    4.408791e-07    2.561187e-07
            330   -1.952550e-01   -4.815000e-03    6.000700e-02    1.772238e-04    2.885854e-03   -3.093698e-03    1.283855e-02   -6.827995e-07    9.203301e-06    4.540756e-04   -4.832486e-08    6.512914e-07
            331   -1.951490e-01   -2.822000e-03    6.013400e-02    1.826157e-04    2.888177e-03   -3.317479e-03    1.326969e-02    1.677123e-06    1.838933e-06    4.693242e-04    1.186731e-07    1.301569e-07
            332   -1.950440e-01   -8.250000e-04    6.019400e-02    1.893265e-04    2.882326e-03   -3.548617e-03    1.371541e-02    6.691742e-06    5.456917e-06    4.850885e-04    4.735364e-07    3.861805e-07
            333   -1.949380e-01    1.172000e-03    6.018800e-02    1.958323e-04    2.867903e-03   -3.787433e-03    1.417577e-02    6.486571e-06    6.128881e-06    5.013705e-04    4.590188e-07    4.337398e-07
            334   -1.948320e-01    3.168000e-03    6.011600e-02    2.023255e-04    2.844246e-03   -4.034335e-03    1.465167e-02    7.008941e-06    6.158974e-06    5.182024e-04    4.959873e-07    4.358744e-07
            335   -1.947270e-01    5.160000e-03    5.997800e-02    2.095296e-04    2.810704e-03   -4.288983e-03    1.514335e-02    1.809465e-06    4.764588e-06    5.355921e-04    1.280400e-07    3.372061e-07
            336   -1.946210e-01    7.147000e-03    5.977400e-02    2.161811e-04    2.766736e-03   -4.551129e-03    1.565133e-02    1.080010e-06    6.329283e-06    5.535585e-04    7.641802e-08    4.479352e-07
            337   -1.945160e-01    9.126000e-03    5.950400e-02    2.241335e-04    2.711662e-03   -4.820208e-03    1.617595e-02    6.387629e-06    1.100845e-05    5.721134e-04    4.520236e-07    7.790695e-07
            338   -1.944100e-01    1.109500e-02    5.916900e-02    2.317367e-04    2.644708e-03   -5.097072e-03    1.671809e-02    8.008956e-06    7.413328e-06    5.912876e-04    5.667632e-07    5.246584e-07
            339   -1.943040e-01    1.305100e-02    5.876800e-02    2.394714e-04    2.565297e-03   -5.380353e-03    1.727824e-02    8.705643e-06    6.181916e-06    6.110991e-04    6.160685e-07    4.375233e-07
            340   -1.941990e-01    1.499300e-02    5.830300e-02    2.481322e-04    2.472456e-03   -5.671167e-03    1.785706e-02    4.036199e-06    1.194872e-06    6.315709e-04    2.856220e-07    8.460484e-08
            341   -1.940930e-01    1.691900e-02    5.777300e-02    2.561917e-04    2.365698e-03   -5.968258e-03    1.845528e-02    4.090631e-06    9.112700e-07    6.527289e-04    2.894751e-07    6.453047e-08
            342   -1.939880e-01    1.882600e-02    5.718000e-02    2.654651e-04    2.244194e-03   -6.271670e-03    1.907288e-02    7.971910e-06    1.030331e-05    6.745725e-04    5.641496e-07    7.292092e-07
            343   -1.938820e-01    2.071300e-02    5.652400e-02    2.744016e-04    2.107106e-03   -6.581283e-03    1.971104e-02    8.662690e-06    9.461219e-06    6.971430e-04    6.130417e-07    6.696182e-07
            344   -1.937760e-01    2.257600e-02    5.580600e-02    2.836876e-04    1.953806e-03   -6.896144e-03    2.036992e-02    8.229890e-06    1.224858e-05    7.204460e-04    5.824145e-07    8.668985e-07
            345   -1.936710e-01    2.441500e-02    5.502700e-02    2.941046e-04    1.783067e-03   -7.216784e-03    2.105067e-02    3.100708e-06    6.390153e-06    7.445231e-04    2.194206e-07    4.522999e-07
            346   -1.935650e-01    2.622700e-02    5.418600e-02    3.038304e-04    1.594520e-03   -7.541507e-03    2.175419e-02    4.696074e-06    2.636370e-07    7.694050e-04    3.323278e-07    1.872013e-08
            347   -1.934600e-01    2.801000e-02    5.328700e-02    3.148972e-04    1.386849e-03   -7.871090e-03    2.248020e-02    7.587052e-06    1.460216e-05    7.950827e-04    5.369270e-07    1.033492e-06
            348   -1.933540e-01    2.976200e-02    5.232800e-02    3.255495e-04    1.159872e-03   -8.203434e-03    2.323027e-02    9.175339e-06    5.577356e-06    8.216116e-04    6.493378e-07    3.947953e-07
            349   -1.932480e-01    3.148200e-02    5.131200e-02    3.365243e-04    9.116845e-04   -8.539705e-03    2.400512e-02    5.953952e-06    2.085755e-06    8.490166e-04    4.213562e-07    1.476828e-07
            350   -1.931430e-01    3.316600e-02    5.023900e-02    3.488256e-04    6.425583e-04   -8.877187e-03    2.480497e-02    1.102759e-05    8.043484e-06    8.773056e-04    7.804365e-07    5.693428e-07
            351   -1.930370e-01    3.481500e-02    4.911200e-02    3.608689e-04    3.502208e-04   -9.217567e-03    2.563107e-02    8.708441e-06    1.692354e-05    9.065234e-04    6.163077e-07    1.197837e-06
            352   -1.929310e-01    3.642500e-02    4.793000e-02    3.733326e-04    3.505236e-05   -9.557796e-03    2.648417e-02    9.888325e-06    1.337341e-05    9.366960e-04    6.998184e-07    9.465975e-07
            353   -1.928260e-01    3.799500e-02    4.669500e-02    3.870379e-04   -3.044645e-04   -9.897779e-03    2.736495e-02    4.395799e-06    5.297843e-06    9.678473e-04    3.110858e-07    3.750574e-07
            354   -1.927200e-01    3.952300e-02    4.540900e-02    4.001941e-04   -6.692472e-04   -1.023671e-02    2.827399e-02    4.565431e-06    5.805850e-06    9.999984e-04    3.230912e-07    4.110170e-07
            355   -1.926150e-01    4.100700e-02    4.407300e-02    4.148490e-04   -1.060025e-03   -1.057308e-02    2.921237e-02    1.251244e-05    6.386923e-06    1.033187e-03    8.855554e-07    4.521589e-07
            356   -1.925090e-01    4.244700e-02    4.268800e-02    4.293571e-04   -1.478416e-03   -1.090657e-02    3.018175e-02    1.290099e-05    8.913252e-06    1.067472e-03    9.130704e-07    6.309619e-07
            357   -1.924030e-01    4.383900e-02    4.125700e-02    4.443301e-04   -1.924360e-03   -1.123501e-02    3.118169e-02    1.234570e-05    8.338582e-06    1.102838e-03    8.737743e-07    5.903130e-07
            358   -1.922980e-01    4.518400e-02    3.978000e-02    4.606882e-04   -2.399729e-03   -1.155788e-02    3.221416e-02    2.904329e-06    1.103035e-05    1.139355e-03    2.055290e-07    7.808449e-07
            359   -1.921920e-01    4.647800e-02    3.825900e-02    4.766322e-04   -2.903938e-03   -1.187255e-02    3.327909e-02    3.278605e-06    1.066946e-05    1.177020e-03    2.320139e-07    7.553190e-07
            360   -1.920870e-01    4.772200e-02    3.669600e-02    4.942516e-04   -3.439650e-03   -1.217887e-02    3.437812e-02    1.112096e-05    1.587800e-05    1.215890e-03    7.871054e-07    1.123994e-06
            361   -1.919810e-01    4.891300e-02    3.509300e-02    5.117345e-04   -4.006851e-03   -1.247450e-02    3.551220e-02    1.480930e-05    9.540730e-06    1.256000e-03    1.048179e-06    6.754672e-07
            362   -1.918750e-01    5.005000e-02    3.345100e-02    5.298989e-04   -4.606333e-03   -1.275760e-02    3.668250e-02    1.177936e-05    1.455293e-05    1.297392e-03    8.337242e-07    1.030265e-06
            363   -1.917700e-01    5.113200e-02    3.177300e-02    5.495405e-04   -5.239115e-03   -1.302654e-02    3.788900e-02    3.787063e-06    1.016940e-05    1.340063e-03    2.680049e-07    7.200160e-07
            364   -1.916640e-01    5.215800e-02    3.005900e-02    5.689466e-04   -5.906006e-03   -1.327923e-02    3.913398e-02    4.883193e-06    7.209223e-06    1.384096e-03    3.455916e-07    5.104848e-07
            365   -1.915590e-01    5.312600e-02    2.831200e-02    5.901428e-04   -6.607033e-03   -1.351316e-02    4.041749e-02    1.356413e-05    1.199852e-05    1.429492e-03    9.600767e-07    8.495208e-07
            366   -1.914530e-01    5.403600e-02    2.653400e-02    6.113619e-04   -7.343775e-03   -1.372663e-02    4.174088e-02    1.551298e-05    1.052779e-05    1.476297e-03    1.098041e-06    7.454364e-07
            367   -1.913470e-01    5.488700e-02    2.472700e-02    6.334364e-04   -8.116687e-03   -1.391716e-02    4.310516e-02    1.105324e-05    2.151506e-05    1.524549e-03    7.823628e-07    1.523224e-06
            368   -1.912420e-01    5.567700e-02    2.289300e-02    6.571678e-04   -8.925196e-03   -1.408169e-02    4.451110e-02    2.362292e-06    1.924392e-05    1.574275e-03    1.671442e-07    1.362507e-06
            369   -1.911360e-01    5.640600e-02    2.103400e-02    6.808241e-04   -9.770773e-03   -1.421790e-02    4.595995e-02    6.243557e-06    6.624847e-06    1.625518e-03    4.418871e-07    4.692556e-07
            370   -1.910310e-01    5.707200e-02    1.915100e-02    7.064615e-04   -1.065269e-02   -1.432230e-02    4.745281e-02    1.608159e-05    7.112511e-06    1.678318e-03    1.138331e-06    5.037891e-07
            371   -1.909250e-01    5.767600e-02    1.724700e-02    7.323355e-04   -1.157252e-02   -1.439255e-02    4.899050e-02    1.710332e-05    1.097959e-05    1.732703e-03    1.210684e-06    7.775616e-07
            372   -1.908190e-01    5.821700e-02    1.532500e-02    7.592127e-04   -1.252958e-02   -1.442535e-02    5.057327e-02    1.411663e-05    1.814697e-05    1.788683e-03    9.992646e-07    1.285007e-06
            373   -1.907140e-01    5.869300e-02    1.338500e-02    7.880871e-04   -1.352286e-02   -1.441670e-02    5.220345e-02    6.743416e-06    1.416964e-05    1.846339e-03    4.772955e-07    1.003466e-06
            374   -1.906080e-01    5.910500e-02    1.143100e-02    8.171263e-04   -1.455316e-02   -1.436361e-02    5.388079e-02    1.292949e-05    1.355770e-05    1.905663e-03    9.152418e-07    9.601990e-07
            375   -1.905020e-01    5.945100e-02    9.464000e-03    8.475039e-04   -1.561880e-02   -1.426180e-02    5.560638e-02    1.508309e-05    9.030977e-06    1.966694e-03    1.067719e-06    6.397604e-07
            376   -1.903970e-01    5.973200e-02    7.486000e-03    8.800085e-04   -1.672035e-02   -1.410757e-02    5.738104e-02    2.414439e-06    1.961814e-05    2.029461e-03    1.708195e-07    1.389319e-06
            377   -1.902910e-01    5.994800e-02    5.501000e-03    9.127965e-04   -1.785630e-02   -1.389708e-02    5.920458e-02    3.500376e-06    2.129137e-05    2.093956e-03    2.476827e-07    1.507855e-06
            378   -1.901860e-01    6.009700e-02    3.509000e-03    9.480860e-04   -1.902473e-02   -1.362532e-02    6.107952e-02    1.608234e-05    1.724565e-05    2.160269e-03    1.138495e-06    1.221462e-06
            379   -1.900800e-01    6.018100e-02    1.514000e-03    9.840013e-04   -2.022518e-02   -1.328836e-02    6.300460e-02    1.682839e-05    2.378045e-05    2.228356e-03    1.191333e-06    1.684217e-06
            380   -1.899740e-01    6.019800e-02   -4.830000e-04    1.021458e-03   -2.145444e-02   -1.288112e-02    6.498103e-02    1.606248e-05    1.679244e-05    2.298258e-03    1.137120e-06    1.189524e-06
            381   -1.898690e-01    6.014900e-02   -2.480000e-03    1.061400e-03   -2.271131e-02   -1.239859e-02    6.700836e-02    7.417184e-06    9.037671e-06    2.369961e-03    5.250049e-07    6.404880e-07
            382   -1.897630e-01    6.003300e-02   -4.474000e-03    1.102007e-03   -2.399150e-02   -1.183601e-02    6.908632e-02    6.245507e-06    1.633220e-05    2.443455e-03    4.420363e-07    1.157016e-06
            383   -1.896580e-01    5.985200e-02   -6.463000e-03    1.145478e-03   -2.529344e-02   -1.118803e-02    7.121533e-02    2.044198e-05    1.248525e-05    2.518754e-03    1.447268e-06    8.846837e-07
            384   -1.895520e-01    5.960400e-02   -8.445000e-03    1.190025e-03   -2.661163e-02   -1.044927e-02    7.339595e-02    2.189708e-05    1.661916e-05    2.595878e-03    1.550340e-06    1.177443e-06
            385   -1.894460e-01    5.929200e-02   -1.041700e-02    1.236506e-03   -2.794320e-02   -9.614611e-03    7.562523e-02    1.819422e-05    1.994445e-05    2.674724e-03    1.288160e-06    1.412998e-06
            386   -1.893410e-01    5.891400e-02   -1.237800e-02    1.285934e-03   -2.928199e-02   -8.678109e-03    7.790321e-02    6.567265e-06    1.895311e-05    2.755292e-03    4.648291e-07    1.342873e-06
            387   -1.892350e-01    5.847100e-02   -1.432600e-02    1.336595e-03   -3.062299e-02   -7.633973e-03    8.022850e-02    1.102888e-05    7.978873e-06    2.837533e-03    7.807757e-07    5.657639e-07
            388   -1.891300e-01    5.796300e-02   -1.625700e-02    1.390516e-03   -3.195754e-02   -6.477692e-03    8.259752e-02    2.124225e-05    1.513422e-05    2.921320e-03    1.504060e-06    1.072545e-06
            389   -1.890240e-01    5.739200e-02   -1.817100e-02    1.446107e-03   -3.328113e-02   -5.202690e-03    8.500994e-02    1.967052e-05    3.221782e-05    3.006643e-03    1.392790e-06    2.282442e-06
            390   -1.889180e-01    5.675800e-02   -2.006500e-02    1.504268e-03   -3.458410e-02   -3.804178e-03    8.746251e-02    1.704504e-05    3.435649e-05    3.093387e-03    1.206877e-06    2.434041e-06
            391   -1.888130e-01    5.606100e-02   -2.193700e-02    1.566035e-03   -3.585665e-02   -2.276904e-03    8.995147e-02    8.380681e-06    2.359413e-05    3.181416e-03    5.932579e-07    1.671917e-06
            392   -1.887070e-01    5.530200e-02   -2.378400e-02    1.629563e-03   -3.708766e-02   -6.170027e-04    9.247090e-02    1.205032e-05    1.727365e-05    3.270524e-03    8.531424e-07    1.224369e-06
            393   -1.886020e-01    5.448300e-02   -2.560600e-02    1.697182e-03   -3.826790e-02    1.181397e-03    9.501695e-02    2.505074e-05    1.921784e-05    3.360573e-03    1.773935e-06    1.362121e-06
            394   -1.884960e-01    5.360300e-02   -2.739900e-02    1.767036e-03   -3.938161e-02    3.119821e-03    9.758260e-02    2.863558e-05    2.356776e-05    3.451315e-03    2.027897e-06    1.670269e-06
            395   -1.883900e-01    5.266500e-02   -2.916200e-02    1.840173e-03   -4.041659e-02    5.201524e-03    1.001615e-01    2.593236e-05    2.889568e-05    3.542524e-03    1.836486e-06    2.047735e-06
            396   -1.882850e-01    5.166900e-02   -3.089300e-02    1.917638e-03   -4.135668e-02    7.427873e-03    1.027450e-01    1.616962e-05    2.913829e-05    3.633900e-03    1.145003e-06    2.065022e-06
            397   -1.881790e-01    5.061600e-02   -3.259000e-02    1.997746e-03   -4.218501e-02    9.798793e-03    1.053232e-01    2.479568e-05    2.305646e-05    3.725087e-03    1.756043e-06    1.634318e-06
            398   -1.880730e-01    4.950700e-02   -3.425100e-02    2.081647e-03   -4.288323e-02    1.231235e-02    1.078832e-01    2.964839e-05    1.400255e-05    3.815627e-03    2.099841e-06    9.930081e-07
            399   -1.879680e-01    4.834300e-02   -3.587400e-02    2.170357e-03   -4.343185e-02    1.496440e-02    1.104140e-01    1.931583e-05    1.504167e-05    3.905138e-03    1.367953e-06    1.066641e-06
            400   -1.878620e-01    4.712700e-02   -3.745800e-02    2.262018e-03   -4.381225e-02    1.774898e-02    1.129011e-01    1.888274e-05    2.277608e-05    3.993102e-03    1.337290e-06    1.614593e-06
            401   -1.877570e-01    4.585800e-02   -3.900100e-02    2.358916e-03   -4.400184e-02    2.065746e-02    1.153299e-01    3.502326e-05    1.675123e-05    4.079005e-03    2.480754e-06    1.187771e-06
            402   -1.876510e-01    4.453900e-02   -4.050100e-02    2.459069e-03   -4.398012e-02    2.367619e-02    1.176813e-01    3.493586e-05    3.302016e-05    4.162167e-03    2.474648e-06    2.340334e-06
            403   -1.875450e-01    4.317100e-02   -4.195600e-02    2.563432e-03   -4.372569e-02    2.678855e-02    1.199339e-01    3.478143e-05    3.114151e-05    4.241840e-03    2.463777e-06    2.207285e-06
            404   -1.874400e-01    4.175600e-02   -4.336500e-02    2.672861e-03   -4.321885e-02    2.997510e-02    1.220672e-01    2.891966e-05    1.367612e-05    4.317291e-03    2.048548e-06    9.699434e-07
            405   -1.873340e-01    4.029400e-02   -4.472600e-02    2.785496e-03   -4.243974e-02    3.321202e-02    1.240617e-01    3.243671e-05    7.825205e-06    4.387832e-03    2.297789e-06    5.553447e-07
            406   -1.872290e-01    3.878800e-02   -4.603800e-02    2.903137e-03   -4.137353e-02    3.647079e-02    1.258943e-01    4.440272e-05    1.634797e-05    4.452649e-03    3.145649e-06    1.159104e-06
            407   -1.871230e-01    3.724000e-02   -4.729900e-02    3.023603e-03   -4.000826e-02    3.971817e-02    1.275413e-01    4.432778e-05    2.821872e-05    4.510898e-03    3.140414e-06    2.000124e-06
            408   -1.870170e-01    3.565000e-02   -4.850900e-02    3.147687e-03   -3.833444e-02    4.292228e-02    1.289823e-01    4.204290e-05    2.841209e-05    4.561863e-03    2.978633e-06    2.013679e-06
            409   -1.869120e-01    3.402200e-02   -4.966400e-02    3.275526e-03   -3.635224e-02    4.603914e-02    1.301925e-01    3.478705e-05    1.374097e-05    4.604667e-03    2.464585e-06    9.741780e-07
            410   -1.868060e-01    3.235500e-02   -5.076600e-02    3.405186e-03   -3.406224e-02    4.903700e-02    1.311598e-01    3.311675e-05    2.473721e-05    4.638878e-03    2.346325e-06    1.753084e-06
            411   -1.867010e-01    3.065400e-02   -5.181100e-02    3.537755e-03   -3.147971e-02    5.186985e-02    1.318722e-01    4.860543e-05    2.406177e-05    4.664076e-03    3.443802e-06    1.705193e-06
            412   -1.865950e-01    2.891800e-02   -5.279900e-02    3.671175e-03   -2.861798e-02    5.450409e-02    1.323290e-01    5.055647e-05    2.916239e-05    4.680232e-03    3.582112e-06    2.066452e-06
            413   -1.864890e-01    2.715100e-02   -5.373000e-02    3.805791e-03   -2.550347e-02    5.690490e-02    1.325311e-01    4.848500e-05    2.563663e-05    4.687380e-03    3.435387e-06    1.816494e-06
            414   -1.863840e-01    2.535400e-02   -5.460100e-02    3.942025e-03   -2.216449e-02    5.903952e-02    1.324843e-01    4.264215e-05    9.845244e-07    4.685723e-03    3.021420e-06    6.967457e-08
            415   -1.862780e-01    2.352800e-02   -5.541100e-02    4.077602e-03   -1.863297e-02    6.088306e-02    1.321951e-01    4.217119e-05    2.479996e-06    4.675495e-03    2.988092e-06    1.754888e-07
            416   -1.861730e-01    2.167700e-02   -5.616100e-02    4.214034e-03   -1.494897e-02    6.241745e-02    1.316714e-01    5.185802e-05    1.767243e-05    4.656972e-03    3.674464e-06    1.251829e-06
            417   -1.860670e-01    1.980200e-02   -5.685000e-02    4.349053e-03   -1.114958e-02    6.362979e-02    1.309272e-01    5.120580e-05    3.372692e-05    4.630653e-03    3.628258e-06    2.389206e-06
            418   -1.859610e-01    1.790600e-02   -5.747500e-02    4.482942e-03   -7.276926e-03    6.451075e-02    1.299809e-01    5.244746e-05    1.869327e-05    4.597181e-03    3.716210e-06    1.323941e-06
            419   -1.858560e-01    1.598900e-02   -5.803800e-02    4.616562e-03   -3.365100e-03    6.506270e-02    1.288509e-01    4.453058e-05    6.077811e-06    4.557218e-03    3.155275e-06    4.299800e-07
            420   -1.857500e-01    1.405500e-02   -5.853600e-02    4.747359e-03    5.443978e-04    6.528824e-02    1.275640e-01    4.980734e-05    5.677808e-06    4.511701e-03    3.529110e-06    4.015819e-07
            421   -1.856440e-01    1.210600e-02   -5.897000e-02    4.876194e-03    4.417586e-03    6.519915e-02    1.261396e-01    4.895127e-05    7.634866e-06    4.461323e-03    3.468413e-06    5.402253e-07
            422   -1.855390e-01    1.014300e-02   -5.933900e-02    5.003819e-03    8.225152e-03    6.480862e-02    1.246010e-01    3.408224e-05    1.182500e-05    4.406907e-03    2.414916e-06    8.370262e-07
            423   -1.854330e-01    8.169000e-03   -5.964300e-02    5.128046e-03    1.193781e-02    6.413436e-02    1.229726e-01    3.418731e-05    1.036318e-05    4.349311e-03    2.422345e-06    7.333947e-07
            424   -1.853280e-01    6.186000e-03   -5.988100e-02    5.250829e-03    1.553159e-02    6.319516e-02    1.212769e-01    4.710417e-05    1.109624e-05    4.289340e-03    3.337424e-06    7.853087e-07
            425   -1.852220e-01    4.196000e-03   -6.005300e-02    5.370192e-03    1.898653e-02    6.201213e-02    1.195368e-01    4.920788e-05    1.352461e-05    4.227795e-03    3.486395e-06    9.573268e-07
            426   -1.851160e-01    2.202000e-03   -6.016000e-02    5.486952e-03    2.228464e-02    6.060914e-02    1.177738e-01    4.287242e-05    2.177828e-05    4.165441e-03    3.037489e-06    1.542030e-06
            427   -1.850110e-01    2.050000e-04   -6.019900e-02    5.602116e-03    2.541424e-02    5.900477e-02    1.160032e-01    3.395072e-05    6.218092e-06    4.102816e-03    2.405408e-06    4.396643e-07
            428   -1.849050e-01   -1.792000e-03   -6.017300e-02    5.713732e-03    2.836378e-02    5.722485e-02    1.142418e-01    3.220607e-05    9.939889e-06    4.040520e-03    2.281773e-06    7.033377e-07
            429   -1.848000e-01   -3.787000e-03   -6.008100e-02    5.823963e-03    3.112590e-02    5.529020e-02    1.125044e-01    4.401276e-05    1.190294e-05    3.979072e-03    3.118108e-06    8.424176e-07
            430   -1.846940e-01   -5.778000e-03   -5.992200e-02    5.930998e-03    3.369552e-02    5.322052e-02    1.108043e-01    5.094521e-05   -1.703855e-06    3.918942e-03    3.609117e-06   -1.214503e-07
            431   -1.845880e-01   -7.762000e-03   -5.969700e-02    6.035736e-03    3.606864e-02    5.103793e-02    1.091546e-01    4.393319e-05    8.502509e-06    3.860596e-03    3.112315e-06    6.016053e-07
            432   -1.844830e-01   -9.738000e-03   -5.940700e-02    6.139335e-03    3.824553e-02    4.876165e-02    1.075636e-01    3.229649e-05    2.980989e-06    3.804323e-03    2.287954e-06    2.105226e-07
            433   -1.843770e-01   -1.170400e-02   -5.905100e-02    6.240004e-03    4.022634e-02    4.640832e-02    1.060393e-01    3.353778e-05   -3.033725e-06    3.750414e-03    2.375844e-06   -2.155066e-07
            434   -1.842720e-01   -1.365600e-02   -5.863000e-02    6.339773e-03    4.201096e-02    4.399801e-02    1.045906e-01    4.305136e-05    6.074435e-06    3.699174e-03    3.049670e-06    4.297362e-07
            435   -1.841660e-01   -1.559300e-02   -5.814500e-02    6.436983e-03    4.360349e-02    4.154657e-02    1.032233e-01    4.177901e-05    1.522352e-05    3.650816e-03    2.959481e-06    1.077820e-06
            436   -1.840600e-01   -1.751400e-02   -5.759600e-02    6.532811e-03    4.500849e-02    3.906781e-02    1.019422e-01    3.935970e-05    1.466775e-05    3.605507e-03    2.788076e-06    1.038421e-06
            437   -1.839550e-01   -1.941400e-02   -5.698300e-02    6.627994e-03    4.622836e-02    3.657813e-02    1.007541e-01    2.598244e-05    1.671520e-05    3.563485e-03    1.840492e-06    1.183522e-06
            438   -1.838490e-01   -2.129400e-02   -5.630800e-02    6.721095e-03    4.727089e-02    3.408990e-02    9.966031e-02    2.299596e-05    2.861919e-05    3.524800e-03    1.628941e-06    2.026685e-06
            439   -1.837440e-01   -2.315000e-02   -5.557100e-02    6.814112e-03    4.814060e-02    3.161673e-02    9.866565e-02    3.892093e-05    1.847307e-05    3.489621e-03    2.756857e-06    1.308075e-06
            440   -1.836380e-01   -2.498100e-02   -5.477200e-02    6.905435e-03    4.884421e-02    2.916869e-02    9.777282e-02    4.585457e-05    4.314235e-06    3.458043e-03    3.247929e-06    3.052119e-07
            441   -1.835320e-01   -2.678400e-02   -5.391300e-02    6.995965e-03    4.938869e-02    2.675911e-02    9.698459e-02    4.002900e-05    1.164636e-05    3.430164e-03    2.835264e-06    8.245916e-07
            442   -1.834270e-01   -2.855800e-02   -5.299500e-02    7.086861e-03    4.978217e-02    2.439775e-02    9.630306e-02    2.710961e-05    1.250382e-05    3.406060e-03    1.920183e-06    8.853676e-07
            443   -1.833210e-01   -3.030000e-02   -5.201900e-02    7.176264e-03    5.003206e-02    2.209499e-02    9.573064e-02    2.679709e-05    1.320371e-05    3.385815e-03    1.898021e-06    9.349824e-07
            444   -1.832160e-01   -3.200900e-02   -5.098500e-02    7.266540e-03    5.014664e-02    1.985811e-02    9.526857e-02    4.010140e-05    9.751006e-06    3.369472e-03    2.840312e-06    6.904520e-07
            445   -1.831100e-01   -3.368200e-02   -4.989500e-02    7.355795e-03    5.013448e-02    1.769731e-02    9.491878e-02    4.184416e-05    2.450659e-06    3.357101e-03    2.963707e-06    1.734734e-07
            446   -1.830040e-01   -3.531900e-02   -4.875000e-02    7.445242e-03    5.000527e-02    1.561929e-02    9.468235e-02    3.082711e-05    1.787703e-05    3.348739e-03    2.183395e-06    1.266097e-06
            447   -1.828990e-01   -3.691700e-02   -4.755200e-02    7.535948e-03    4.976862e-02    1.363284e-02    9.456097e-02    4.169795e-05    1.873088e-05    3.344446e-03    2.953317e-06    1.326607e-06
            448   -1.827930e-01   -3.847400e-02   -4.630100e-02    7.626309e-03    4.943346e-02    1.174329e-02    9.455696e-02    4.760889e-05    1.348986e-05    3.344304e-03    3.371956e-06    9.554387e-07
            449   -1.826870e-01   -3.998800e-02   -4.499900e-02    7.717297e-03    4.901046e-02    9.957648e-03    9.467367e-02    4.649207e-05    6.802788e-06    3.348432e-03    3.292838e-06    4.818794e-07
            450   -1.825820e-01   -4.145900e-02   -4.364800e-02    7.810085e-03    4.851133e-02    8.281692e-03    9.491435e-02    3.139907e-05    1.485238e-05    3.356944e-03    2.223852e-06    1.052053e-06
            451   -1.824760e-01   -4.288400e-02   -4.224900e-02    7.902894e-03    4.794656e-02    6.719971e-03    9.528042e-02    2.991504e-05    2.200529e-05    3.369891e-03    2.118733e-06    1.558721e-06
            452   -1.823710e-01   -4.426200e-02   -4.080300e-02    7.998071e-03    4.732782e-02    5.276343e-03    9.577345e-02    4.532796e-05    1.581467e-05    3.387329e-03    3.210384e-06    1.120305e-06
            453   -1.822650e-01   -4.559100e-02   -3.931200e-02    8.093851e-03    4.666748e-02    3.954837e-03    9.639439e-02    4.763814e-05    2.239563e-05    3.409290e-03    3.374016e-06    1.586483e-06
            454   -1.821590e-01   -4.687000e-02   -3.777800e-02    8.191365e-03    4.597892e-02    2.758446e-03    9.714385e-02    4.604988e-05    2.220116e-05    3.435797e-03    3.261537e-06    1.572753e-06
            455   -1.820540e-01   -4.809700e-02   -3.620300e-02    8.291633e-03    4.527565e-02    1.689177e-03    9.802257e-02    3.370664e-05    2.514367e-05    3.466876e-03    2.387287e-06    1.781267e-06
            456   -1.819480e-01   -4.927200e-02   -3.458700e-02    8.393283e-03    4.457097e-02    7.469049e-04    9.903245e-02    3.410550e-05    2.803240e-05    3.502594e-03    2.415554e-06    1.985900e-06
            457   -1.818430e-01   -5.039200e-02   -3.293400e-02    8.498330e-03    4.388071e-02   -6.717960e-05    1.001727e-01    4.782580e-05    3.135146e-05    3.542923e-03    3.387366e-06    2.221110e-06
            458   -1.817370e-01   -5.145700e-02   -3.124400e-02    8.605438e-03    4.321946e-02   -7.553811e-04    1.014450e-01    5.067661e-05    3.733474e-05    3.587922e-03    3.589328e-06    2.644989e-06
            459   -1.816310e-01   -5.246500e-02   -2.952000e-02    8.715630e-03    4.260380e-02   -1.320007e-03    1.028479e-01    5.139288e-05    3.378262e-05    3.637537e-03    3.640103e-06    2.393481e-06
            460   -1.815260e-01   -5.341500e-02   -2.776400e-02    8.830164e-03    4.205066e-02   -1.765514e-03    1.043811e-01    4.257692e-05    2.790731e-05    3.691767e-03    3.015663e-06    1.977449e-06
            461   -1.814200e-01   -5.430700e-02   -2.597600e-02    8.947758e-03    4.157693e-02   -2.098533e-03    1.060460e-01    4.357999e-05    3.146025e-05    3.750651e-03    3.086756e-06    2.229161e-06
            462   -1.813150e-01   -5.513900e-02   -2.416100e-02    9.070588e-03    4.120189e-02   -2.326956e-03    1.078387e-01    5.735064e-05    3.978028e-05    3.814054e-03    4.062238e-06    2.818673e-06
            463   -1.812090e-01   -5.591000e-02   -2.231800e-02    9.197521e-03    4.094234e-02   -2.462610e-03    1.097595e-01    6.453483e-05    3.667170e-05    3.881989e-03    4.571231e-06    2.598565e-06
            464   -1.811030e-01   -5.662000e-02   -2.045100e-02    9.329859e-03    4.081880e-02   -2.518881e-03    1.118032e-01    6.371149e-05    4.218810e-05    3.954271e-03    4.512989e-06    2.989458e-06
            465   -1.809980e-01   -5.726700e-02   -1.856200e-02    9.469057e-03    4.084886e-02   -2.513861e-03    1.139641e-01    5.859439e-05    3.140158e-05    4.030698e-03    4.150561e-06    2.225512e-06
            466   -1.808920e-01   -5.785100e-02   -1.665200e-02    9.614170e-03    4.105109e-02   -2.469001e-03    1.162382e-01    6.251718e-05    3.050250e-05    4.111131e-03    4.428532e-06    2.161913e-06
            467   -1.807870e-01   -5.837100e-02   -1.472400e-02    9.768060e-03    4.144240e-02   -2.410766e-03    1.186161e-01    7.710076e-05    3.526470e-05    4.195229e-03    5.461779e-06    2.499408e-06
            468   -1.806810e-01   -5.882800e-02   -1.278000e-02    9.930203e-03    4.203903e-02   -2.370298e-03    1.210873e-01    7.922002e-05    4.311721e-05    4.282632e-03    5.612044e-06    3.055851e-06
            469   -1.805750e-01   -5.921900e-02   -1.082100e-02    1.010334e-02    4.284992e-02   -2.385591e-03    1.236371e-01    7.646417e-05    4.901027e-05    4.372814e-03    5.416936e-06    3.473477e-06
            470   -1.804700e-01   -5.954600e-02   -8.851000e-03    1.029112e-02    4.388256e-02   -2.499329e-03    1.262410e-01    9.129982e-05    6.051006e-05    4.464911e-03    6.468181e-06    4.288391e-06
            471   -1.803640e-01   -5.980600e-02   -6.871000e-03    1.049606e-02    4.513177e-02   -2.760445e-03    1.288731e-01    1.013815e-04    5.572510e-05    4.558002e-03    7.182673e-06    3.949513e-06
            472   -1.802580e-01   -6.000100e-02   -4.883000e-03    1.072600e-02    4.658581e-02   -3.220722e-03    1.314966e-01    9.872488e-05    6.464421e-05    4.650790e-03    6.994658e-06    4.581583e-06
            473   -1.801530e-01   -6.013000e-02   -2.890000e-03    1.099225e-02    4.821449e-02   -3.931741e-03    1.340599e-01    8.408204e-05    7.054489e-05    4.741449e-03    5.957319e-06    4.999783e-06
            474   -1.800470e-01   -6.019300e-02   -8.940000e-04    1.130843e-02    4.997284e-02   -4.938977e-03    1.365004e-01    7.843040e-05    8.400180e-05    4.827767e-03    5.557016e-06    5.953385e-06
            475   -1.799420e-01   -6.019000e-02    1.103000e-03    1.169769e-02    5.179983e-02   -6.274735e-03    1.387507e-01    8.198936e-05    1.006202e-04    4.907355e-03    5.809352e-06    7.131028e-06
            476   -1.798360e-01   -6.012000e-02    3.099000e-03    1.218447e-02    5.362154e-02   -7.951093e-03    1.407487e-01    7.636790e-05    1.031705e-04    4.978019e-03    5.411184e-06    7.311777e-06
            477   -1.797300e-01   -5.998400e-02    5.092000e-03    1.279910e-02    5.536034e-02   -9.955545e-03    1.424613e-01    5.737451e-05    1.053247e-04    5.038591e-03    4.065418e-06    7.464412e-06
            478   -1.796250e-01   -5.978200e-02    7.079000e-03    1.357081e-02    5.693878e-02   -1.224962e-02    1.438862e-01    2.580651e-05    1.031674e-04    5.088989e-03    1.828508e-06    7.311522e-06
            479   -1.795190e-01   -5.951400e-02    9.058000e-03    1.452047e-02    5.828932e-02   -1.477493e-02    1.450500e-01    4.367816e-06    1.062172e-04    5.130147e-03    3.093282e-07    7.527604e-06
            480   -1.794140e-01   -5.918100e-02    1.102700e-02    1.566181e-02    5.935894e-02   -1.745894e-02    1.459892e-01   -6.932300e-06    1.243582e-04    5.163368e-03   -4.914218e-07    8.813149e-06
            481   -1.793080e-01   -5.878300e-02    1.298500e-02    1.699078e-02    6.011171e-02   -2.022507e-02    1.467403e-01   -1.773323e-05    1.217517e-04    5.189931e-03   -1.256780e-06    8.628340e-06
            482   -1.792020e-01   -5.832000e-02    1.492700e-02    1.848809e-02    6.052906e-02   -2.299453e-02    1.473259e-01   -2.664950e-05    9.621528e-05    5.210645e-03   -1.888639e-06    6.818686e-06
            483   -1.790970e-01   -5.779200e-02    1.685400e-02    2.012728e-02    6.061445e-02   -2.570807e-02    1.477609e-01   -4.633493e-05    8.273253e-05    5.226028e-03   -3.283636e-06    5.863112e-06
            484   -1.789910e-01   -5.720200e-02    1.876100e-02    2.186788e-02    6.038796e-02   -2.831429e-02    1.480599e-01   -5.133680e-05    7.610908e-05    5.236604e-03   -3.638121e-06    5.393762e-06
            485   -1.788860e-01   -5.654800e-02    2.064900e-02    2.368000e-02    5.987732e-02   -3.078844e-02    1.482404e-01   -3.949058e-05    7.075164e-05    5.242987e-03   -2.798577e-06    5.013986e-06
            486   -1.787800e-01   -5.583200e-02    2.251300e-02    2.552881e-02    5.911850e-02   -3.311354e-02    1.483242e-01   -3.283838e-05    5.983759e-05    5.245950e-03   -2.327160e-06    4.240523e-06
            487   -1.786740e-01   -5.505400e-02    2.435300e-02    2.739480e-02    5.814650e-02   -3.529132e-02    1.483376e-01   -3.264402e-05    5.160377e-05    5.246424e-03   -2.313363e-06    3.656955e-06
            488   -1.785690e-01   -5.421600e-02    2.616600e-02    2.926255e-02    5.699564e-02   -3.732762e-02    1.483006e-01   -3.935563e-05    3.642566e-05    5.245117e-03   -2.788986e-06    2.581328e-06
            489   -1.784630e-01   -5.331800e-02    2.795000e-02    3.112176e-02    5.569364e-02   -3.923381e-02    1.482325e-01   -3.591049e-05    3.286847e-05    5.242707e-03   -2.544828e-06    2.329209e-06
            490   -1.783580e-01   -5.236200e-02    2.970300e-02    3.296983e-02    5.426575e-02   -4.102264e-02    1.481473e-01   -1.794635e-05    3.032200e-05    5.239696e-03   -1.271777e-06    2.148765e-06
            491   -1.782520e-01   -5.134800e-02    3.142400e-02    3.480517e-02    5.273028e-02   -4.270765e-02    1.480543e-01   -8.009782e-06    2.039445e-05    5.236406e-03   -5.675938e-07    1.445194e-06
            492   -1.781460e-01   -5.027700e-02    3.310900e-02    3.662814e-02    5.110367e-02   -4.429833e-02    1.479604e-01   -1.469045e-06   -1.469511e-06    5.233083e-03   -1.040935e-07   -1.041699e-07
            493   -1.780410e-01   -4.915100e-02    3.475900e-02    3.844364e-02    4.939944e-02   -4.580716e-02    1.478693e-01   -1.061356e-05   -5.109236e-06    5.229864e-03   -7.521267e-07   -3.621317e-07
            494   -1.779350e-01   -4.797100e-02    3.637000e-02    4.025057e-02    4.762848e-02   -4.723999e-02    1.477829e-01   -7.310853e-06    2.561719e-06    5.226808e-03   -5.180846e-07    1.815206e-07
            495   -1.778290e-01   -4.673800e-02    3.794200e-02    4.205381e-02    4.579888e-02   -4.860470e-02    1.477029e-01   -8.850649e-06    1.177622e-05    5.223976e-03   -6.271821e-07    8.344578e-07
            496   -1.777240e-01   -4.545400e-02    3.947100e-02    4.385448e-02    4.391932e-02   -4.990422e-02    1.476302e-01   -1.587861e-05   -2.876390e-06    5.221404e-03   -1.125241e-06   -2.038869e-07
            497   -1.776180e-01   -4.412000e-02    4.095700e-02    4.565397e-02    4.199491e-02   -5.114347e-02    1.475648e-01   -1.423684e-05   -5.254289e-06    5.219094e-03   -1.008908e-06   -3.723544e-07
            498   -1.775130e-01   -4.273700e-02    4.239800e-02    4.745567e-02    4.003014e-02   -5.232434e-02    1.475075e-01   -3.310270e-07   -2.353219e-06    5.217064e-03   -2.345223e-08   -1.667795e-07
            499   -1.774070e-01   -4.130700e-02    4.379200e-02    4.925802e-02    3.802943e-02   -5.344776e-02    1.474577e-01    4.450383e-06   -2.340996e-06    5.215304e-03    3.153891e-07   -1.659209e-07
            500   -1.773010e-01   -3.983100e-02    4.513900e-02    5.106398e-02    3.599468e-02   -5.451561e-02    1.474153e-01    4.610309e-06   -1.213129e-05    5.213803e-03    3.267396e-07   -8.597708e-07
            501   -1.771960e-01   -3.831200e-02    4.643500e-02    5.287200e-02    3.392986e-02   -5.552562e-02    1.473800e-01   -9.095413e-06   -1.313572e-05    5.212556e-03   -6.445534e-07   -9.308860e-07
            502   -1.770900e-01   -3.675100e-02    4.768000e-02    5.468131e-02    3.183457e-02   -5.647811e-02    1.473504e-01   -1.043599e-05   -1.386413e-05    5.211510e-03   -7.395629e-07   -9.824726e-07
            503   -1.769850e-01   -3.514900e-02    4.887300e-02    5.649389e-02    2.970766e-02   -5.737206e-02    1.473254e-01    5.483162e-08   -1.945067e-06    5.210625e-03    3.887180e-09   -1.378503e-07
            504   -1.768790e-01   -3.350800e-02    5.001200e-02    5.830642e-02    2.754841e-02   -5.820508e-02    1.473036e-01    9.456999e-07    1.371675e-05    5.209854e-03    6.702612e-08    9.720388e-07
            505   -1.767730e-01   -3.183100e-02    5.109600e-02    6.011791e-02    2.535654e-02   -5.897574e-02    1.472830e-01    1.399778e-06    2.978253e-06    5.209126e-03    9.919131e-08    2.110683e-07
            506   -1.766680e-01   -3.011800e-02    5.212400e-02    6.192970e-02    2.312767e-02   -5.968202e-02    1.472623e-01   -1.211275e-05    4.210742e-06    5.208392e-03   -8.583593e-07    2.983361e-07
            507   -1.765620e-01   -2.837300e-02    5.309400e-02    6.373635e-02    2.086217e-02   -6.032121e-02    1.472390e-01   -1.201470e-05    8.004135e-06    5.207570e-03   -8.514344e-07    5.672264e-07
            508   -1.764570e-01   -2.659600e-02    5.400600e-02    6.554052e-02    1.855534e-02   -6.089209e-02    1.472108e-01    1.960521e-06    8.144532e-06    5.206573e-03    1.389308e-07    5.771726e-07
            509   -1.763510e-01   -2.479000e-02    5.485900e-02    6.733808e-02    1.620668e-02   -6.139302e-02    1.471757e-01    3.507274e-06    2.077955e-05    5.205331e-03    2.485467e-07    1.472545e-06
            510   -1.762450e-01   -2.295600e-02    5.565100e-02    6.912931e-02    1.381406e-02   -6.182162e-02    1.471311e-01    1.120032e-06    2.327270e-05    5.203755e-03    7.938979e-08    1.649183e-06
            511   -1.761400e-01   -2.109800e-02    5.638200e-02    7.091287e-02    1.137966e-02   -6.217832e-02    1.470752e-01   -6.847171e-06    1.037470e-05    5.201775e-03   -4.852191e-07    7.351919e-07
            512   -1.760340e-01   -1.921600e-02    5.705100e-02    7.268798e-02    8.901397e-03   -6.246245e-02    1.470065e-01   -2.983317e-06    4.365575e-08    5.199346e-03   -2.114029e-07    3.055902e-09
            513   -1.759290e-01   -1.731300e-02    5.765700e-02    7.445543e-02    6.382080e-03   -6.267444e-02    1.469233e-01    1.062994e-05   -2.901070e-07    5.196404e-03    7.533090e-07   -2.059096e-08
            514   -1.758230e-01   -1.539100e-02    5.819900e-02    7.621358e-02    3.823997e-03   -6.281527e-02    1.468243e-01    1.465424e-05    2.413406e-06    5.192904e-03    1.038496e-06    1.709923e-07
            515   -1.757170e-01   -1.345200e-02    5.867800e-02    7.796464e-02    1.230219e-03   -6.288872e-02    1.467092e-01    1.039458e-05    1.114514e-05    5.188834e-03    7.366361e-07    7.897397e-07
            516   -1.756120e-01   -1.149800e-02    5.909200e-02    7.971061e-02   -1.395459e-03   -6.289678e-02    1.465775e-01    2.891931e-06    2.724468e-06    5.184174e-03    2.049565e-07    1.930093e-07
            517   -1.755060e-01   -9.531000e-03    5.944000e-02    8.145130e-02   -4.049027e-03   -6.284323e-02    1.464298e-01    8.840405e-06    3.535533e-07    5.178950e-03    6.265054e-07    2.495653e-08
            518   -1.754000e-01   -7.554000e-03    5.972400e-02    8.318939e-02   -6.724703e-03   -6.273604e-02    1.462670e-01    9.047391e-06    2.392335e-06    5.173191e-03    6.411829e-07    1.693988e-07
            519   -1.752950e-01   -5.569000e-03    5.994200e-02    8.492819e-02   -9.417491e-03   -6.258048e-02    1.460898e-01   -1.996523e-07   -3.447873e-06    5.166926e-03   -1.411536e-08   -2.444431e-07
            520   -1.751890e-01   -3.578000e-03    6.009400e-02    8.666868e-02   -1.212219e-02   -6.238488e-02    1.459002e-01    4.011963e-06   -1.125271e-05    5.160217e-03    2.843335e-07   -7.974959e-07
            521   -1.750840e-01   -1.582000e-03    6.017900e-02    8.841657e-02   -1.483438e-02   -6.215788e-02    1.457008e-01    2.282168e-05   -2.280413e-05    5.153165e-03    1.617296e-06   -1.616150e-06
            522   -1.749780e-01    4.150000e-04    6.019800e-02    9.017111e-02   -1.754464e-02   -6.191175e-02    1.454950e-01    2.399599e-05   -1.111149e-05    5.145886e-03    1.700504e-06   -7.875424e-07
            523   -1.748720e-01    2.412000e-03    6.015200e-02    9.193686e-02   -2.024615e-02   -6.165975e-02    1.452880e-01    2.293318e-05   -1.725636e-05    5.138567e-03    1.625187e-06   -1.223008e-06
            524   -1.747670e-01    4.406000e-03    6.003900e-02    9.371596e-02   -2.292778e-02   -6.141359e-02    1.450877e-01    1.571179e-05   -4.685356e-05    5.131481e-03    1.113440e-06   -3.320354e-06
            525   -1.746610e-01    6.395000e-03    5.985900e-02    9.550777e-02   -2.557718e-02   -6.118715e-02    1.449037e-01    1.585149e-05   -5.732104e-05    5.124974e-03    1.123337e-06   -4.062123e-06
            526   -1.745560e-01    8.377000e-03    5.961400e-02    9.731399e-02   -2.817840e-02   -6.099606e-02    1.447485e-01    2.322742e-05   -4.922715e-05    5.119485e-03    1.646009e-06   -3.488516e-06
            527   -1.744500e-01    1.035000e-02    5.930300e-02    9.913097e-02   -3.071192e-02   -6.085172e-02    1.446386e-01    2.139146e-05   -4.839967e-05    5.115598e-03    1.515900e-06   -3.429850e-06
            528   -1.743440e-01    1.231100e-02    5.892700e-02    1.009545e-01   -3.315250e-02   -6.076456e-02    1.445947e-01    9.516021e-06   -5.503593e-05    5.114047e-03    6.743376e-07   -3.900030e-06
            529   -1.742390e-01    1.425900e-02    5.848700e-02    1.027796e-01   -3.547313e-02   -6.074023e-02    1.446406e-01   -1.431926e-05   -6.416859e-05    5.115669e-03   -1.014741e-06   -4.547153e-06
            530   -1.741330e-01    1.619200e-02    5.798200e-02    1.045952e-01   -3.764233e-02   -6.077491e-02    1.448027e-01   -2.412120e-05   -8.227176e-05    5.121403e-03   -1.709359e-06   -5.829992e-06
            531   -1.740280e-01    1.810600e-02    5.741300e-02    1.063893e-01   -3.962466e-02   -6.085623e-02    1.451087e-01   -2.429704e-05   -9.282515e-05    5.132226e-03   -1.721866e-06   -6.577728e-06
            532   -1.739220e-01    2.000000e-02    5.678000e-02    1.081473e-01   -4.138923e-02   -6.096001e-02    1.455861e-01   -3.955181e-05   -9.426766e-05    5.149111e-03   -2.802934e-06   -6.679875e-06
            533   -1.738160e-01    2.187300e-02    5.608600e-02    1.098557e-01   -4.290964e-02   -6.105239e-02    1.462599e-01   -6.698217e-05   -7.932063e-05    5.172942e-03   -4.746835e-06   -5.620597e-06
            534   -1.737110e-01    2.372100e-02    5.532900e-02    1.115009e-01   -4.416629e-02   -6.108266e-02    1.471491e-01   -9.886519e-05   -7.557264e-05    5.204389e-03   -7.006343e-06   -5.354916e-06
            535   -1.736050e-01    2.554400e-02    5.451200e-02    1.130699e-01   -4.515608e-02   -6.099717e-02    1.482622e-01   -1.233032e-04   -3.229047e-05    5.243758e-03   -8.738307e-06   -2.287597e-06
            536   -1.735000e-01    2.733800e-02    5.363500e-02    1.145548e-01   -4.588908e-02   -6.073471e-02    1.495939e-01   -1.181056e-04   -1.404202e-05    5.290858e-03   -8.370147e-06   -9.942523e-07
            537   -1.733940e-01    2.910200e-02    5.269800e-02    1.159501e-01   -4.639368e-02   -6.023758e-02    1.511273e-01   -1.159274e-04    5.238573e-06    5.345093e-03   -8.215935e-06    3.722162e-07
            538   -1.732880e-01    3.083400e-02    5.170400e-02    1.172552e-01   -4.671337e-02   -5.945869e-02    1.528255e-01   -1.172064e-04    3.221096e-05    5.405153e-03   -8.306750e-06    2.283872e-06
            539   -1.731830e-01    3.253200e-02    5.065200e-02    1.184743e-01   -4.690178e-02   -5.836046e-02    1.546405e-01   -1.222063e-04    5.733303e-05    5.469347e-03   -8.661269e-06    4.064386e-06
            540   -1.730770e-01    3.419500e-02    4.954600e-02    1.196106e-01   -4.702110e-02   -5.692587e-02    1.565149e-01   -1.037364e-04    7.174956e-05    5.535640e-03   -7.352441e-06    5.086229e-06
            541   -1.729710e-01    3.581900e-02    4.838400e-02    1.206725e-01   -4.713143e-02   -5.514851e-02    1.583878e-01   -9.028547e-05    8.256070e-05    5.601883e-03   -6.399267e-06    5.852577e-06
            542   -1.728660e-01    3.740500e-02    4.716900e-02    1.216701e-01   -4.729374e-02   -5.304118e-02    1.602033e-01   -8.996899e-05    1.024425e-04    5.666093e-03   -6.376942e-06    7.261719e-06
            543   -1.727600e-01    3.894900e-02    4.590200e-02    1.226093e-01   -4.756017e-02   -5.062829e-02    1.619111e-01   -7.490261e-05    1.201913e-04    5.726495e-03   -5.309186e-06    8.519753e-06
            544   -1.726550e-01    4.045000e-02    4.458500e-02    1.235008e-01   -4.797679e-02   -4.794465e-02    1.634713e-01   -4.416387e-05    1.305477e-04    5.781676e-03   -3.130552e-06    9.253876e-06
            545   -1.725490e-01    4.190700e-02    4.321900e-02    1.243516e-01   -4.858086e-02   -4.503074e-02    1.648393e-01   -2.177549e-05    1.219840e-04    5.830057e-03   -1.543682e-06    8.646908e-06
            546   -1.724430e-01    4.331700e-02    4.180500e-02    1.251696e-01   -4.940004e-02   -4.193283e-02    1.659987e-01   -1.134147e-05    1.191577e-04    5.871066e-03   -8.041097e-07    8.446616e-06
            547   -1.723380e-01    4.468000e-02    4.034500e-02    1.259630e-01   -5.045565e-02   -3.870112e-02    1.669767e-01   -1.610775e-05    1.281092e-04    5.905657e-03   -1.141911e-06    9.081050e-06
            548   -1.722320e-01    4.599400e-02    3.884100e-02    1.267366e-01   -5.175892e-02   -3.538968e-02    1.677392e-01   -2.416346e-06    1.288436e-04    5.932623e-03   -1.714143e-07    9.133029e-06
            549   -1.721270e-01    4.725700e-02    3.729400e-02    1.274982e-01   -5.331306e-02   -3.205245e-02    1.683013e-01    3.018841e-05    1.121111e-04    5.952502e-03    2.139701e-06    7.946939e-06
            550   -1.720210e-01    4.846800e-02    3.570500e-02    1.282514e-01   -5.511477e-02   -2.874389e-02    1.686880e-01    4.620472e-05    1.116283e-04    5.966181e-03    3.275038e-06    7.912589e-06
            551   -1.719150e-01    4.962600e-02    3.407800e-02    1.290011e-01   -5.715136e-02   -2.552422e-02    1.689144e-01    5.208587e-05    1.164030e-04    5.974189e-03    3.691934e-06    8.250972e-06
            552   -1.718100e-01    5.072900e-02    3.241300e-02    1.297521e-01   -5.940066e-02   -2.244702e-02    1.690126e-01    5.108767e-05    1.078632e-04    5.977663e-03    3.621202e-06    7.645598e-06
            553   -1.717040e-01    5.177600e-02    3.071300e-02    1.305046e-01   -6.183094e-02   -1.956890e-02    1.690343e-01    5.997013e-05    1.144761e-04    5.978428e-03    4.250804e-06    8.114381e-06
            554   -1.715990e-01    5.276600e-02    2.897800e-02    1.312627e-01   -6.440112e-02   -1.693941e-02    1.690222e-01    8.546608e-05    1.152428e-04    5.978001e-03    6.058021e-06    8.168667e-06
            555   -1.714930e-01    5.369900e-02    2.721200e-02    1.320241e-01   -6.705708e-02   -1.460789e-02    1.690362e-01    1.044628e-04    1.056527e-04    5.978497e-03    7.404555e-06    7.488903e-06
            556   -1.713870e-01    5.457200e-02    2.541600e-02    1.327886e-01   -6.973017e-02   -1.261058e-02    1.690944e-01    1.151122e-04    8.554989e-05    5.980555e-03    8.159390e-06    6.064096e-06
            557   -1.712820e-01    5.538500e-02    2.359100e-02    1.335556e-01   -7.234532e-02   -1.096932e-02    1.692793e-01    1.136927e-04    6.190641e-05    5.987094e-03    8.058754e-06    4.388261e-06
            558   -1.711760e-01    5.613700e-02    2.174100e-02    1.343181e-01   -7.481666e-02   -9.691520e-03    1.696868e-01    1.200997e-04    5.449494e-05    6.001506e-03    8.512887e-06    3.863082e-06
            559   -1.710710e-01    5.682700e-02    1.986700e-02    1.350740e-01   -7.705896e-02   -8.759250e-03    1.702642e-01    1.372786e-04    5.137955e-05    6.021930e-03    9.730582e-06    3.642439e-06
            560   -1.709650e-01    5.745500e-02    1.797100e-02    1.358167e-01   -7.899282e-02   -8.133469e-03    1.711516e-01    1.436967e-04    4.091882e-05    6.053314e-03    1.018554e-05    2.901208e-06
            561   -1.708590e-01    5.801900e-02    1.605500e-02    1.365413e-01   -8.054804e-02   -7.755890e-03    1.723648e-01    1.370636e-04    3.114459e-05    6.096222e-03    9.715433e-06    2.208581e-06
            562   -1.707540e-01    5.852000e-02    1.412200e-02    1.372429e-01   -8.167646e-02   -7.553086e-03    1.738588e-01    1.118234e-04    3.414915e-05    6.149064e-03    7.926334e-06    2.421832e-06
            563   -1.706480e-01    5.895600e-02    1.217300e-02    1.379156e-01   -8.234981e-02   -7.441855e-03    1.755870e-01    9.769178e-05    3.049581e-05    6.210184e-03    6.924634e-06    2.163077e-06
            564   -1.705430e-01    5.932800e-02    1.021100e-02    1.385599e-01   -8.256496e-02   -7.338367e-03    1.774820e-01    8.896779e-05    4.179403e-05    6.277211e-03    6.306251e-06    2.964232e-06
            565   -1.704370e-01    5.963400e-02    8.237000e-03    1.391747e-01   -8.233605e-02   -7.163968e-03    1.795388e-01    6.032240e-05    6.919052e-05    6.349953e-03    4.275600e-06    4.906629e-06
            566   -1.703310e-01    5.987400e-02    6.254000e-03    1.397616e-01   -8.169763e-02   -6.852353e-03    1.817633e-01    3.312540e-06    1.410735e-04    6.428629e-03    2.339730e-07    1.000303e-05
            567   -1.702260e-01    6.004900e-02    4.265000e-03    1.403207e-01   -8.069547e-02   -6.352134e-03    1.840995e-01   -1.483102e-05    9.760982e-05    6.511257e-03   -1.052460e-06    6.922259e-06
            568   -1.701200e-01    6.015700e-02    2.270000e-03    1.409300e-01   -7.941862e-02   -5.630098e-03    1.861697e-01    2.427772e-05    3.212737e-05    6.584476e-03    1.720124e-06    2.280023e-06
            569   -1.700140e-01    6.019900e-02    2.740000e-04    1.416422e-01   -7.794846e-02   -4.677433e-03    1.882856e-01    4.965451e-05    1.236168e-05    6.659311e-03    3.519250e-06    8.789357e-07
            570   -1.699090e-01    6.017500e-02   -1.723000e-03    1.424587e-01   -7.633122e-02   -3.493427e-03    1.902473e-01    4.460267e-05   -8.526258e-06    6.728693e-03    3.161236e-06   -6.020127e-07
            571   -1.698030e-01    6.008500e-02   -3.719000e-03    1.433757e-01   -7.461058e-02   -2.086838e-03    1.921306e-01    5.058269e-05   -1.579500e-05    6.795303e-03    3.585410e-06   -1.117529e-06
            572   -1.696980e-01    5.992800e-02   -5.710000e-03    1.443914e-01   -7.282556e-02   -4.748803e-04    1.938724e-01    6.275531e-05   -7.515773e-06    6.856906e-03    4.448651e-06   -5.306792e-07
            573   -1.695920e-01    5.970600e-02   -7.694000e-03    1.455000e-01   -7.101059e-02    1.321912e-03    1.954496e-01    6.563909e-05   -1.511746e-05    6.912689e-03    4.653266e-06   -1.069668e-06
            574   -1.694860e-01    5.941800e-02   -9.671000e-03    1.467000e-01   -6.919007e-02    3.283841e-03    1.968705e-01    5.474489e-05   -1.795730e-05    6.962944e-03    3.881065e-06   -1.271284e-06
            575   -1.693810e-01    5.906500e-02   -1.163700e-02    1.479867e-01   -6.738868e-02    5.385384e-03    1.981299e-01    4.078046e-05   -3.885850e-05    7.007487e-03    2.891094e-06   -2.753528e-06
            576   -1.692750e-01    5.864600e-02   -1.358900e-02    1.493529e-01   -6.562322e-02    7.600833e-03    1.992510e-01    4.223362e-05   -5.741348e-05    7.047137e-03    2.994242e-06   -4.069283e-06
            577   -1.691700e-01    5.816300e-02   -1.552700e-02    1.507966e-01   -6.390779e-02    9.907267e-03    2.002345e-01    5.438222e-05   -6.695068e-05    7.081921e-03    3.855770e-06   -4.745772e-06
            578   -1.690640e-01    5.761600e-02   -1.744800e-02    1.523101e-01   -6.225243e-02    1.227876e-02    2.010935e-01    5.439061e-05   -7.936265e-05    7.112304e-03    3.856483e-06   -5.626149e-06
            579   -1.689580e-01    5.700500e-02   -1.935000e-02    1.538889e-01   -6.066313e-02    1.469078e-02    2.018008e-01    3.902562e-05   -7.013511e-05    7.137319e-03    2.767101e-06   -4.972200e-06
            580   -1.688530e-01    5.633200e-02   -2.123000e-02    1.555273e-01   -5.914495e-02    1.711753e-02    2.024360e-01    1.424934e-05   -6.634672e-05    7.159787e-03    1.010325e-06   -4.703630e-06
            581   -1.687470e-01    5.559700e-02   -2.308700e-02    1.572182e-01   -5.769599e-02    1.953638e-02    2.029729e-01    4.714544e-06   -5.471730e-05    7.178772e-03    3.342666e-07   -3.879191e-06
            582   -1.686420e-01    5.480000e-02   -2.491900e-02    1.589580e-01   -5.631177e-02    2.192453e-02    2.034192e-01    1.073706e-05   -3.831973e-05    7.194561e-03    7.613339e-07   -2.716726e-06
            583   -1.685360e-01    5.394400e-02   -2.672300e-02    1.607370e-01   -5.498824e-02    2.425914e-02    2.038087e-01    9.664766e-06   -4.051928e-05    7.208333e-03    6.853144e-07   -2.872694e-06
            584   -1.684300e-01    5.302800e-02   -2.849700e-02    1.625510e-01   -5.371400e-02    2.652082e-02    2.041425e-01   -2.713350e-06   -5.009817e-05    7.220141e-03   -1.923877e-07   -3.551919e-06
            585   -1.683250e-01    5.205300e-02   -3.024100e-02    1.643969e-01   -5.247746e-02    2.869432e-02    2.044348e-01   -2.756395e-05   -6.669201e-05    7.230480e-03   -1.954519e-06   -4.728747e-06
            586   -1.682190e-01    5.102100e-02   -3.195100e-02    1.662648e-01   -5.126654e-02    3.076172e-02    2.046928e-01   -4.841813e-05   -7.506926e-05    7.239603e-03   -3.433280e-06   -5.322814e-06
            587   -1.681140e-01    4.993300e-02   -3.362600e-02    1.681520e-01   -5.006615e-02    3.271117e-02    2.049295e-01   -6.357632e-05   -9.097345e-05    7.247976e-03   -4.508151e-06   -6.450646e-06
            588   -1.680080e-01    4.879000e-02   -3.526300e-02    1.700501e-01   -4.886008e-02    3.453116e-02    2.051696e-01   -1.221694e-04   -1.019593e-04    7.256467e-03   -8.662980e-06   -7.229566e-06
            589   -1.679020e-01    4.759400e-02   -3.686200e-02    1.719559e-01   -4.763315e-02    3.621623e-02    2.054845e-01   -1.151076e-04   -9.333633e-05    7.267603e-03   -8.162295e-06   -6.618095e-06
            590   -1.677970e-01    4.634500e-02   -3.842100e-02    1.738653e-01   -4.636671e-02    3.781373e-02    2.057811e-01   -5.190494e-05   -5.779148e-05    7.278093e-03   -3.680638e-06   -4.097703e-06
            591   -1.676910e-01    4.504500e-02   -3.993700e-02    1.757733e-01   -4.505269e-02    3.936793e-02    2.061043e-01   -2.751790e-05   -3.568036e-05    7.289524e-03   -1.951379e-06   -2.529792e-06
            592   -1.675850e-01    4.369500e-02   -4.141000e-02    1.776822e-01   -4.369130e-02    4.088228e-02    2.064812e-01   -1.270263e-05   -2.787309e-05    7.302858e-03   -9.008108e-07   -1.976259e-06
            593   -1.674800e-01    4.229800e-02   -4.283600e-02    1.795904e-01   -4.228722e-02    4.234975e-02    2.068716e-01   -1.894071e-05   -2.380798e-05    7.316664e-03   -1.343200e-06   -1.687891e-06
            594   -1.673740e-01    4.085300e-02   -4.421600e-02    1.814994e-01   -4.084091e-02    4.377218e-02    2.072720e-01   -1.604477e-05   -1.069938e-05    7.330826e-03   -1.137829e-06   -7.584531e-07
            595   -1.672690e-01    3.936400e-02   -4.554600e-02    1.834079e-01   -3.935850e-02    4.514211e-02    2.076861e-01   -4.951726e-07   -1.356937e-06    7.345471e-03   -3.522291e-08   -9.586074e-08
            596   -1.671630e-01    3.783200e-02   -4.682700e-02    1.853159e-01   -3.784213e-02    4.646135e-02    2.081178e-01    1.867360e-06    6.464776e-06    7.360738e-03    1.322987e-07    4.588001e-07
            597   -1.670570e-01    3.625800e-02   -4.805600e-02    1.872239e-01   -3.629308e-02    4.772731e-02    2.085695e-01   -3.869412e-06    1.173513e-05    7.376715e-03   -2.745146e-07    8.325733e-07
            598   -1.669520e-01    3.464400e-02   -4.923300e-02    1.891333e-01   -3.471205e-02    4.894304e-02    2.090384e-01   -1.835695e-05    1.412805e-05    7.393301e-03   -1.301873e-06    1.002278e-06
            599   -1.668460e-01    3.299100e-02   -5.035500e-02    1.910419e-01   -3.309753e-02    5.010873e-02    2.095204e-01   -1.516700e-05    6.257324e-06    7.410349e-03   -1.075652e-06    4.441172e-07
            600   -1.667410e-01    3.130300e-02   -5.142100e-02    1.929498e-01   -3.145104e-02    5.122581e-02    2.100139e-01   -3.832683e-06    1.000718e-05    7.427801e-03   -2.719462e-07    7.101044e-07
            601   -1.666350e-01    2.958000e-02   -5.243100e-02    1.948573e-01   -2.977147e-02    5.229480e-02    2.105281e-01   -7.721013e-06    1.344073e-05    7.445987e-03   -5.477013e-07    9.536525e-07
            602   -1.665290e-01    2.782400e-02   -5.338400e-02    1.967654e-01   -2.806044e-02    5.331342e-02    2.111625e-01   -3.353885e-05    4.212337e-05    7.468425e-03   -2.378620e-06    2.987857e-06
            603   -1.664240e-01    2.603800e-02   -5.427800e-02    1.986736e-01   -2.631709e-02    5.427796e-02    2.122298e-01   -7.456011e-05    6.182189e-05    7.506175e-03   -5.287882e-06    4.385322e-06
            604   -1.663180e-01    2.422300e-02   -5.511100e-02    2.005809e-01   -2.453941e-02    5.518165e-02    2.141173e-01   -1.317422e-04    1.182251e-04    7.572931e-03   -9.343432e-06    8.385905e-06
            605   -1.662130e-01    2.238200e-02   -5.588400e-02    2.024894e-01   -2.272606e-02    5.601579e-02    2.145122e-01   -8.786749e-05    7.008202e-06    7.586899e-03   -6.228736e-06    4.920585e-07
            606   -1.661070e-01    2.051600e-02   -5.659600e-02    2.043970e-01   -2.091956e-02    5.676076e-02    2.086802e-01    2.193822e-04   -1.342333e-04    7.380631e-03    1.555864e-05   -9.522526e-06
            607   -1.660010e-01    1.862700e-02   -5.724600e-02    2.063057e-01   -1.903004e-02    5.740181e-02    2.050005e-01    6.285793e-05   -2.969767e-05    7.250487e-03    4.458543e-06   -2.109256e-06
            608   -1.658960e-01    1.671800e-02   -5.783200e-02    2.082147e-01   -1.711376e-02    5.798100e-02    2.014183e-01    4.946237e-05   -6.609294e-05    7.123791e-03    3.508259e-06   -4.689377e-06
            609   -1.657900e-01    1.479000e-02   -5.835500e-02    2.101233e-01   -1.518729e-02    5.849940e-02    1.980208e-01    2.495793e-05   -5.217292e-05    7.003627e-03    1.770561e-06   -3.702065e-06
            610   -1.656850e-01    1.284600e-02   -5.881300e-02    2.120320e-01   -1.325744e-02    5.896374e-02    1.946052e-01    1.440576e-05   -1.746975e-05    6.882826e-03    1.022265e-06   -1.241300e-06
            611   -1.655790e-01    1.088800e-02   -5.920700e-02    2.139397e-01   -1.130953e-02    5.936480e-02    1.912407e-01    2.329648e-05   -7.490395e-06    6.763827e-03    1.652505e-06   -5.336260e-07
            612   -1.654730e-01    8.918000e-03   -5.953600e-02    2.158471e-01   -9.336812e-03    5.969419e-02    1.880137e-01    9.335869e-06   -1.511315e-05    6.649695e-03    6.626105e-07   -1.073873e-06
            613   -1.653680e-01    6.939000e-03   -5.979900e-02    2.177544e-01   -7.363224e-03    5.995901e-02    1.851154e-01    6.239716e-06   -3.095658e-05    6.547187e-03    4.429821e-07   -2.196728e-06
            614   -1.652620e-01    4.951000e-03   -5.999600e-02    2.196618e-01   -5.385565e-03    6.016011e-02    1.824093e-01    1.000060e-05   -4.157401e-05    6.451478e-03    7.095550e-07   -2.949215e-06
            615   -1.651560e-01    2.958000e-03   -6.012700e-02    2.215686e-01   -3.410711e-03    6.030005e-02    1.797991e-01    4.333036e-06   -1.995161e-05    6.359159e-03    3.077203e-07   -1.416192e-06
            616   -1.650510e-01    9.620000e-04   -6.019200e-02    2.234759e-01   -1.429665e-03    6.037341e-02    1.773041e-01   -6.205752e-06   -9.813928e-06    6.270918e-03   -4.393878e-07   -6.974078e-07
            617   -1.649450e-01   -1.035000e-03   -6.019100e-02    2.253822e-01    5.628653e-04    6.037570e-02    1.748984e-01   -1.011367e-05   -3.689202e-07    6.185830e-03   -7.163981e-07   -2.777233e-08
            618   -1.648400e-01   -3.031000e-03   -6.012400e-02    2.272892e-01    2.552226e-03    6.031261e-02    1.725747e-01    4.375092e-06   -1.071789e-05    6.103646e-03    3.106361e-07   -7.612980e-07
            619   -1.647340e-01   -5.024000e-03   -5.999000e-02    2.291955e-01    4.528721e-03    6.018718e-02    1.703094e-01    8.634757e-06   -9.800307e-06    6.023528e-03    6.125501e-07   -6.962073e-07
            620   -1.646280e-01   -7.011000e-03   -5.979000e-02    2.311012e-01    6.497432e-03    5.999712e-02    1.681263e-01    7.823401e-06   -6.768969e-06    5.946315e-03    5.549900e-07   -4.812318e-07
            621   -1.645230e-01   -8.991000e-03   -5.952500e-02    2.330084e-01    8.468139e-03    5.973816e-02    1.660032e-01   -8.203846e-06    3.597233e-06    5.871226e-03   -5.810361e-07    2.535453e-07
            622   -1.644170e-01   -1.096000e-02   -5.919400e-02    2.349134e-01    1.043487e-02    5.940937e-02    1.639474e-01   -5.825248e-06   -8.433824e-06    5.798514e-03   -4.124522e-07   -5.991023e-07
            623   -1.643120e-01   -1.291800e-02   -5.879800e-02    2.368202e-01    1.238704e-02    5.901648e-02    1.619419e-01    2.850458e-06    2.163928e-06    5.727584e-03    2.024681e-07    1.520457e-07
            624   -1.642060e-01   -1.486100e-02   -5.833700e-02    2.387252e-01    1.431669e-02    5.856182e-02    1.599870e-01    9.989599e-06   -3.206311e-06    5.658443e-03    7.084291e-07   -2.285378e-07
            625   -1.641000e-01   -1.678800e-02   -5.781200e-02    2.406304e-01    1.622971e-02    5.804378e-02    1.580935e-01    1.158513e-05   -1.512107e-05    5.591473e-03    8.214702e-07   -1.072913e-06
            626   -1.639950e-01   -1.869600e-02   -5.722300e-02    2.425361e-01    1.812925e-02    5.745935e-02    1.562410e-01    1.956912e-06   -2.882315e-05    5.525953e-03    1.390508e-07   -2.043911e-06
            627   -1.638890e-01   -2.058400e-02   -5.657100e-02    2.444412e-01    2.001216e-02    5.680995e-02    1.544250e-01   -4.690955e-07   -2.392882e-05    5.461727e-03   -3.288551e-08   -1.696957e-06
            628   -1.637840e-01   -2.245000e-02   -5.585700e-02    2.463477e-01    2.187130e-02    5.609902e-02    1.526169e-01    9.717012e-06   -1.387717e-05    5.397777e-03    6.890095e-07   -9.845826e-07
            629   -1.636780e-01   -2.429000e-02   -5.508200e-02    2.482517e-01    2.370164e-02    5.532844e-02    1.508454e-01    1.022129e-05   -1.629232e-06    5.335120e-03    7.246999e-07   -1.164954e-07
            630   -1.635720e-01   -2.610400e-02   -5.424600e-02    2.501564e-01    2.550610e-02    5.449711e-02    1.490825e-01    6.863731e-06   -4.707836e-06    5.272770e-03    4.867397e-07   -3.346649e-07
            631   -1.634670e-01   -2.788900e-02   -5.335000e-02    2.520618e-01    2.728295e-02    5.360514e-02    1.473522e-01   -3.258057e-06   -1.673622e-05    5.211572e-03   -2.305642e-07   -1.187058e-06
            632   -1.633610e-01   -2.964300e-02   -5.239600e-02    2.539655e-01    2.902843e-02    5.265497e-02    1.456363e-01   -1.614331e-06   -2.051133e-05    5.150883e-03   -1.140870e-07   -1.454457e-06
            633   -1.632560e-01   -3.136500e-02   -5.138300e-02    2.558713e-01    3.074044e-02    5.164626e-02    1.439375e-01    8.544856e-06   -6.182119e-06    5.090803e-03    6.058344e-07   -4.390531e-07
            634   -1.631500e-01   -3.305200e-02   -5.031500e-02    2.577748e-01    3.241702e-02    5.058273e-02    1.422486e-01    1.077799e-05   -3.927853e-07    5.031068e-03    7.640356e-07   -2.872548e-08
            635   -1.630440e-01   -3.470300e-02   -4.919100e-02    2.596788e-01    3.405752e-02    4.946321e-02    1.405772e-01    5.748880e-06    3.053574e-06    4.971954e-03    4.076574e-07    2.154557e-07
            636   -1.629390e-01   -3.631600e-02   -4.801300e-02    2.615837e-01    3.565853e-02    4.829039e-02    1.389134e-01   -1.513137e-06   -1.085713e-05    4.913110e-03   -1.069347e-07   -7.702547e-07
            637   -1.628330e-01   -3.788800e-02   -4.678100e-02    2.634874e-01    3.721715e-02    4.706448e-02    1.372778e-01    3.785564e-06   -8.035800e-06    4.855260e-03    2.685101e-07   -5.702823e-07
            638   -1.627270e-01   -3.941900e-02   -4.549900e-02    2.653906e-01    3.873545e-02    4.578861e-02    1.356550e-01    8.810894e-07    4.228437e-06    4.797865e-03    6.269147e-08    2.987726e-07
            639   -1.626220e-01   -4.090700e-02   -4.416600e-02    2.672956e-01    4.021295e-02    4.446099e-02    1.340551e-01   -8.777221e-06   -5.186303e-06    4.741279e-03   -6.216451e-07   -3.683526e-07
            640   -1.625160e-01   -4.235000e-02   -4.278500e-02    2.691991e-01    4.164645e-02    4.308480e-02    1.324580e-01   -4.313741e-06   -1.753226e-05    4.684794e-03   -3.053647e-07   -1.243097e-06
            641   -1.624110e-01   -4.374600e-02   -4.135700e-02    2.711030e-01    4.303274e-02    4.166161e-02    1.308788e-01    8.030445e-06   -1.290697e-05    4.628939e-03    5.692655e-07   -9.153300e-07
            642   -1.623050e-01   -4.509300e-02   -3.988300e-02    2.730057e-01    4.437109e-02    4.019214e-02    1.293185e-01    1.502401e-05   -2.079760e-05    4.573754e-03    1.064747e-06   -1.474342e-06
            643   -1.621990e-01   -4.639100e-02   -3.836500e-02    2.749088e-01    4.566318e-02    3.867788e-02    1.277763e-01    1.259783e-05   -2.314616e-05    4.519211e-03    8.928109e-07   -1.640685e-06
            644   -1.620940e-01   -4.763800e-02   -3.680500e-02    2.768126e-01    4.690661e-02    3.712100e-02    1.262481e-01   -2.393441e-06   -2.096232e-05    4.465161e-03   -1.693443e-07   -1.485903e-06
            645   -1.619880e-01   -4.883300e-02   -3.520400e-02    2.787161e-01    4.809900e-02    3.552302e-02    1.247269e-01   -6.955466e-06   -5.886192e-06    4.411358e-03   -4.925423e-07   -4.177564e-07
            646   -1.618830e-01   -4.997400e-02   -3.356500e-02    2.806196e-01    4.923779e-02    3.388736e-02    1.232225e-01    1.973327e-06    1.058605e-05    4.358150e-03    1.400495e-07    7.492854e-07
            647   -1.617770e-01   -5.106000e-02   -3.188900e-02    2.825221e-01    5.032205e-02    3.221554e-02    1.217258e-01    6.369199e-06    8.091971e-06    4.305216e-03    4.514659e-07    5.726033e-07
            648   -1.616710e-01   -5.209000e-02   -3.017800e-02    2.844245e-01    5.135072e-02    3.051069e-02    1.202415e-01    6.265007e-06   -2.870453e-06    4.252718e-03    4.440662e-07   -2.040324e-07
            649   -1.615660e-01   -5.306200e-02   -2.843300e-02    2.863280e-01    5.232236e-02    2.877466e-02    1.187708e-01   -4.333502e-06   -1.157809e-05    4.200702e-03   -3.067817e-07   -8.209245e-07
            650   -1.614600e-01   -5.397600e-02   -2.665700e-02    2.882305e-01    5.323865e-02    2.701041e-02    1.173029e-01   -5.640119e-06   -5.529611e-06    4.148785e-03   -3.993318e-07   -3.924360e-07
            651   -1.613550e-01   -5.483100e-02   -2.485200e-02    2.901336e-01    5.409999e-02    2.521961e-02    1.158434e-01    7.379596e-06   -2.445769e-06    4.097167e-03    5.230213e-07   -1.739609e-07
            652   -1.612490e-01   -5.562500e-02   -2.302000e-02    2.920351e-01    5.490356e-02    2.340440e-02    1.143893e-01    8.259201e-06    1.431792e-06    4.045737e-03    5.853071e-07    1.007647e-07
            653   -1.611430e-01   -5.635800e-02   -2.116200e-02    2.939371e-01    5.564732e-02    2.156574e-02    1.129384e-01    6.124668e-06   -3.897527e-06    3.994422e-03    4.340800e-07   -2.767774e-07
            654   -1.610380e-01   -5.702900e-02   -1.928100e-02    2.958397e-01    5.632900e-02    1.970517e-02    1.114946e-01   -2.590095e-06   -1.836661e-05    3.943356e-03   -1.832814e-07   -1.301698e-06
            655   -1.609320e-01   -5.763700e-02   -1.737800e-02    2.977419e-01    5.694730e-02    1.782172e-02    1.100540e-01   -3.320631e-06   -1.551944e-05    3.892404e-03   -2.350098e-07   -1.100008e-06
            656   -1.608270e-01   -5.818200e-02   -1.545700e-02    2.996440e-01    5.750219e-02    1.591903e-02    1.086203e-01    1.129694e-05   -1.823076e-05    3.841699e-03    8.004499e-07   -1.292028e-06
            657   -1.607210e-01   -5.866200e-02   -1.351800e-02    3.015458e-01    5.799141e-02    1.399857e-02    1.071904e-01    1.176377e-05   -1.207762e-05    3.791125e-03    8.334973e-07   -8.561510e-07
            658   -1.606150e-01   -5.907900e-02   -1.156500e-02    3.034469e-01    5.841641e-02    1.206641e-02    1.057672e-01    3.962021e-06    8.002389e-07    3.740790e-03    2.808338e-07    5.609036e-08
            659   -1.605100e-01   -5.943000e-02   -9.599000e-03    3.053490e-01    5.877482e-02    1.012434e-02    1.043548e-01   -3.632071e-06   -1.967035e-05    3.690833e-03   -2.570887e-07   -1.393899e-06
            660   -1.604040e-01   -5.971500e-02   -7.622000e-03    3.072503e-01    5.906701e-02    8.173674e-03    1.029418e-01   -7.318391e-06   -8.012168e-06    3.640861e-03   -5.181864e-07   -5.681031e-07
            661   -1.602990e-01   -5.993500e-02   -5.637000e-03    3.091522e-01    5.929360e-02    6.215717e-03    1.015418e-01    3.540656e-06   -2.526853e-06    3.591344e-03    2.509823e-07   -1.795452e-07
            662   -1.601930e-01   -6.008900e-02   -3.646000e-03    3.110528e-01    5.945308e-02    4.249999e-03    1.001565e-01    4.682108e-06   -5.005335e-06    3.542348e-03    3.318146e-07   -3.550667e-07
            663   -1.600870e-01   -6.017700e-02   -1.651000e-03    3.129534e-01    5.954483e-02    2.276295e-03    9.876639e-02    3.172900e-07   -1.086266e-05    3.493184e-03    2.264096e-08   -7.698909e-07
            664   -1.599820e-01   -6.019900e-02    3.460000e-04    3.148551e-01    5.956864e-02    2.951098e-04    9.741189e-02    1.108475e-05   -1.401949e-05    3.445277e-03    7.852705e-07   -9.934483e-07
            665   -1.598760e-01   -6.015400e-02    2.343000e-03    3.167562e-01    5.952373e-02   -1.691432e-03    9.606651e-02    1.117478e-05   -8.491683e-06    3.397694e-03    7.916351e-07   -6.019218e-07
            666   -1.597700e-01   -6.004300e-02    4.337000e-03    3.186567e-01    5.941130e-02   -3.678597e-03    9.471536e-02    6.387054e-06   -3.427034e-06    3.349906e-03    4.525155e-07   -2.431989e-07
            667   -1.596650e-01   -5.986600e-02    6.327000e-03    3.205589e-01    5.923149e-02   -5.663106e-03    9.339979e-02   -7.712311e-06    6.263144e-07    3.303377e-03   -5.460770e-07    4.387402e-08
            668   -1.595590e-01   -5.962400e-02    8.309000e-03    3.224589e-01    5.898547e-02   -7.639358e-03    9.206153e-02   -6.615490e-06   -4.280882e-06    3.256045e-03   -4.683880e-07   -3.036512e-07
            669   -1.594540e-01   -5.931500e-02    1.028200e-02    3.243601e-01    5.867171e-02   -9.605795e-03    9.072951e-02    1.438748e-07    1.216365e-05    3.208934e-03    1.034277e-08    8.610150e-07
            670   -1.593480e-01   -5.894200e-02    1.224400e-02    3.262603e-01    5.829385e-02   -1.156082e-02    8.944474e-02    5.254187e-06    6.696733e-06    3.163494e-03    3.722616e-07    4.738140e-07
            671   -1.592420e-01   -5.850300e-02    1.419300e-02    3.281611e-01    5.785082e-02   -1.350310e-02    8.816013e-02    6.438830e-06   -2.675166e-06    3.118060e-03    4.561607e-07   -1.899607e-07
            672   -1.591370e-01   -5.800000e-02    1.612600e-02    3.300623e-01    5.734470e-02   -1.542985e-02    8.685003e-02   -2.842789e-06   -1.196371e-05    3.071724e-03   -2.011802e-07   -8.477509e-07
            673   -1.590310e-01   -5.743300e-02    1.804100e-02    3.319623e-01    5.677507e-02   -1.733924e-02    8.559879e-02   -8.395582e-07   -1.870020e-05    3.027470e-03   -5.930997e-08   -1.324788e-06
            674   -1.589260e-01   -5.680300e-02    1.993600e-02    3.338630e-01    5.614211e-02   -1.922898e-02    8.430860e-02    9.098367e-06   -1.162750e-05    2.981839e-03    6.444770e-07   -8.238821e-07
            675   -1.588200e-01   -5.611100e-02    2.180900e-02    3.357624e-01    5.544613e-02   -2.109662e-02    8.302292e-02    8.843548e-06   -5.475711e-06    2.936366e-03    6.264017e-07   -3.881651e-07
            676   -1.587140e-01   -5.535600e-02    2.365800e-02    3.376621e-01    5.468643e-02   -2.293995e-02    8.180883e-02    6.196511e-06   -8.080737e-06    2.893426e-03    4.389331e-07   -5.726324e-07
            677   -1.586090e-01   -5.454100e-02    2.548200e-02    3.395633e-01    5.386639e-02   -2.475789e-02    8.053641e-02   -9.515672e-06    5.926413e-06    2.848423e-03   -6.737246e-07    4.192552e-07
            678   -1.585030e-01   -5.366600e-02    2.727700e-02    3.414626e-01    5.298667e-02   -2.654702e-02    7.928585e-02   -4.504109e-06   -6.974558e-06    2.804193e-03   -3.188270e-07   -4.942922e-07
            679   -1.583980e-01   -5.273100e-02    2.904200e-02    3.433632e-01    5.204782e-02   -2.830690e-02    7.810474e-02    9.265874e-06   -1.380005e-05    2.762419e-03    6.562786e-07   -9.776159e-07
            680   -1.582920e-01   -5.173900e-02    3.077500e-02    3.452622e-01    5.105254e-02   -3.003578e-02    7.684635e-02    6.698916e-06   -5.046022e-07    2.717913e-03    4.744852e-07   -3.609966e-08
            681   -1.581860e-01   -5.069000e-02    3.247500e-02    3.471619e-01    5.000088e-02   -3.173286e-02    7.563106e-02    6.301270e-06   -8.687901e-06    2.674930e-03    4.463182e-07   -6.155678e-07
            682   -1.580810e-01   -4.958400e-02    3.413800e-02    3.490621e-01    4.889305e-02   -3.339414e-02    7.446479e-02   -3.410125e-06   -1.412316e-05    2.633681e-03   -2.413553e-07   -1.000459e-06
            683   -1.579750e-01   -4.842500e-02    3.576400e-02    3.509608e-01    4.773242e-02   -3.501905e-02    7.320700e-02   -7.661132e-06    8.947682e-07    2.589196e-03   -5.423672e-07    6.299888e-08
            684   -1.578700e-01   -4.721200e-02    3.735100e-02    3.528611e-01    4.651799e-02   -3.660516e-02    7.201312e-02    6.971852e-06   -1.095817e-05    2.546970e-03    4.937829e-07   -7.762756e-07
            685   -1.577640e-01   -4.594700e-02    3.889600e-02    3.547597e-01    4.525166e-02   -3.814903e-02    7.085398e-02    5.489535e-06   -1.366180e-05    2.505973e-03    3.888126e-07   -9.676842e-07
            686   -1.576580e-01   -4.463100e-02    4.039900e-02    3.566591e-01    4.393416e-02   -3.964994e-02    6.961092e-02   -3.609879e-06   -4.351488e-06    2.462009e-03   -2.554916e-07   -3.084497e-07
            687   -1.575530e-01   -4.326700e-02    4.185700e-02    3.585582e-01    4.256834e-02   -4.110470e-02    6.846147e-02    6.364789e-06   -2.498215e-06    2.421355e-03    4.507701e-07   -1.771841e-07
            688   -1.574470e-01   -4.185400e-02    4.326900e-02    3.604573e-01    4.115329e-02   -4.251250e-02    6.723942e-02    1.013205e-05   -9.169569e-06    2.378133e-03    7.175086e-07   -6.495793e-07
            689   -1.573410e-01   -4.039600e-02    4.463400e-02    3.623560e-01    3.969282e-02   -4.387201e-02    6.603574e-02    4.461865e-06   -9.610085e-08    2.335561e-03    3.160130e-07   -7.097697e-09
            690   -1.572360e-01   -3.889300e-02    4.595000e-02    3.642560e-01    3.818686e-02   -4.518100e-02    6.490502e-02   -3.332083e-06   -1.298479e-05    2.295570e-03   -2.358302e-07   -9.196810e-07
            691   -1.571300e-01   -3.734700e-02    4.721400e-02    3.661542e-01    3.663716e-02   -4.643654e-02    6.367696e-02   -3.872628e-06   -1.326398e-05    2.252136e-03   -2.740935e-07   -9.394280e-07
            692   -1.570250e-01   -3.576100e-02    4.842700e-02    3.680530e-01    3.504618e-02   -4.763948e-02    6.251648e-02    2.591609e-06    1.857930e-06    2.211092e-03    1.835824e-07    1.312765e-07
            693   -1.569190e-01   -3.413500e-02    4.958700e-02    3.699514e-01    3.341429e-02   -4.878856e-02    6.134881e-02    5.188616e-06    2.965040e-06    2.169793e-03    3.674577e-07    2.096276e-07
            694   -1.568130e-01   -3.247100e-02    5.069200e-02    3.718499e-01    3.174437e-02   -4.988275e-02    6.014729e-02    6.837887e-06   -6.547954e-06    2.127298e-03    4.842123e-07   -4.638860e-07
            695   -1.567080e-01   -3.077100e-02    5.174100e-02    3.737493e-01    3.003941e-02   -5.092226e-02    5.903472e-02   -8.920033e-07   -1.759402e-05    2.087948e-03   -6.306345e-08   -1.245935e-06
            696   -1.566020e-01   -2.903800e-02    5.273300e-02    3.756470e-01    2.830261e-02   -5.190713e-02    5.781986e-02   -3.826877e-06   -8.918229e-06    2.044981e-03   -2.708466e-07   -6.316623e-07
            697   -1.564970e-01   -2.727300e-02    5.366800e-02    3.775461e-01    2.653459e-02   -5.283760e-02    5.669166e-02    1.357694e-06    1.017976e-05    2.005079e-03    9.620726e-08    7.204544e-07
            698   -1.563910e-01   -2.547800e-02    5.454300e-02    3.794437e-01    2.473725e-02   -5.371091e-02    5.554282e-02    8.040486e-06   -4.291622e-06    1.964446e-03    5.693255e-07   -3.040914e-07
            699   -1.562850e-01   -2.365400e-02    5.535800e-02    3.813421e-01    2.291165e-02   -5.452657e-02    5.437534e-02    8.598203e-06   -1.182049e-05    1.923154e-03    6.087985e-07   -8.371062e-07
            700   -1.561800e-01   -2.180500e-02    5.611200e-02    3.832404e-01    2.106186e-02   -5.528291e-02    5.323656e-02   -2.541376e-06   -8.377800e-06    1.882878e-03   -1.798380e-07   -5.933634e-07
            701   -1.560740e-01   -1.993200e-02    5.680400e-02    3.851376e-01    1.918920e-02   -5.597877e-02    5.203831e-02   -1.878740e-06   -1.359836e-05    1.840498e-03   -1.329299e-07   -9.629002e-07
            702   -1.559690e-01   -1.803600e-02    5.743400e-02    3.870368e-01    1.729482e-02   -5.661359e-02    5.090536e-02    7.755036e-06   -1.290580e-05    1.800428e-03    5.490847e-07   -9.138857e-07
            703   -1.558630e-01   -1.612100e-02    5.800100e-02    3.889343e-01    1.538203e-02   -5.718529e-02    4.969420e-02    6.627852e-06   -4.615460e-06    1.757591e-03    4.692756e-07   -3.269615e-07
            704   -1.557570e-01   -1.418800e-02    5.850400e-02    3.908319e-01    1.345112e-02   -5.769138e-02    4.854932e-02    3.807370e-06    1.088687e-06    1.717099e-03    2.696006e-07    7.683593e-08
            705   -1.556520e-01   -1.224000e-02    5.894200e-02    3.927296e-01    1.150472e-02   -5.812998e-02    4.732691e-02   -4.531197e-06   -5.708862e-06    1.673865e-03   -3.207015e-07   -4.043468e-07
            706   -1.555460e-01   -1.027800e-02    5.931600e-02    3.946269e-01    9.543316e-03   -5.850176e-02    4.617120e-02   -3.658090e-06   -8.255738e-06    1.632990e-03   -2.588849e-07   -5.846377e-07
            707   -1.554410e-01   -8.305000e-03    5.962400e-02    3.965247e-01    7.569821e-03   -5.880480e-02    4.496550e-02    5.375427e-06   -8.929113e-06    1.590346e-03    3.805853e-07   -6.322734e-07
            708   -1.553350e-01   -6.322000e-03    5.986700e-02    3.984224e-01    5.584683e-03   -5.903997e-02    4.382090e-02    3.691603e-06    3.292109e-06    1.549864e-03    2.613915e-07    2.328234e-07
            709   -1.552290e-01   -4.333000e-03    6.004400e-02    4.003190e-01    3.592234e-03   -5.920688e-02    4.263679e-02    7.398688e-06   -8.694566e-06    1.507984e-03    5.237907e-07   -6.156624e-07
            710   -1.551240e-01   -2.339000e-03    6.015400e-02    4.022166e-01    1.594242e-03   -5.930552e-02    4.149294e-02   -3.191235e-08   -1.225289e-05    1.467528e-03   -2.204615e-09   -8.675142e-07
            711   -1.550180e-01   -3.420000e-04    6.019900e-02    4.041137e-01   -4.073909e-04   -5.933853e-02    4.034170e-02    1.537381e-06   -1.537352e-06    1.426811e-03    1.088792e-07   -1.090102e-07
            712   -1.549120e-01    1.655000e-03    6.017700e-02    4.060103e-01   -2.409294e-03   -5.930463e-02    3.912320e-02    4.664937e-06   -4.277739e-06    1.383715e-03    3.302539e-07   -3.029636e-07
            713   -1.548070e-01    3.650000e-03    6.008900e-02    4.079076e-01   -4.409487e-03   -5.920444e-02    3.829034e-02   -3.881156e-06   -7.135590e-06    1.354258e-03   -2.746765e-07   -5.052370e-07
            714   -1.547010e-01    5.641000e-03    5.993500e-02    4.098039e-01   -6.406721e-03   -5.903779e-02    3.722610e-02   -4.818663e-06   -5.359849e-06    1.316618e-03   -3.410451e-07   -3.794921e-07
            715   -1.545960e-01    7.627000e-03    5.971500e-02    4.117023e-01   -8.400254e-03   -5.880522e-02    3.632611e-02    3.997098e-06   -1.071341e-06    1.284787e-03    2.829702e-07   -7.596645e-08
            716   -1.544900e-01    9.603000e-03    5.942900e-02    4.135981e-01   -1.038432e-02   -5.850879e-02    3.559604e-02    5.870716e-06    1.742155e-07    1.258966e-03    4.155809e-07    1.219996e-08
            717   -1.543840e-01    1.156900e-02    5.907800e-02    4.154944e-01   -1.235684e-02   -5.815180e-02    3.464156e-02    8.340925e-06   -1.023468e-05    1.225208e-03    5.904212e-07   -7.245635e-07
            718   -1.542790e-01    1.352300e-02    5.866100e-02    4.173925e-01   -1.431341e-02   -5.773524e-02    3.350485e-02   -2.654466e-06   -3.211608e-06    1.185004e-03   -1.878357e-07   -2.274755e-07
            719   -1.541730e-01    1.546100e-02    5.818100e-02    4.192881e-01   -1.624922e-02   -5.726242e-02    3.235252e-02   -2.515066e-06   -3.343855e-06    1.144249e-03   -1.779672e-07   -2.368197e-07
            720   -1.540680e-01    1.738300e-02    5.763600e-02    4.211857e-01   -1.816419e-02   -5.673000e-02    3.116075e-02    8.578223e-06   -1.436014e-05    1.102098e-03    6.072046e-07   -1.016540e-06
            721   -1.539620e-01    1.928500e-02    5.702700e-02    4.230817e-01   -2.005695e-02   -5.613463e-02    2.994918e-02    5.996764e-06   -9.119627e-06    1.059247e-03    4.244826e-07   -6.456103e-07
            722   -1.538560e-01    2.116600e-02    5.635600e-02    4.249775e-01   -2.193029e-02   -5.547250e-02    2.870822e-02    4.076101e-06   -6.924412e-06    1.015356e-03    2.885331e-07   -4.902267e-07
            723   -1.537510e-01    2.302400e-02    5.562300e-02    4.268745e-01   -2.378505e-02   -5.473994e-02    2.743392e-02   -4.819616e-06   -5.439055e-06    9.702866e-04   -3.410705e-07   -3.850901e-07
            724   -1.536450e-01    2.485600e-02    5.482900e-02    4.287697e-01   -2.561973e-02   -5.393711e-02    2.615799e-02   -2.497560e-06   -1.148385e-05    9.251595e-04   -1.767226e-07   -8.128909e-07
            725   -1.535400e-01    2.666100e-02    5.397400e-02    4.306664e-01   -2.743271e-02   -5.306535e-02    2.485542e-02    2.523600e-06   -1.845867e-06    8.790898e-04    1.786466e-07   -1.307599e-07
            726   -1.534340e-01    2.843700e-02    5.306000e-02    4.325620e-01   -2.922033e-02   -5.213041e-02    2.353287e-02    5.815891e-06   -7.351540e-06    8.323140e-04    4.116455e-07   -5.204101e-07
            727   -1.533280e-01    3.018100e-02    5.208700e-02    4.344573e-01   -3.097643e-02   -5.113695e-02    2.218801e-02    4.881615e-06   -4.702466e-06    7.847485e-04    3.455152e-07   -3.329187e-07
            728   -1.532230e-01    3.189300e-02    5.105800e-02    4.363539e-01   -3.269869e-02   -5.009097e-02    2.074683e-02   -2.243942e-06   -2.695015e-07    7.337768e-04   -1.587684e-07   -1.919307e-08
            729   -1.531170e-01    3.356900e-02    4.997200e-02    4.382491e-01   -3.438005e-02   -4.899611e-02    1.928975e-02   -1.258530e-06   -4.832735e-06    6.822424e-04   -8.902748e-08   -3.421219e-07
            730   -1.530120e-01    3.520800e-02    4.883100e-02    4.401451e-01   -3.602090e-02   -4.785203e-02    1.790052e-02    6.386363e-06   -9.157549e-06    6.331081e-04    4.519879e-07   -6.481678e-07
            731   -1.529060e-01    3.680800e-02    4.763600e-02    4.420401e-01   -3.762251e-02   -4.665494e-02    1.654175e-02    4.607038e-06   -8.171162e-06    5.850510e-04    3.260564e-07   -5.783404e-07
            732   -1.528000e-01    3.836800e-02    4.638900e-02    4.439350e-01   -3.918558e-02   -4.540245e-02    1.525258e-02    4.162295e-06   -7.443567e-06    5.394552e-04    2.945733e-07   -5.268312e-07
            733   -1.526950e-01    3.988600e-02    4.509000e-02    4.458316e-01   -4.070903e-02   -4.409246e-02    1.402291e-02   -8.342722e-07   -9.849071e-06    4.959643e-04   -5.901802e-08   -6.970431e-07
            734   -1.525890e-01    4.136000e-02    4.374200e-02    4.477266e-01   -4.219107e-02   -4.272952e-02    1.286337e-02    1.924795e-06   -5.008864e-06    4.549534e-04    1.362253e-07   -3.545088e-07
            735   -1.524830e-01    4.278800e-02    4.234600e-02    4.496211e-01   -4.362853e-02   -4.131763e-02    1.179286e-02    4.150612e-06   -6.164330e-06    4.170914e-04    2.937275e-07   -4.362601e-07
            736   -1.523780e-01    4.416900e-02    4.090400e-02    4.515161e-01   -4.501915e-02   -3.985989e-02    1.078209e-02   -1.427477e-06   -3.362198e-06    3.813423e-04   -1.010012e-07   -2.379597e-07
            737   -1.522720e-01    4.550200e-02    3.941600e-02    4.534113e-01   -4.636228e-02   -3.835550e-02    9.842091e-03    3.320092e-07   -8.342882e-06    3.480965e-04    2.350635e-08   -5.904003e-07
            738   -1.521670e-01    4.678400e-02    3.788500e-02    4.553063e-01   -4.765456e-02   -3.680600e-02    8.970201e-03    3.527690e-06   -5.469323e-06    3.172593e-04    2.496355e-07   -3.870468e-07
            739   -1.520610e-01    4.801500e-02    3.631200e-02    4.572010e-01   -4.889640e-02   -3.521265e-02    8.136433e-03    1.077240e-06   -4.582835e-07    2.877705e-04    7.623498e-08   -3.245350e-08
            740   -1.519550e-01    4.919300e-02    3.470000e-02    4.590947e-01   -5.008475e-02   -3.358087e-02    7.371058e-03    2.660861e-06   -3.167952e-07    2.607006e-04    1.882901e-07   -2.243769e-08
            741   -1.518500e-01    5.031700e-02    3.304900e-02    4.609901e-01   -5.121605e-02   -3.191536e-02    6.627806e-03    7.919525e-07   -6.437414e-06    2.344132e-04    5.604340e-08   -4.555291e-07
            742   -1.517440e-01    5.138600e-02    3.136100e-02    4.628853e-01   -5.228992e-02   -3.022006e-02    5.930522e-03    4.614476e-07   -5.225011e-06    2.097515e-04    3.265711e-08   -3.697355e-07
            743   -1.516390e-01    5.239800e-02    2.963900e-02    4.647807e-01   -5.330783e-02   -2.849275e-02    5.259773e-03    2.512264e-06   -5.044236e-06    1.860284e-04    1.777699e-07   -3.569389e-07
            744   -1.515330e-01    5.335200e-02    2.788500e-02    4.666743e-01   -5.427349e-02   -2.672705e-02    4.633996e-03   -3.798277e-07   -2.611072e-06    1.638958e-04   -2.687290e-08   -1.847652e-07
            745   -1.514270e-01    5.424800e-02    2.610000e-02    4.685683e-01   -5.518767e-02   -2.492023e-02    4.056301e-03    5.376360e-07    6.621776e-07    1.434638e-04    3.804462e-08    4.684603e-08
            746   -1.513220e-01    5.508400e-02    2.428600e-02    4.704634e-01   -5.604322e-02   -2.308281e-02    3.526435e-03   -6.462196e-07    2.335704e-06    1.247235e-04   -4.572269e-08    1.652613e-07
            747   -1.512160e-01    5.585900e-02    2.244500e-02    4.723578e-01   -5.683279e-02   -2.123251e-02    3.038922e-03    2.385792e-06   -1.978320e-06    1.074810e-04    1.688145e-07   -1.399873e-07
            748   -1.511110e-01    5.657300e-02    2.058000e-02    4.742527e-01   -5.755252e-02   -1.938010e-02    2.583832e-03    5.458058e-06   -6.018374e-06    9.138536e-05    3.861972e-07   -4.258467e-07
            749   -1.510050e-01    5.722400e-02    1.869200e-02    4.761465e-01   -5.820527e-02   -1.751935e-02    2.161176e-03    3.197834e-06   -1.137129e-05    7.643679e-05    2.262688e-07   -8.045981e-07
            750   -1.508990e-01    5.781300e-02    1.678400e-02    4.780400e-01   -5.880283e-02   -1.562470e-02    1.778699e-03   -1.927495e-06   -4.932872e-06    6.290926e-05   -1.363821e-07   -3.490341e-07
            751   -1.507940e-01    5.833800e-02    1.485700e-02    4.799346e-01   -5.935086e-02   -1.367412e-02    1.443992e-03   -5.189671e-06    6.332766e-07    5.107130e-05   -3.672004e-07    4.480660e-08
            752   -1.506880e-01    5.879900e-02    1.291300e-02    4.818280e-01   -5.984916e-02   -1.167233e-02    1.156317e-03   -2.792643e-06    1.432975e-06    4.089680e-05   -1.975954e-07    1.013897e-07
            753   -1.505830e-01    5.919500e-02    1.095600e-02    4.837205e-01   -6.028874e-02   -9.639103e-03    9.033349e-04   -2.211679e-06    4.079064e-06    3.194928e-05   -1.564886e-07    2.886162e-07
            754   -1.504770e-01    5.952500e-02    8.986000e-03    4.856129e-01   -6.066333e-02   -7.595856e-03    6.855905e-04    2.538404e-06    6.218715e-08    2.424806e-05    1.796064e-07    4.399453e-09
            755   -1.503710e-01    5.979000e-02    7.007000e-03    4.875050e-01   -6.097043e-02   -5.556375e-03    5.034882e-04    4.026358e-07    1.028732e-06    1.780744e-05    2.848866e-08    7.278808e-08
            756   -1.502660e-01    5.999000e-02    5.019000e-03    4.893999e-01   -6.120760e-02   -3.523146e-03    3.428238e-04    1.228824e-06   -5.663341e-06    1.212504e-05    8.694595e-08   -4.007117e-07
            757   -1.501600e-01    6.012400e-02    3.027000e-03    4.912924e-01   -6.138248e-02   -1.496907e-03    2.026852e-04    8.174913e-06   -1.870009e-06    7.168597e-06    5.784175e-07   -1.323128e-07
            758   -1.500540e-01    6.019100e-02    1.031000e-03    4.931854e-01   -6.148661e-02    5.443174e-04    8.346745e-05    1.003192e-05    5.105423e-06    2.952089e-06    7.098090e-07    3.612346e-07
            759   -1.499330e-01    6.019300e-02   -9.660000e-04    4.950638e-01   -6.149825e-02    2.605175e-03   -1.517419e-05    9.256116e-06    8.134107e-07   -5.366829e-07    6.549163e-07    5.755285e-08
            760   -1.496960e-01    6.013100e-02   -2.951000e-03    4.968254e-01   -6.147231e-02    4.645067e-03   -1.004262e-04    8.614559e-06   -1.496251e-06   -3.551889e-06    6.095224e-07   -1.058671e-07
            761   -1.493270e-01    6.000700e-02   -4.912000e-03    4.984534e-01   -6.139927e-02    6.670719e-03   -1.752449e-04    5.759310e-06    1.356908e-06   -6.198085e-06    4.074994e-07    9.600789e-08
            762   -1.488270e-01    5.982200e-02   -6.840000e-03    4.999509e-01   -6.125110e-02    8.684534e-03   -2.364352e-04    8.012689e-07    3.883086e-06   -8.362273e-06    5.669358e-08    2.747474e-07
            763   -1.482010e-01    5.957700e-02   -8.723000e-03    5.013215e-01   -6.100667e-02    1.066013e-02   -2.894327e-04    4.439013e-06    9.502777e-06   -1.023670e-05    3.140817e-07    6.723672e-07
            764   -1.474500e-01    5.927200e-02   -1.055200e-02    5.025688e-01   -6.065124e-02    1.255171e-02   -3.326323e-04   -1.522511e-06    4.686318e-06   -1.176459e-05   -1.077250e-07    3.315792e-07
            765   -1.465790e-01    5.890900e-02   -1.231600e-02    5.036954e-01   -6.018856e-02    1.430870e-02   -3.680157e-04   -2.805202e-06   -1.581755e-05   -1.301603e-05   -1.984816e-07   -1.119166e-06
            766   -1.455930e-01    5.849200e-02   -1.400500e-02    5.047049e-01   -5.966517e-02    1.593038e-02   -4.054216e-04   -1.012091e-06   -2.538701e-05   -1.433901e-05   -7.161043e-08   -1.796251e-06
            767   -1.444970e-01    5.802100e-02   -1.561000e-02    5.056061e-01   -5.912887e-02    1.748125e-02   -4.374024e-04   -2.466124e-06   -9.339446e-06   -1.547011e-05   -1.744901e-07   -6.608097e-07
            768   -1.432980e-01    5.749900e-02   -1.712300e-02    5.064056e-01   -5.859852e-02    1.903003e-02   -4.605961e-04   -1.830574e-06    1.218030e-05   -1.629043e-05   -1.295218e-07    8.618132e-07
            769   -1.420010e-01    5.693000e-02   -1.853500e-02    5.071031e-01   -5.805754e-02    2.057361e-02   -4.819948e-04    1.178662e-06    2.184466e-05   -1.704726e-05    8.339572e-08    1.545611e-06
            770   -1.406140e-01    5.631500e-02   -1.983900e-02    5.077091e-01   -5.746136e-02    2.204464e-02   -4.972224e-04    2.243978e-07    1.934633e-05   -1.758583e-05    1.587682e-08    1.368843e-06
            771   -1.391450e-01    5.566000e-02   -2.102700e-02    5.082354e-01   -5.678721e-02    2.335425e-02   -5.115744e-04    1.665718e-06    5.714785e-06   -1.809344e-05    1.178572e-07    4.043478e-07
            772   -1.376010e-01    5.496700e-02   -2.209300e-02    5.086903e-01   -5.603898e-02    2.443855e-02   -5.194492e-04    7.505896e-07   -1.423328e-05   -1.837195e-05    5.310756e-08   -1.007071e-06
            773   -1.359920e-01    5.424000e-02   -2.303100e-02    5.090781e-01   -5.525221e-02    2.530362e-02   -5.274627e-04   -4.163376e-07   -2.889452e-05   -1.865538e-05   -2.945745e-08   -2.044421e-06
            774   -1.343240e-01    5.348300e-02   -2.383600e-02    5.094088e-01   -5.447760e-02    2.602968e-02   -5.351914e-04    4.098670e-06   -1.597306e-05   -1.892872e-05    2.899995e-07   -1.130168e-06
            775   -1.326090e-01    5.270000e-02   -2.450400e-02    5.096924e-01   -5.372798e-02    2.671264e-02   -5.401771e-04   -3.038194e-06    1.410065e-05   -1.910506e-05   -2.149665e-07    9.976864e-07
            776   -1.308550e-01    5.189600e-02   -2.503000e-02    5.099327e-01   -5.298004e-02    2.736154e-02   -5.431951e-04   -2.558717e-06    2.354197e-05   -1.921180e-05   -1.810411e-07    1.665703e-06
            777   -1.290720e-01    5.107500e-02   -2.541200e-02    5.101422e-01   -5.220100e-02    2.790204e-02   -5.447406e-04   -2.584584e-07    1.876326e-05   -1.926646e-05   -1.828727e-08    1.327587e-06
            778   -1.272700e-01    5.024100e-02   -2.564800e-02    5.103365e-01   -5.137390e-02    2.824492e-02   -5.469854e-04    1.646113e-07   -2.788453e-06   -1.934586e-05    1.164699e-08   -1.972959e-07
            779   -1.254580e-01    4.939800e-02   -2.573700e-02    5.105245e-01   -5.051215e-02    2.834987e-02   -5.460994e-04    1.441340e-05   -1.372102e-05   -1.931452e-05    1.019815e-06   -9.708255e-07
            780   -1.236470e-01    4.855300e-02   -2.567800e-02    5.107115e-01   -4.963136e-02    2.825064e-02   -5.455050e-04   -2.582783e-06    5.290881e-07   -1.929350e-05   -1.827436e-07    3.743531e-08
            781   -1.218450e-01    4.770900e-02   -2.547100e-02    5.109078e-01   -4.873312e-02    2.797405e-02   -5.434188e-04   -2.186332e-05   -1.863839e-05   -1.921971e-05   -1.546931e-06   -1.318753e-06
            782   -1.200650e-01    4.687000e-02   -2.511600e-02    5.111253e-01   -4.788301e-02    2.753940e-02   -5.447228e-04    1.116606e-06   -8.789310e-06   -1.926583e-05    7.900525e-08   -6.218841e-07
            783   -1.183010e-01    4.603700e-02   -2.467300e-02    5.113609e-01   -4.707934e-02    2.710820e-02   -5.434717e-04   -8.669248e-06    3.186231e-05   -1.922158e-05   -6.133891e-07    2.254405e-06
            784   -1.165380e-01    4.520500e-02   -2.422700e-02    5.115937e-01   -4.621904e-02    2.678397e-02   -5.414712e-04   -2.757950e-05    2.130656e-05   -1.915083e-05   -1.951377e-06    1.507538e-06
            785   -1.147750e-01    4.437200e-02   -2.378100e-02    5.118272e-01   -4.531933e-02    2.643765e-02   -5.409794e-04   -1.115721e-06   -9.695842e-06   -1.913343e-05   -7.894280e-08   -6.860255e-07
            786   -1.130120e-01    4.354000e-02   -2.333500e-02    5.120631e-01   -4.444444e-02    2.602840e-02   -5.401722e-04    1.528818e-05   -4.587419e-06   -1.910489e-05    1.081709e-06   -3.245811e-07
            787   -1.112490e-01    4.270800e-02   -2.288900e-02    5.122997e-01   -4.358744e-02    2.559533e-02   -5.395665e-04   -3.178801e-08   -3.139687e-06   -1.908346e-05   -2.249068e-09   -2.221474e-07
            788   -1.094860e-01    4.187500e-02   -2.244300e-02    5.125367e-01   -4.272659e-02    2.516242e-02   -5.387369e-04    8.657354e-07   -5.083551e-06   -1.905412e-05    6.125476e-08   -3.596847e-07
            789   -1.077230e-01    4.104300e-02   -2.199600e-02    5.127732e-01   -4.186507e-02    2.474642e-02   -5.374310e-04    1.353233e-06    9.587361e-07   -1.900793e-05    9.574750e-08    6.783499e-08
            790   -1.059600e-01    4.021000e-02   -2.155000e-02    5.130091e-01   -4.098923e-02    2.435750e-02   -5.351654e-04    1.842851e-06   -5.619321e-07   -1.892781e-05    1.303902e-07   -3.975926e-08
            791   -1.041980e-01    3.937800e-02   -2.110400e-02    5.132433e-01   -4.009020e-02    2.399133e-02   -5.326511e-04    4.503059e-06   -4.763119e-06   -1.883888e-05    3.186123e-07   -3.370128e-07
            792   -1.024350e-01    3.854500e-02   -2.065800e-02    5.134746e-01   -3.914931e-02    2.365311e-02   -5.286468e-04   -2.434642e-07   -1.101705e-06   -1.869725e-05   -1.722631e-08   -7.795068e-08
            793   -1.006720e-01    3.771300e-02   -2.021200e-02    5.137003e-01   -3.815841e-02    2.334394e-02   -5.247615e-04   -1.107194e-05   -3.561844e-06   -1.855984e-05   -7.833909e-07   -2.520169e-07
            794   -9.890900e-02    3.688000e-02   -1.976600e-02    5.139221e-01   -3.713283e-02    2.305386e-02   -5.192488e-04   -1.548559e-05   -9.721939e-06   -1.836487e-05   -1.095677e-06   -6.878724e-07
            795   -9.714600e-02    3.604800e-02   -1.932000e-02    5.141428e-01   -3.612782e-02    2.279220e-02   -5.143116e-04    3.986020e-08   -3.909570e-06   -1.819024e-05    2.820411e-09   -2.766201e-07
            796   -9.538300e-02    3.521500e-02   -1.887300e-02    5.143618e-01   -3.516703e-02    2.258258e-02   -5.069010e-04    2.247103e-07    1.289705e-05   -1.792815e-05    1.589925e-08    9.125260e-07
            797   -9.362000e-02    3.438300e-02   -1.842700e-02    5.145755e-01   -3.423342e-02    2.242248e-02   -4.990022e-04   -7.657246e-06    7.931395e-06   -1.764878e-05   -5.417858e-07    5.611830e-07
            798   -9.185700e-02    3.355000e-02   -1.798100e-02    5.147889e-01   -3.331864e-02    2.227285e-02   -4.908191e-04    1.201545e-08   -5.556005e-06   -1.735936e-05    8.502141e-10   -3.931134e-07
            799   -9.009400e-02    3.271800e-02   -1.753500e-02    5.150014e-01   -3.243738e-02    2.213318e-02   -4.802212e-04    5.838998e-06   -3.778630e-06   -1.698453e-05    4.131363e-07   -2.673556e-07
            800   -8.833100e-02    3.188600e-02   -1.708900e-02    5.152085e-01   -3.157550e-02    2.202895e-02   -4.701682e-04   -7.624887e-06    6.903884e-06   -1.662897e-05   -5.394963e-07    4.884819e-07
            801   -8.656800e-02    3.105300e-02   -1.664300e-02    5.154110e-01   -3.072202e-02    2.195372e-02   -4.583769e-04   -6.938862e-06    1.566894e-05   -1.621194e-05   -4.909571e-07    1.108650e-06
            802   -8.480500e-02    3.022100e-02   -1.619600e-02    5.156166e-01   -2.989150e-02    2.185945e-02   -4.492483e-04    1.071379e-05    2.759452e-05   -1.588908e-05    7.580507e-07    1.952443e-06
            803   -8.304200e-02    2.938800e-02   -1.575000e-02    5.158366e-01   -2.906537e-02    2.167158e-02   -4.442439e-04    2.892069e-06    2.232822e-05   -1.571208e-05    2.046275e-07    1.579826e-06
            804   -8.127900e-02    2.855600e-02   -1.530400e-02    5.160711e-01   -2.823879e-02    2.130114e-02   -4.378507e-04   -6.178308e-06   -1.646717e-05   -1.548597e-05   -4.371445e-07   -1.165129e-06
            805   -7.951600e-02    2.772300e-02   -1.485800e-02    5.163036e-01   -2.746816e-02    2.074260e-02   -4.274189e-04    2.285092e-05   -4.051562e-05   -1.511701e-05    1.616810e-06   -2.866671e-06
            806   -7.775300e-02    2.689100e-02   -1.441200e-02    5.165284e-01   -2.678788e-02    2.014008e-02   -4.167150e-04    4.271946e-05   -1.994433e-05   -1.473843e-05    3.022604e-06   -1.411156e-06
            807   -7.599000e-02    2.605800e-02   -1.396600e-02    5.167600e-01   -2.608895e-02    1.965428e-02   -4.110389e-04    3.278442e-07    9.830959e-06   -1.453768e-05    2.319734e-08    6.955866e-07
            808   -7.422700e-02    2.522600e-02   -1.352000e-02    5.169939e-01   -2.525755e-02    1.930303e-02   -4.026920e-04   -4.717588e-05    1.124490e-05   -1.424247e-05   -3.337916e-06    7.956295e-07
            809   -7.246500e-02    2.439300e-02   -1.307300e-02    5.172256e-01   -2.434028e-02    1.898369e-02   -3.934102e-04   -2.465395e-05    8.471094e-06   -1.391419e-05   -1.744384e-06    5.993703e-07
            810   -7.070200e-02    2.356100e-02   -1.262700e-02    5.174599e-01   -2.346575e-02    1.862364e-02   -3.862445e-04    2.849291e-05    1.704174e-05   -1.366075e-05    2.016008e-06    1.205784e-06
            811   -6.893900e-02    2.272800e-02   -1.218100e-02    5.176969e-01   -2.263337e-02    1.818729e-02   -3.785522e-04    2.349088e-05    7.836791e-06   -1.338869e-05    1.662091e-06    5.544901e-07
            812   -6.717600e-02    2.189600e-02   -1.173500e-02    5.179312e-01   -2.176809e-02    1.765205e-02   -3.669018e-04   -1.702445e-05   -1.365668e-05   -1.297663e-05   -1.204561e-06   -9.662749e-07
            813   -6.541300e-02    2.106400e-02   -1.128900e-02    5.181585e-01   -2.088888e-02    1.701936e-02   -3.544294e-04   -1.019046e-05   -4.695327e-06   -1.253551e-05   -7.210234e-07   -3.322166e-07
            814   -6.365000e-02    2.023100e-02   -1.084300e-02    5.183794e-01   -2.007663e-02    1.632045e-02   -3.406773e-04    1.809720e-05    7.508319e-06   -1.204912e-05    1.280463e-06    5.312494e-07
            815   -6.188700e-02    1.939900e-02   -1.039700e-02    5.185925e-01   -1.933596e-02    1.558225e-02   -3.271227e-04    4.365568e-06   -1.227269e-05   -1.156972e-05    3.088847e-07   -8.683517e-07
            816   -6.012400e-02    1.856600e-02   -9.950000e-03    5.188035e-01   -1.863294e-02    1.483818e-02   -3.159946e-04   -1.558742e-06   -1.193407e-05   -1.117614e-05   -1.102884e-07   -8.443924e-07
            817   -5.836100e-02    1.773400e-02   -9.504000e-03    5.190191e-01   -1.796398e-02    1.415298e-02   -3.061309e-04    9.595895e-06    2.513625e-06   -1.082728e-05    6.789554e-07    1.778511e-07
            818   -5.659800e-02    1.690100e-02   -9.058000e-03    5.192438e-01   -1.728906e-02    1.355210e-02   -3.003982e-04    3.482888e-06   -1.059135e-05   -1.062453e-05    2.464311e-07   -7.493888e-07
            819   -5.483500e-02    1.606900e-02   -8.612000e-03    5.194768e-01   -1.655918e-02    1.304595e-02   -2.972592e-04    4.944111e-06    1.881621e-05   -1.051351e-05    3.498196e-07    1.331337e-06
            820   -5.307200e-02    1.523600e-02   -8.166000e-03    5.197137e-01   -1.572324e-02    1.259290e-02   -2.944830e-04   -1.090306e-06    3.314139e-05   -1.041531e-05   -7.714429e-08    2.344913e-06
            821   -5.130900e-02    1.440400e-02   -7.720000e-03    5.199432e-01   -1.476008e-02    1.205379e-02   -2.917635e-04   -3.966309e-06    9.453491e-06   -1.031914e-05   -2.806354e-07    6.688801e-07
            822   -4.954600e-02    1.357100e-02   -7.274000e-03    5.201449e-01   -1.371204e-02    1.130860e-02   -2.830899e-04   -2.548321e-06   -8.453107e-06   -1.001236e-05   -1.803061e-07   -5.980979e-07
            823   -4.778300e-02    1.273900e-02   -6.827000e-03    5.203010e-01   -1.267260e-02    1.034090e-02   -2.667645e-04    6.220780e-07   -3.361028e-05   -9.434964e-06    4.401501e-08   -2.378089e-06
            824   -4.602000e-02    1.190700e-02   -6.381000e-03    5.204272e-01   -1.171928e-02    9.251345e-03   -2.536795e-04   -2.635106e-07   -2.704371e-05   -8.972173e-06   -1.864467e-08   -1.913474e-06
            825   -4.425700e-02    1.107400e-02   -5.935000e-03    5.205665e-01   -1.088565e-02    8.189138e-03   -2.478196e-04    6.967959e-06   -2.053950e-05   -8.764919e-06    4.930168e-07   -1.453269e-06
            826   -4.249500e-02    1.024200e-02   -5.489000e-03    5.207477e-01   -1.014203e-02    7.286809e-03   -2.497338e-04    6.335544e-06    2.027982e-06   -8.832621e-06    4.482705e-07    1.434899e-07
            827   -4.073200e-02    9.409000e-03   -5.043000e-03    5.209676e-01   -9.396637e-03    6.601170e-03   -2.581608e-04    1.984509e-06    3.020945e-05   -9.130669e-06    1.404136e-07    2.137464e-06
            828   -3.896800e-02    8.577000e-03   -4.597000e-03    5.212015e-01   -8.562369e-03    6.056860e-03   -2.703990e-04   -4.110308e-06    5.282364e-05   -9.563509e-06   -2.908242e-07    3.737527e-06
            829   -3.719200e-02    7.767000e-03   -4.163000e-03    5.214157e-01   -7.623654e-03    5.492524e-03   -2.850785e-04   -3.069108e-06    3.370959e-05   -1.008270e-05   -2.171542e-07    2.385116e-06
            830   -3.539400e-02    6.995000e-03   -3.749000e-03    5.215731e-01   -6.637992e-03    4.729533e-03   -2.905638e-04    3.044607e-07   -1.241061e-05   -1.027670e-05    2.154220e-08   -8.781095e-07
            831   -3.357500e-02    6.262000e-03   -3.356000e-03    5.216434e-01   -5.699563e-03    3.719189e-03   -2.846082e-04   -1.486074e-05   -4.209738e-05   -1.006606e-05   -1.051469e-06   -2.978593e-06
            832   -3.173700e-02    5.567000e-03   -2.984000e-03    5.216513e-01   -4.926814e-03    2.583810e-03   -2.854606e-04   -2.825722e-05   -4.497660e-05   -1.009621e-05   -1.999334e-06   -3.182311e-06
            833   -2.988000e-02    4.912000e-03   -2.633000e-03    5.216630e-01   -4.438578e-03    1.545425e-03   -3.069557e-04   -1.792648e-05   -2.197318e-05   -1.085645e-05   -1.268385e-06   -1.554708e-06
            834   -2.800600e-02    4.297000e-03   -2.303000e-03    5.216967e-01   -4.264105e-03    8.265549e-04   -3.353846e-04    9.438533e-06    1.509491e-05   -1.186193e-05    6.678212e-07    1.068037e-06
            835   -2.611600e-02    3.721000e-03   -1.994000e-03    5.217143e-01   -4.280779e-03    5.252899e-04   -3.575912e-04    2.346086e-05    5.662236e-05   -1.264734e-05    1.659967e-06    4.006302e-06
            836   -2.421000e-02    3.186000e-03   -1.708000e-03    5.217098e-01   -4.295893e-03    5.228814e-04   -3.902585e-04    1.955116e-05    6.492225e-05   -1.380272e-05    1.383337e-06    4.593557e-06
            837   -2.229000e-02    2.692000e-03   -1.442000e-03    5.217309e-01   -4.188798e-03    5.342304e-04   -4.553401e-04    1.712484e-05    2.697362e-05   -1.610453e-05    1.211662e-06    1.908510e-06
            838   -2.035800e-02    2.238000e-03   -1.199000e-03    5.217849e-01   -3.933406e-03    3.148688e-04   -4.228276e-04    9.767556e-06   -3.952476e-05   -1.495463e-05    6.911008e-07   -2.796561e-06
            839   -1.841300e-02    1.826000e-03   -9.780000e-04    5.218201e-01   -3.571834e-03   -1.713562e-04   -3.506846e-04   -1.743318e-05   -7.374939e-05   -1.240306e-05   -1.233480e-06   -5.218121e-06
            840   -1.645800e-02    1.455000e-03   -7.800000e-04    5.218299e-01   -3.177613e-03   -7.406693e-04   -2.736553e-04   -4.491835e-05   -2.808677e-05   -9.678681e-06   -3.178190e-06   -1.987275e-06
            841   -1.449300e-02    1.126000e-03   -6.030000e-04    5.218446e-01   -2.871017e-03   -1.198674e-03   -2.210422e-04   -3.489313e-05    2.393992e-05   -7.817852e-06   -2.468859e-06    1.693865e-06
            842   -1.252000e-02    8.380000e-04   -4.490000e-04    5.218577e-01   -2.763034e-03   -1.488870e-03   -1.741562e-04    5.141377e-06    3.405134e-05   -6.159582e-06    3.637771e-07    2.409299e-06
            843   -1.053900e-02    5.930000e-04   -3.180000e-04    5.218429e-01   -2.881286e-03   -1.658192e-03   -1.028595e-04    1.825929e-05    1.577263e-05   -3.637950e-06    1.291936e-06    1.115992e-06
            844   -8.553000e-03    3.900000e-04   -2.090000e-04    5.217960e-01   -3.164292e-03   -1.760951e-03   -1.586578e-05    1.388601e-05    7.838090e-06   -5.611432e-07    9.825046e-07    5.545844e-07
            845   -6.561000e-03    2.300000e-04   -1.230000e-04    5.217304e-01   -3.542225e-03   -1.820663e-03    7.297834e-05    2.483922e-05   -3.009639e-06    2.581108e-06    1.757501e-06   -2.129473e-07
            846   -4.566000e-03    1.110000e-04   -6.000000e-05    5.216690e-01   -3.930785e-03   -1.854324e-03    1.503719e-04    2.579947e-05   -2.823720e-06    5.318376e-06    1.825445e-06   -1.997927e-07
            847   -2.567000e-03    3.500000e-05   -1.900000e-05    5.216334e-01   -4.236302e-03   -1.887722e-03    2.049164e-04   -1.694281e-06    1.610020e-05    7.247513e-06   -1.198788e-07    1.139172e-06
            848   -5.680000e-04    2.000000e-06   -1.000000e-06    5.216175e-01   -4.429553e-03   -1.999784e-03    2.426798e-04   -3.356621e-05    1.444884e-05    8.583132e-06   -2.374984e-06    1.022331e-06
            849    1.432000e-03    0.000000e+00    0.000000e+00    5.215856e-01   -4.615934e-03   -2.293668e-03    2.947911e-04   -1.533800e-05   -2.927676e-05    1.042621e-05   -1.085245e-06   -2.071485e-06
            850    3.432000e-03    0.000000e+00    0.000000e+00    5.215015e-01   -4.936253e-03   -2.766218e-03    3.841387e-04    5.174377e-05    1.252072e-06    1.358627e-05    3.661147e-06    8.859018e-08
            851    5.432000e-03    0.000000e+00    0.000000e+00    5.213821e-01   -5.374489e-03   -3.287002e-03    4.895251e-04    1.847096e-05    5.437679e-05    1.731359e-05    1.306920e-06    3.847452e-06
            852    7.432000e-03    0.000000e+00    0.000000e+00    5.212457e-01   -5.779969e-03   -3.887334e-03    5.876345e-04   -2.079312e-05    6.705804e-06    2.078354e-05   -1.471227e-06    4.744730e-07
            853    9.432000e-03    0.000000e+00    0.000000e+00    5.210458e-01   -6.147736e-03   -4.675376e-03    6.995812e-04    9.862267e-06   -5.657239e-05    2.474289e-05    6.978102e-07   -4.002810e-06
            854    1.143200e-02    0.000000e+00    0.000000e+00    5.207855e-01   -6.590641e-03   -5.556296e-03    8.211309e-04   -1.535864e-05   -7.811375e-05    2.904187e-05   -1.086710e-06   -5.526989e-06
            855    1.343200e-02    0.000000e+00    0.000000e+00    5.205429e-01   -7.226447e-03   -6.258026e-03    9.133504e-04   -2.515948e-05   -7.352876e-05    3.230351e-05   -1.780177e-06   -5.202580e-06
            856    1.543200e-02    0.000000e+00    0.000000e+00    5.203151e-01   -8.111842e-03   -6.437436e-03    9.922519e-04    3.300338e-05   -3.267743e-05    3.509411e-05    2.335180e-06   -2.312118e-06
            857    1.743200e-02    0.000000e+00    0.000000e+00    5.199787e-01   -9.008207e-03   -5.831337e-03    1.134353e-03    1.183365e-05    3.096088e-05    4.011994e-05    8.373015e-07    2.190664e-06
            858    1.943200e-02    0.000000e+00    0.000000e+00    5.194117e-01   -9.495638e-03   -4.543612e-03    1.374652e-03   -6.208096e-05    5.464354e-05    4.861888e-05   -4.392604e-06    3.866361e-06
            859    2.143200e-02    0.000000e+00    0.000000e+00    5.186320e-01   -9.450063e-03   -2.966294e-03    1.640861e-03   -3.974351e-05    3.671932e-05    5.803419e-05   -2.812103e-06    2.598122e-06
            860    2.343200e-02    0.000000e+00    0.000000e+00    5.177870e-01   -9.016097e-03   -1.395119e-03    1.879067e-03    6.268913e-06    2.376704e-05    6.645910e-05    4.435655e-07    1.681672e-06
            861    2.543200e-02    0.000000e+00    0.000000e+00    5.170237e-01   -8.302347e-03    1.446243e-06    2.092079e-03   -4.038840e-06    1.376458e-05    7.399296e-05   -2.857745e-07    9.739348e-07
            862    2.743200e-02    0.000000e+00    0.000000e+00    5.164329e-01   -7.409221e-03    1.098204e-03    2.278052e-03   -3.451131e-06    6.507039e-06    8.057047e-05   -2.441908e-07    4.604170e-07
            863    2.943200e-02    0.000000e+00    0.000000e+00    5.160486e-01   -6.490767e-03    1.826629e-03    2.419942e-03   -5.472439e-07    8.531661e-06    8.558884e-05   -3.872121e-08    6.036735e-07
            864    3.143200e-02    0.000000e+00    0.000000e+00    5.158529e-01   -5.710569e-03    2.170766e-03    2.496697e-03   -2.207893e-05    3.975244e-06    8.830352e-05   -1.562237e-06    2.812761e-07
            865    3.343200e-02    0.000000e+00    0.000000e+00    5.157943e-01   -5.249688e-03    2.190166e-03    2.507452e-03   -9.742297e-06   -6.293204e-05    8.868393e-05   -6.893347e-07   -4.452877e-06
            866    3.543200e-02    0.000000e+00    0.000000e+00    5.157895e-01   -5.186895e-03    2.116908e-03    2.462933e-03    5.454465e-05   -6.765401e-05    8.710935e-05    3.859410e-06   -4.786987e-06
            867    3.743200e-02    0.000000e+00    0.000000e+00    5.157816e-01   -5.318923e-03    2.219802e-03    2.386703e-03    5.605440e-05    2.743272e-05    8.441325e-05    3.966231e-06    1.941053e-06
            868    3.943200e-02    0.000000e+00    0.000000e+00    5.157631e-01   -5.370581e-03    2.483803e-03    2.285077e-03   -4.120239e-05    5.121086e-05    8.081893e-05   -2.915348e-06    3.623514e-06
            869    4.143200e-02    0.000000e+00    0.000000e+00    5.157468e-01   -5.369498e-03    2.738488e-03    2.151611e-03   -6.041065e-05    3.336162e-05    7.609848e-05   -4.274454e-06    2.360556e-06
            870    4.343200e-02    0.000000e+00    0.000000e+00    5.157244e-01   -5.570710e-03    2.940944e-03    2.043523e-03    1.826520e-05    1.523115e-05    7.227558e-05    1.292383e-06    1.077704e-06
            871    4.543200e-02    0.000000e+00    0.000000e+00    5.156449e-01   -6.099305e-03    3.098045e-03    2.006933e-03    6.217304e-05    1.462179e-05    7.098148e-05    4.399150e-06    1.034587e-06
            872    4.743200e-02    0.000000e+00    0.000000e+00    5.154926e-01   -6.859991e-03    3.146439e-03    1.964297e-03    2.641855e-05    4.680328e-05    6.947354e-05    1.869284e-06    3.311637e-06
            873    4.943200e-02    0.000000e+00    0.000000e+00    5.152524e-01   -7.783353e-03    2.947499e-03    1.923866e-03   -9.962913e-06   -8.378744e-06    6.804356e-05   -7.049407e-07   -5.928503e-07
            874    5.143200e-02    0.000000e+00    0.000000e+00    5.148455e-01   -8.894388e-03    2.479368e-03    1.964410e-03   -2.101328e-05   -9.198701e-05    6.947752e-05   -1.486826e-06   -6.508679e-06
            875    5.343200e-02    0.000000e+00    0.000000e+00    5.142927e-01   -1.018806e-02    2.001441e-03    2.034621e-03    4.923657e-05   -7.304829e-05    7.196077e-05    3.483810e-06   -5.168646e-06
            876    5.543200e-02    0.000000e+00    0.000000e+00    5.137797e-01   -1.150504e-02    1.791231e-03    2.094264e-03    5.030842e-05    2.180433e-05    7.407023e-05    3.559654e-06    1.542800e-06
            877    5.743200e-02    0.000000e+00    0.000000e+00    5.134506e-01   -1.259888e-02    1.817624e-03    2.156862e-03   -4.738255e-05    3.404968e-05    7.628420e-05   -3.352631e-06    2.409241e-06
            878    5.943200e-02    0.000000e+00    0.000000e+00    5.132634e-01   -1.343215e-02    1.936482e-03    2.193866e-03    1.317828e-05   -9.586461e-05    7.759297e-05    9.324515e-07   -6.783062e-06
            879    6.143200e-02    0.000000e+00    0.000000e+00    5.131720e-01   -1.392334e-02    2.225815e-03    2.103670e-03    1.296655e-04   -1.756102e-04    7.440291e-05    9.174694e-06   -1.242558e-05
            880    6.343200e-02    0.000000e+00    0.000000e+00    5.130027e-01   -1.350039e-02    2.802833e-03    1.974996e-03   -2.851109e-05    2.567404e-05    6.985193e-05   -2.017345e-06    1.816606e-06
            881    6.543200e-02    0.000000e+00    0.000000e+00    5.121529e-01   -1.200205e-02    3.363955e-03    2.149614e-03   -1.521638e-04    1.166334e-04    7.602786e-05   -1.076660e-05    8.252589e-06
            882    6.743200e-02    0.000000e+00    0.000000e+00    5.106142e-01   -1.008069e-02    3.631646e-03    2.348376e-03   -9.478905e-05    6.592485e-05    8.305769e-05   -6.706970e-06    4.664631e-06
            883    6.943200e-02    0.000000e+00    0.000000e+00    5.089083e-01   -8.103344e-03    3.676765e-03    2.449952e-03   -7.933840e-05    6.044131e-05    8.665025e-05   -5.613737e-06    4.276638e-06
            884    7.143200e-02    0.000000e+00    0.000000e+00    5.074723e-01   -6.189185e-03    3.667010e-03    2.494506e-03   -2.763978e-05    6.615579e-05    8.822604e-05   -1.955705e-06    4.680979e-06
            885    7.343200e-02    0.000000e+00    0.000000e+00    5.065868e-01   -4.542631e-03    3.727567e-03    2.507904e-03    5.060899e-05    1.920197e-05    8.869989e-05    3.580936e-06    1.358672e-06
            886    7.543200e-02    0.000000e+00    0.000000e+00    5.062139e-01   -3.402075e-03    3.839490e-03    2.459698e-03    6.424390e-05   -1.708587e-05    8.699494e-05    4.545698e-06   -1.208943e-06
            887    7.743200e-02    0.000000e+00    0.000000e+00    5.061135e-01   -2.798452e-03    3.916416e-03    2.373756e-03    2.785170e-05   -4.062926e-05    8.395531e-05    1.970697e-06   -2.874797e-06
            888    7.943200e-02    0.000000e+00    0.000000e+00    5.061010e-01   -2.594483e-03    3.953671e-03    2.279092e-03   -2.482728e-05   -9.636299e-05    8.060724e-05   -1.756698e-06   -6.818331e-06
            889    8.143200e-02    0.000000e+00    0.000000e+00    5.060891e-01   -2.561095e-03    4.148589e-03    2.144500e-03   -5.585881e-05   -7.825083e-05    7.584697e-05   -3.952382e-06   -5.536765e-06
            890    8.343200e-02    0.000000e+00    0.000000e+00    5.059637e-01   -2.455280e-03    4.813421e-03    2.054808e-03   -1.049026e-05    3.211375e-05    7.267474e-05   -7.422550e-07    2.272259e-06
            891    8.543200e-02    0.000000e+00    0.000000e+00    5.055369e-01   -2.198350e-03    6.011111e-03    2.093856e-03    1.000742e-04    1.151142e-04    7.405580e-05    7.080907e-06    8.145091e-06
            892    8.743200e-02    0.000000e+00    0.000000e+00    5.049147e-01   -1.852975e-03    7.419191e-03    2.127872e-03    9.265868e-05    7.205961e-05    7.525889e-05    6.556216e-06    5.098696e-06
            893    8.943200e-02    0.000000e+00    0.000000e+00    5.044449e-01   -1.476426e-03    8.645337e-03    2.126954e-03    9.715945e-07   -6.749044e-05    7.522641e-05    6.874654e-08   -4.775397e-06
            894    9.143200e-02    0.000000e+00    0.000000e+00    5.041786e-01   -1.024450e-03    9.528711e-03    2.086252e-03   -5.855063e-05   -1.265435e-04    7.378685e-05   -4.142844e-06   -8.953790e-06
            895    9.343200e-02    0.000000e+00    0.000000e+00    5.038899e-01   -3.071181e-04    1.026668e-02    2.016866e-03   -1.046224e-04   -4.453360e-05    7.133280e-05   -7.402720e-06   -3.151044e-06
            896    9.543200e-02    0.000000e+00    0.000000e+00    5.033124e-01    7.454666e-04    1.118510e-02    2.013975e-03   -5.825496e-05    8.081183e-05    7.123054e-05   -4.121920e-06    5.717966e-06
            897    9.743200e-02    0.000000e+00    0.000000e+00    5.023582e-01    1.897445e-03    1.243563e-02    2.066167e-03    3.181549e-05    1.378153e-04    7.307647e-05    2.251155e-06    9.751340e-06
            898    9.943200e-02    0.000000e+00    0.000000e+00    5.012939e-01    2.858609e-03    1.391593e-02    2.089651e-03    5.483483e-05    1.267920e-04    7.390707e-05    3.879926e-06    8.971376e-06
            899    1.014320e-01    0.000000e+00    0.000000e+00    5.005278e-01    3.404577e-03    1.537784e-02    2.082503e-03    3.399232e-05    6.349336e-05    7.365426e-05    2.405180e-06    4.492573e-06
            900    1.034320e-01    0.000000e+00    0.000000e+00    5.001857e-01    3.329818e-03    1.646218e-02    2.063655e-03   -4.361044e-06   -8.000294e-05    7.298763e-05   -3.085722e-07   -5.660735e-06
            901    1.054320e-01    0.000000e+00    0.000000e+00    4.999779e-01    2.662132e-03    1.701971e-02    1.993280e-03    9.603728e-05   -1.635484e-04    7.049862e-05    6.795266e-06   -1.157212e-05
            902    1.074320e-01    0.000000e+00    0.000000e+00    4.997869e-01    1.854817e-03    1.728198e-02    1.796358e-03    2.237277e-04   -8.730270e-05    6.353384e-05    1.583016e-05   -6.177220e-06
            903    1.094320e-01    0.000000e+00    0.000000e+00    4.997515e-01    1.679925e-03    1.726806e-02    1.480100e-03    1.441757e-04    1.519559e-05    5.234838e-05    1.020132e-05    1.075184e-06
            904    1.114320e-01    0.000000e+00    0.000000e+00    4.992942e-01    2.697132e-03    1.666069e-02    1.384111e-03   -1.223279e-04    7.433277e-05    4.895342e-05   -8.655441e-06    5.259495e-06
            905    1.134320e-01    0.000000e+00    0.000000e+00    4.976203e-01    4.244542e-03    1.549657e-02    1.410549e-03   -9.582758e-05   -3.465026e-06    4.988849e-05   -6.780384e-06   -2.451715e-07
            906    1.154320e-01    0.000000e+00    0.000000e+00    4.949259e-01    5.457738e-03    1.409339e-02    1.457454e-03   -5.929339e-05    1.325834e-06    5.154743e-05   -4.195371e-06    9.381118e-08
            907    1.174320e-01    0.000000e+00    0.000000e+00    4.916822e-01    6.052989e-03    1.265896e-02    1.544813e-03   -7.282386e-05   -6.555338e-05    5.463715e-05   -5.152740e-06   -4.638307e-06
            908    1.194320e-01    0.000000e+00    0.000000e+00    4.882658e-01    6.140972e-03    1.125340e-02    1.631632e-03   -1.470038e-05   -5.880764e-05    5.770778e-05   -1.040144e-06   -4.161009e-06
            909    1.214320e-01    0.000000e+00    0.000000e+00    4.848258e-01    5.997884e-03    9.873544e-03    1.701843e-03   -1.281754e-04    1.277631e-04    6.019101e-05   -9.069219e-06    9.040044e-06
            910    1.234320e-01    0.000000e+00    0.000000e+00    4.816590e-01    5.654833e-03    8.302017e-03    1.636537e-03   -2.229050e-04    1.935375e-04    5.788127e-05   -1.577193e-05    1.369399e-05
            911    1.254320e-01    0.000000e+00    0.000000e+00    4.797000e-01    5.112096e-03    6.443325e-03    1.638830e-03    1.766355e-06   -5.602885e-05    5.796236e-05    1.249778e-07   -3.964392e-06
            912    1.274320e-01    0.000000e+00    0.000000e+00    4.792513e-01    4.885045e-03    5.298524e-03    1.909546e-03    2.104612e-04   -1.537878e-04    6.753709e-05    1.489149e-05   -1.088148e-05
            913    1.294320e-01    0.000000e+00    0.000000e+00    4.792031e-01    5.224645e-03    5.149031e-03    1.966936e-03    1.897606e-04   -1.509821e-05    6.956688e-05    1.342680e-05   -1.068297e-06
            914    1.314320e-01    0.000000e+00    0.000000e+00    4.791145e-01    5.789039e-03    5.318093e-03    1.901897e-03    7.573758e-05   -2.064741e-05    6.726657e-05    5.358922e-06   -1.460938e-06
            915    1.334320e-01    0.000000e+00    0.000000e+00    4.790614e-01    6.234921e-03    5.378209e-03    1.831784e-03   -3.697988e-05   -8.853814e-05    6.478678e-05   -2.616564e-06   -6.264641e-06
            916    1.354320e-01    0.000000e+00    0.000000e+00    4.790111e-01    6.584252e-03    5.119413e-03    1.806245e-03   -4.842727e-05    7.692515e-05    6.388352e-05   -3.426539e-06    5.442946e-06
            917    1.374320e-01    0.000000e+00    0.000000e+00    4.789202e-01    6.917210e-03    4.625819e-03    1.813994e-03    3.191144e-05    4.437743e-05    6.415760e-05    2.257939e-06    3.139987e-06
            918    1.394320e-01    0.000000e+00    0.000000e+00    4.788379e-01    7.097524e-03    4.092738e-03    1.796590e-03    1.063513e-04   -5.358099e-05    6.354203e-05    7.525033e-06   -3.791197e-06
            919    1.414320e-01    0.000000e+00    0.000000e+00    4.786963e-01    6.951724e-03    3.381046e-03    1.843045e-03   -1.109656e-04   -5.723071e-05    6.518506e-05   -7.851527e-06   -4.049440e-06
            920    1.434320e-01    0.000000e+00    0.000000e+00    4.783948e-01    6.630448e-03    2.380024e-03    1.911435e-03   -2.312160e-04   -2.177660e-04    6.760391e-05   -1.636003e-05   -1.540835e-05
            921    1.454320e-01    0.000000e+00    0.000000e+00    4.778791e-01    6.938262e-03    1.115535e-03    1.832085e-03    2.218490e-05    1.324592e-04    6.479743e-05    1.569726e-06    9.372340e-06
            922    1.474320e-01    0.000000e+00    0.000000e+00    4.768804e-01    8.159785e-03   -9.364441e-05    1.871268e-03    1.362066e-04    3.795690e-04    6.618328e-05    9.637493e-06    2.685695e-05
            923    1.494320e-01    0.000000e+00    0.000000e+00    4.759936e-01    9.507661e-03   -1.044444e-03    1.720701e-03   -4.718715e-06    5.326186e-05    6.085798e-05   -3.338803e-07    3.768610e-06
            924    1.514320e-01    0.000000e+00    0.000000e+00    4.757295e-01    1.030221e-02   -1.557195e-03    1.645512e-03   -3.303377e-05   -3.486955e-05    5.819869e-05   -2.337346e-06   -2.467239e-06
            925    1.534320e-01    0.000000e+00    0.000000e+00    4.756987e-01    1.038948e-02   -1.384747e-03    1.591496e-03    1.923682e-05    5.031072e-06    5.628825e-05    1.361124e-06    3.559800e-07
            926    1.554320e-01    0.000000e+00    0.000000e+00    4.753928e-01    9.845799e-03   -5.134938e-04    1.696677e-03    5.771511e-05   -5.866202e-05    6.000829e-05    4.083707e-06   -4.150709e-06
            927    1.574320e-01    0.000000e+00    0.000000e+00    4.745265e-01    8.827350e-03    7.631927e-04    1.793853e-03    1.346289e-04    3.618612e-05    6.344525e-05    9.525855e-06    2.560398e-06
            928    1.594320e-01    0.000000e+00    0.000000e+00    4.730237e-01    7.356378e-03    1.997966e-03    1.820525e-03    3.695000e-05   -3.746559e-06    6.438861e-05    2.614451e-06   -2.650918e-07
            929    1.614320e-01    0.000000e+00    0.000000e+00    4.708403e-01    5.549153e-03    2.803950e-03    1.971592e-03   -2.273667e-04   -1.525306e-04    6.973155e-05   -1.608767e-05   -1.079253e-05
            930    1.634320e-01    0.000000e+00    0.000000e+00    4.681690e-01    3.806741e-03    3.508376e-03    2.084669e-03   -5.345017e-06   -2.368953e-04    7.373085e-05   -3.781961e-07   -1.676190e-05
            931    1.654320e-01    0.000000e+00    0.000000e+00    4.656660e-01    2.321286e-03    4.726468e-03    2.038433e-03    2.225505e-04    7.730720e-06    7.209558e-05    1.574690e-05    5.469998e-07
            932    1.674320e-01    0.000000e+00    0.000000e+00    4.639421e-01    9.386530e-04    6.125705e-03    1.884800e-03   -1.389395e-04    6.590209e-05    6.666186e-05   -9.830869e-06    4.662994e-06
            933    1.694320e-01    0.000000e+00    0.000000e+00    4.628817e-01   -3.171297e-04    7.352574e-03    1.540695e-03   -1.484122e-04   -1.435458e-04    5.449151e-05   -1.050107e-05   -1.015675e-05
            934    1.714320e-01    0.000000e+00    0.000000e+00    4.623712e-01   -8.930440e-04    8.512940e-03    1.290046e-03    1.915218e-04    4.671094e-05    4.562652e-05    1.355132e-05    3.305083e-06
            935    1.734320e-01    0.000000e+00    0.000000e+00    4.622324e-01   -6.956285e-04    9.180059e-03    1.251721e-03    1.370186e-04    3.682375e-04    4.427104e-05    9.694883e-06    2.605500e-05
            936    1.754320e-01    0.000000e+00    0.000000e+00    4.622075e-01   -7.833285e-04    9.360208e-03    1.042655e-03   -1.912830e-04    1.166537e-04    3.687677e-05   -1.353439e-05    8.253925e-06
            937    1.774320e-01    0.000000e+00    0.000000e+00    4.618945e-01   -1.728371e-03    9.792931e-03    1.129781e-03   -8.181740e-05   -2.365201e-04    3.995826e-05   -5.789064e-06   -1.673519e-05
            938    1.794320e-01    0.000000e+00    0.000000e+00    4.612275e-01   -2.906161e-03    1.070207e-02    1.185984e-03    2.551309e-04   -1.347682e-05    4.194604e-05    1.805202e-05   -9.535649e-07
            939    1.814320e-01    0.000000e+00    0.000000e+00    4.603864e-01   -4.279756e-03    1.155627e-02    1.051812e-03    1.979788e-04    2.288365e-05    3.720062e-05    1.400815e-05    1.619151e-06
            940    1.834320e-01    0.000000e+00    0.000000e+00    4.589781e-01   -6.147955e-03    1.167391e-02    1.012392e-03   -1.407527e-04   -1.540796e-04    3.580642e-05   -9.959071e-06   -1.090203e-05
            941    1.854320e-01    0.000000e+00    0.000000e+00    4.569371e-01   -7.954689e-03    1.085670e-02    1.069620e-03   -2.030637e-04   -7.636012e-05    3.783045e-05   -1.436794e-05   -5.402924e-06
            942    1.874320e-01    0.000000e+00    0.000000e+00    4.549078e-01   -9.436828e-03    9.520874e-03    9.987048e-04   -6.657082e-05    5.636914e-05    3.532233e-05   -4.710269e-06    3.988443e-06
            943    1.894320e-01    0.000000e+00    0.000000e+00    4.531967e-01   -1.076492e-02    8.055932e-03    9.270670e-04    2.479592e-05    1.026870e-04    3.278864e-05    1.754454e-06    7.265693e-06
            944    1.914320e-01    0.000000e+00    0.000000e+00    4.516177e-01   -1.212029e-02    6.647485e-03    8.146678e-04   -2.744840e-05    7.548452e-05    2.881328e-05   -1.942130e-06    5.340955e-06
            945    1.934320e-01    0.000000e+00    0.000000e+00    4.498941e-01   -1.367542e-02    5.429186e-03    7.015861e-04   -1.664329e-04    4.602571e-06    2.481379e-05   -1.177605e-05    3.256570e-07
            946    1.954320e-01    0.000000e+00    0.000000e+00    4.481039e-01   -1.555345e-02    4.830788e-03    6.728073e-04    1.626616e-06    2.656441e-06    2.379594e-05    1.150919e-07    1.879579e-07
            947    1.974320e-01    0.000000e+00    0.000000e+00    4.463881e-01   -1.748095e-02    5.185781e-03    7.526466e-04    9.549508e-05    1.490460e-05    2.661971e-05    6.756811e-06    1.054584e-06
            948    1.994320e-01    0.000000e+00    0.000000e+00    4.446292e-01   -1.910320e-02    6.311668e-03    6.668660e-04    6.579042e-05    6.211270e-05    2.358581e-05    4.655035e-06    4.394815e-06
            949    2.014320e-01    0.000000e+00    0.000000e+00    4.425974e-01   -2.032882e-02    7.881698e-03    5.174984e-04   -7.227009e-05   -1.798881e-04    1.830296e-05   -5.113501e-06   -1.272806e-05
            950    2.034320e-01    0.000000e+00    0.000000e+00    4.405262e-01   -2.111919e-02    9.711305e-03    4.183179e-04    1.260056e-04   -1.918789e-04    1.479513e-05    8.915573e-06   -1.357646e-05
            951    2.054320e-01    0.000000e+00    0.000000e+00    4.390647e-01   -2.176463e-02    1.151284e-02    3.902243e-04    1.051181e-04    1.498768e-04    1.380151e-05    7.437666e-06    1.060458e-05
            952    2.074320e-01    0.000000e+00    0.000000e+00    4.380758e-01   -2.263870e-02    1.299510e-02    3.782322e-04   -1.648807e-04    1.414200e-05    1.337737e-05   -1.166619e-05    1.000621e-06
            953    2.094320e-01    0.000000e+00    0.000000e+00    4.373318e-01   -2.355193e-02    1.424893e-02    2.696352e-04   -6.142587e-05   -9.745846e-05    9.536496e-06   -4.346201e-06   -6.895698e-06
            954    2.114320e-01    0.000000e+00    0.000000e+00    4.370142e-01   -2.407174e-02    1.515799e-02    7.290456e-05    3.614120e-05   -2.478675e-04    2.578499e-06    2.557175e-06   -1.753789e-05
            955    2.134320e-01    0.000000e+00    0.000000e+00    4.369558e-01   -2.404926e-02    1.500376e-02   -1.982609e-04    2.158679e-05    3.641732e-05   -7.012119e-06    1.527371e-06    2.576708e-06
            956    2.154320e-01    0.000000e+00    0.000000e+00    4.361544e-01   -2.356543e-02    1.354054e-02   -1.258743e-04    2.932503e-05    8.910757e-05   -4.451940e-06    2.074891e-06    6.304800e-06
            957    2.174320e-01    0.000000e+00    0.000000e+00    4.341092e-01   -2.292155e-02    1.167947e-02   -2.297148e-04    8.369025e-05   -1.182144e-05   -8.124585e-06    5.921493e-06   -8.364287e-07
            958    2.194320e-01    0.000000e+00    0.000000e+00    4.309676e-01   -2.248237e-02    1.012040e-02   -3.877100e-05    2.251467e-05    3.480538e-04   -1.371258e-06    1.593025e-06    2.462655e-05
            959    2.214320e-01    0.000000e+00    0.000000e+00    4.274615e-01   -2.223536e-02    8.828884e-03    9.295156e-05    6.840777e-05   -9.573747e-05    3.287524e-06    4.840198e-06   -6.773911e-06
            960    2.234320e-01    0.000000e+00    0.000000e+00    4.239531e-01   -2.221128e-02    7.536929e-03    5.312916e-05   -2.131639e-05   -1.008010e-04    1.879079e-06   -1.508242e-06   -7.132182e-06
            961    2.254320e-01    0.000000e+00    0.000000e+00    4.204168e-01   -2.278846e-02    6.417712e-03    1.103240e-04   -1.759620e-04    1.187370e-04    3.901954e-06   -1.245021e-05    8.401252e-06
            962    2.274320e-01    0.000000e+00    0.000000e+00    4.167802e-01   -2.347605e-02    5.497290e-03    1.296548e-04    1.063136e-04    1.744301e-04    4.585648e-06    7.522231e-06    1.234183e-05
            963    2.294320e-01    0.000000e+00    0.000000e+00    4.131226e-01   -2.381648e-02    4.442311e-03    1.717832e-04   -8.372353e-05   -4.139765e-05    6.075650e-06   -5.923871e-06   -2.929097e-06
            964    2.314320e-01    0.000000e+00    0.000000e+00    4.096521e-01   -2.373619e-02    3.094648e-03    2.115063e-04   -2.805312e-05    2.145648e-05    7.480587e-06   -1.984904e-06    1.518157e-06
            965    2.334320e-01    0.000000e+00    0.000000e+00    4.064131e-01   -2.323589e-02    1.611594e-03    1.769942e-04   -6.835051e-05   -1.416026e-04    6.259954e-06   -4.836151e-06   -1.001912e-05
            966    2.354320e-01    0.000000e+00    0.000000e+00    4.032841e-01   -2.224343e-02    2.985985e-04    1.914558e-04    2.751339e-04   -7.531690e-05    6.771436e-06    1.946715e-05   -5.329060e-06
            967    2.374320e-01    0.000000e+00    0.000000e+00    3.999805e-01   -2.123495e-02   -8.252616e-04    2.668373e-04   -1.404581e-04    1.998020e-04    9.437537e-06   -9.938142e-06    1.413703e-05
            968    2.394320e-01    0.000000e+00    0.000000e+00    3.967367e-01   -2.026467e-02   -2.052975e-03    2.450306e-04   -1.130975e-04   -3.601429e-04    8.666277e-06   -8.002236e-06   -2.548199e-05
            969    2.414320e-01    0.000000e+00    0.000000e+00    3.934016e-01   -1.908372e-02   -2.935012e-03    1.214921e-04    2.436118e-04    1.191183e-04    4.296949e-06    1.723679e-05    8.428235e-06
            970    2.434320e-01    0.000000e+00    0.000000e+00    3.897600e-01   -1.806705e-02   -3.451320e-03    2.256177e-04   -6.508567e-05    3.030345e-04    7.979680e-06   -4.605148e-06    2.144127e-05
            971    2.454320e-01    0.000000e+00    0.000000e+00    3.863009e-01   -1.699879e-02   -4.287471e-03    3.970103e-04   -4.671782e-05   -3.451629e-04    1.404151e-05   -3.305535e-06   -2.442211e-05
            972    2.474320e-01    0.000000e+00    0.000000e+00    3.829477e-01   -1.590712e-02   -5.267149e-03    4.975382e-04    6.563757e-05    5.389507e-05    1.759700e-05    4.644213e-06    3.813367e-06
            973    2.494320e-01    0.000000e+00    0.000000e+00    3.792828e-01   -1.512587e-02   -6.038350e-03    6.449439e-04   -1.672961e-04    1.379906e-05    2.281047e-05   -1.183712e-05    9.763594e-07
            974    2.514320e-01    0.000000e+00    0.000000e+00    3.754587e-01   -1.443489e-02   -6.450097e-03    5.491041e-04    2.382843e-04   -1.283653e-04    1.942079e-05    1.685991e-05   -9.082547e-06
            975    2.534320e-01    0.000000e+00    0.000000e+00    3.715171e-01   -1.404709e-02   -6.329280e-03    5.979287e-04    8.641755e-05    2.975567e-04    2.114762e-05    6.114514e-06    2.105377e-05
            976    2.554320e-01    0.000000e+00    0.000000e+00    3.675333e-01   -1.416529e-02   -6.306014e-03    6.339499e-04    6.017318e-05   -1.575690e-04    2.242163e-05    4.257584e-06   -1.114887e-05
            977    2.574320e-01    0.000000e+00    0.000000e+00    3.636568e-01   -1.476239e-02   -6.556250e-03    5.840165e-04   -8.671289e-05    1.057464e-04    2.065558e-05   -6.135415e-06    7.482139e-06
            978    2.594320e-01    0.000000e+00    0.000000e+00    3.599531e-01   -1.579696e-02   -6.701879e-03    4.662784e-04   -3.515313e-04   -3.627691e-06    1.649140e-05   -2.487274e-05   -2.566767e-07
            979    2.614320e-01    0.000000e+00    0.000000e+00    3.560474e-01   -1.626179e-02   -6.447712e-03    5.334014e-04    1.535068e-04   -6.831061e-05    1.886541e-05    1.086143e-05   -4.833350e-06
            980    2.634320e-01    0.000000e+00    0.000000e+00    3.521017e-01   -1.611551e-02   -6.041816e-03    7.497135e-04   -2.531038e-05    1.543086e-04    2.651597e-05   -1.790851e-06    1.091819e-05
            981    2.654320e-01    0.000000e+00    0.000000e+00    3.482015e-01   -1.573883e-02   -5.555358e-03    8.357501e-04    4.722275e-05   -1.239801e-04    2.955893e-05    3.341276e-06   -8.772292e-06
            982    2.674320e-01    0.000000e+00    0.000000e+00    3.445124e-01   -1.480031e-02   -5.066660e-03    8.759525e-04    5.293754e-05   -1.498098e-04    3.098081e-05    3.745633e-06   -1.059990e-05
            983    2.694320e-01    0.000000e+00    0.000000e+00    3.413568e-01   -1.326216e-02   -4.718762e-03    1.116037e-03    5.383189e-05   -2.097730e-04    3.947216e-05    3.808924e-06   -1.484268e-05
            984    2.714320e-01    0.000000e+00    0.000000e+00    3.387445e-01   -1.137193e-02   -4.762607e-03    1.300167e-03    2.944902e-05    3.306823e-04    4.598449e-05    2.083696e-06    2.339776e-05
            985    2.734320e-01    0.000000e+00    0.000000e+00    3.361042e-01   -9.481555e-03   -4.870531e-03    1.408800e-03   -2.736608e-05   -1.676478e-04    4.982665e-05   -1.936316e-06   -1.186210e-05
            986    2.754320e-01    0.000000e+00    0.000000e+00    3.334654e-01   -7.588859e-03   -4.957996e-03    1.326536e-03    4.850792e-05    2.481111e-05    4.691711e-05    3.432230e-06    1.755528e-06
            987    2.774320e-01    0.000000e+00    0.000000e+00    3.304908e-01   -5.958049e-03   -5.229197e-03    1.326878e-03    1.473338e-04    6.598458e-04    4.692920e-05    1.042476e-05    4.668806e-05
            988    2.794320e-01    0.000000e+00    0.000000e+00    3.275341e-01   -4.314309e-03   -5.085338e-03    1.242299e-03   -1.280408e-04   -3.579413e-04    4.393780e-05   -9.059679e-06   -2.532648e-05
            989    2.814320e-01    0.000000e+00    0.000000e+00    3.245333e-01   -2.844522e-03   -4.326555e-03    8.730252e-04   -8.918658e-05   -3.466398e-04    3.087728e-05   -6.310398e-06   -2.452540e-05
            990    2.830000e-01    0.000000e+00    0.000000e+00    3.232626e-01   -1.484286e-03   -3.610027e-03    4.910168e-05    1.091980e-04    7.698560e-06    1.736636e-06    7.725537e-06    5.446955e-07
            991   -2.299470e-01    6.018300e-02   -9.980000e-04   -1.522358e-05   -8.692340e-05    4.585565e-06    1.149107e-05    8.568005e-06   -7.170640e-06    4.064177e-07    6.062295e-07   -5.073589e-07
            992   -2.298420e-01    6.011700e-02   -2.994000e-03   -2.799803e-05   -2.376616e-04    1.453722e-05    1.134387e-05    5.218722e-06   -8.412844e-06    4.012115e-07    3.692509e-07   -5.952512e-07
            993   -2.297360e-01    5.998400e-02   -4.987000e-03   -2.440324e-05   -3.473075e-04    2.491791e-05    1.112367e-05    2.926749e-07   -5.467698e-06    3.934235e-07    2.070822e-08   -3.868672e-07
            994   -2.296300e-01    5.978600e-02   -6.974000e-03   -3.545814e-05   -4.323120e-04    3.446292e-05    1.099624e-05   -6.259592e-07    5.793997e-06    3.889165e-07   -4.428977e-08    4.099545e-07
            995   -2.295250e-01    5.952200e-02   -8.953000e-03   -6.032725e-05   -4.895800e-04    4.160686e-05    1.070526e-05    3.745581e-06    1.038456e-05    3.786253e-07    2.650188e-07    7.347600e-07
            996   -2.294190e-01    5.919200e-02   -1.092300e-02   -6.632079e-05   -5.209424e-04    4.673402e-05    1.019641e-05    2.416916e-06   -2.622614e-06    3.606279e-07    1.710090e-07   -1.855632e-07
            997   -2.293140e-01    5.879700e-02   -1.288000e-02   -3.543421e-05   -5.436813e-04    5.328264e-05    1.016345e-05   -3.779984e-06   -9.867920e-06    3.594623e-07   -2.674529e-07   -6.982050e-07
            998   -2.292080e-01    5.833800e-02   -1.482400e-02   -5.042236e-06   -5.573901e-04    5.827823e-05    1.007261e-05    1.835287e-06   -5.135275e-07    3.562495e-07    1.298558e-07   -3.633467e-08
            999   -2.291020e-01    5.781400e-02   -1.675100e-02   -1.297380e-07   -5.553274e-04    5.781719e-05    9.768461e-06    4.189609e-06    7.964168e-06    3.454923e-07    2.964359e-07    5.635050e-07
           1000   -2.289970e-01    5.722700e-02   -1.865900e-02   -8.422012e-06   -5.515004e-04    5.607639e-05    9.654326e-06   -2.788493e-06    7.003931e-06    3.414556e-07   -1.973000e-07    4.955634e-07
           1001   -2.288910e-01    5.657600e-02   -2.054700e-02   -5.238999e-06   -5.428227e-04    5.317832e-05    9.670387e-06   -4.404888e-07   -1.547067e-06    3.420236e-07   -3.116676e-08   -1.094628e-07
           1002   -2.287860e-01    5.586300e-02   -2.241300e-02    1.526212e-05   -5.258841e-04    4.792645e-05    9.397567e-06    4.431552e-06   -4.861231e-06    3.323744e-07    3.135546e-07   -3.439565e-07
           1003   -2.286800e-01    5.508900e-02   -2.425300e-02    2.769670e-05   -5.090548e-04    4.156840e-05    9.048329e-06    8.521523e-07    2.888035e-06    3.200226e-07    6.029406e-08    2.043430e-07
           1004   -2.285740e-01    5.425400e-02   -2.606700e-02    1.876154e-05   -5.026690e-04    3.799532e-05    9.088937e-06   -3.227661e-06    8.096065e-06    3.214588e-07   -2.283732e-07    5.728374e-07
           1005   -2.284690e-01    5.336000e-02   -2.785300e-02    1.756109e-06   -4.994461e-04    3.532809e-05    9.077188e-06    8.074604e-07    4.781591e-06    3.210433e-07    5.713189e-08    3.383217e-07
           1006   -2.283630e-01    5.240600e-02   -2.960700e-02   -6.467999e-06   -4.875230e-04    2.830389e-05    8.755258e-06    2.850562e-06    2.005378e-06    3.096572e-07    2.016916e-07    1.418906e-07
           1007   -2.282570e-01    5.139500e-02   -3.133000e-02   -4.459965e-06   -4.805440e-04    2.424768e-05    8.529037e-06   -1.126095e-06    1.156115e-06    3.016562e-07   -7.967686e-08    8.180096e-08
           1008   -2.281520e-01    5.032800e-02   -3.301700e-02    3.388710e-06   -4.812916e-04    2.508398e-05    8.460891e-06   -8.639908e-07    1.706545e-06    2.992460e-07   -6.113170e-08    1.207466e-07
           1009   -2.280460e-01    4.920500e-02   -3.466900e-02    5.169034e-06   -4.844740e-04    2.721792e-05    8.303250e-06    2.551693e-07    4.527238e-06    2.936705e-07    1.805452e-08    3.203249e-07
           1010   -2.279410e-01    4.802800e-02   -3.628200e-02    2.831687e-06   -4.885767e-04    2.991701e-05    8.131705e-06   -9.183511e-07    5.162460e-06    2.876033e-07   -6.497795e-08    3.652700e-07
           1011   -2.278350e-01    4.679800e-02   -3.785500e-02   -6.166081e-08   -4.900533e-04    3.072941e-05    7.943642e-06    1.843296e-07    4.040285e-06    2.809518e-07    1.304224e-08    2.858705e-07
           1012   -2.277290e-01    4.551600e-02   -3.938600e-02    3.529363e-06   -4.874739e-04    2.867355e-05    7.614417e-06    1.455560e-06    1.126695e-06    2.693077e-07    1.029882e-07    7.971938e-08
           1013   -2.276240e-01    4.418500e-02   -4.087500e-02    8.435868e-06   -4.877348e-04    2.907638e-05    7.334670e-06   -2.934050e-07    2.582798e-06    2.594136e-07   -2.075988e-08    1.827459e-07
           1014   -2.275180e-01    4.280500e-02   -4.231800e-02    4.072692e-06   -4.879896e-04    2.881311e-05    7.135728e-06   -4.889272e-07    8.374896e-06    2.523774e-07   -3.459406e-08    5.925661e-07
           1015   -2.274130e-01    4.137700e-02   -4.371400e-02   -3.491031e-07   -4.860784e-04    2.636780e-05    6.838119e-06    4.474845e-07    4.704305e-06    2.418515e-07    3.166178e-08    3.328533e-07
           1016   -2.273070e-01    3.990400e-02   -4.506300e-02    2.685546e-06   -4.829163e-04    2.299882e-05    6.555081e-06    7.587353e-07    1.352983e-07    2.318410e-07    5.368434e-08    9.573027e-09
           1017   -2.272010e-01    3.838800e-02   -4.636200e-02    5.715499e-06   -4.812105e-04    2.106622e-05    6.272312e-06    2.671596e-07    5.929421e-06    2.218400e-07    1.890288e-08    4.195363e-07
           1018   -2.270960e-01    3.682900e-02   -4.761000e-02    2.917175e-06   -4.814827e-04    2.095977e-05    6.004430e-06   -3.830046e-07    7.520564e-06    2.123655e-07   -2.709951e-08    5.321178e-07
           1019   -2.269900e-01    3.522900e-02   -4.880500e-02    2.042634e-06   -4.807730e-04    1.974692e-05    5.741148e-06   -3.327769e-07    2.776260e-06    2.030537e-07   -2.354564e-08    1.964344e-07
           1020   -2.268850e-01    3.359100e-02   -4.994700e-02    5.131065e-06   -4.812233e-04    2.047226e-05    5.484299e-06    3.518080e-07    4.189952e-06    1.939694e-07    2.489218e-08    2.964601e-07
           1021   -2.267790e-01    3.191500e-02   -5.103400e-02    3.746965e-06   -4.806490e-04    1.922793e-05    5.164121e-06    4.725394e-07    7.182881e-06    1.826454e-07    3.343456e-08    5.082250e-07
           1022   -2.266730e-01    3.020500e-02   -5.206400e-02    2.163438e-06   -4.802044e-04    1.811085e-05    4.888675e-06   -9.750684e-07    4.679339e-06    1.729033e-07   -6.899100e-08    3.310868e-07
           1023   -2.265680e-01    2.846100e-02   -5.303800e-02    4.266179e-06   -4.804815e-04    1.858853e-05    4.661227e-06    5.776902e-07    3.927032e-06    1.648589e-07    4.087449e-08    2.778573e-07
           1024   -2.264620e-01    2.668600e-02   -5.395300e-02    3.409496e-06   -4.794879e-04    1.629296e-05    4.335072e-06    4.905939e-07    7.406368e-06    1.533234e-07    3.471199e-08    5.240378e-07
           1025   -2.263570e-01    2.488200e-02   -5.480800e-02    3.388080e-06   -4.790268e-04    1.509154e-05    4.079176e-06   -6.152043e-07    5.137197e-06    1.442729e-07   -4.352879e-08    3.634825e-07
           1026   -2.262510e-01    2.305000e-02   -5.560300e-02    4.523120e-06   -4.784580e-04    1.362056e-05    3.839565e-06    3.090867e-07    4.936615e-06    1.357983e-07    2.186944e-08    3.492904e-07
           1027   -2.261450e-01    2.119300e-02   -5.633700e-02    3.692708e-06   -4.783340e-04    1.282408e-05    3.581467e-06   -4.092102e-07    7.295610e-06    1.266698e-07   -2.895369e-08    5.162012e-07
           1028   -2.260400e-01    1.931300e-02   -5.700900e-02    4.063748e-06   -4.785366e-04    1.312113e-05    3.342176e-06    9.532661e-08    5.042066e-06    1.182066e-07    6.744839e-09    3.567515e-07
           1029   -2.259340e-01    1.741100e-02   -5.761900e-02    3.569014e-06   -4.786111e-04    1.285499e-05    3.095669e-06   -2.749746e-07    6.393087e-06    1.094880e-07   -1.945583e-08    4.523431e-07
           1030   -2.258280e-01    1.549000e-02   -5.816400e-02    3.450973e-06   -4.781820e-04    1.092150e-05    2.866417e-06   -2.827937e-07    6.486333e-06    1.013798e-07   -2.000908e-08    4.589407e-07
           1031   -2.257230e-01    1.355200e-02   -5.864600e-02    4.396894e-06   -4.781068e-04    1.031906e-05    2.610171e-06    4.530468e-07    5.579138e-06    9.231690e-08    3.205534e-08    3.947521e-07
           1032   -2.256170e-01    1.159900e-02   -5.906300e-02    3.771258e-06   -4.778922e-04    8.572221e-06    2.365514e-06   -6.883328e-07    7.641049e-06    8.366383e-08   -4.870301e-08    5.406427e-07
           1033   -2.255120e-01    9.634000e-03   -5.941600e-02    3.266615e-06   -4.782047e-04    9.544551e-06    2.147910e-06   -1.867186e-07    6.104485e-06    7.596758e-08   -1.321127e-08    4.319230e-07
           1034   -2.254060e-01    7.657000e-03   -5.970300e-02    4.320658e-06   -4.780875e-04    8.314304e-06    1.909855e-06   -1.563050e-07    5.981683e-06    6.754802e-08   -1.105936e-08    4.232341e-07
           1035   -2.253000e-01    5.673000e-03   -5.992400e-02    4.548629e-06   -4.781098e-04    7.562571e-06    1.704665e-06   -4.530727e-07    6.971825e-06    6.029083e-08   -3.205718e-08    4.932918e-07
           1036   -2.251950e-01    3.682000e-03   -6.007900e-02    4.425436e-06   -4.782245e-04    7.348994e-06    1.477748e-06    1.011000e-07    7.213926e-06    5.226521e-08    7.153329e-09    5.104215e-07
           1037   -2.250890e-01    1.687000e-03   -6.016800e-02    2.501169e-06   -4.783914e-04    6.300175e-06    1.265252e-06   -1.031415e-06    7.535241e-06    4.474961e-08   -7.297780e-08    5.331562e-07
           1038   -2.249840e-01   -3.100000e-04   -6.019100e-02    3.602831e-06   -4.784385e-04    6.430031e-06    1.081539e-06   -1.330405e-07    5.967807e-06    3.825202e-08   -9.413286e-09    4.222525e-07
           1039   -2.248780e-01   -2.306000e-03   -6.014700e-02    5.306970e-06   -4.785183e-04    4.208707e-06    8.634818e-07   -1.655867e-07    6.932258e-06    3.053974e-08   -1.171610e-08    4.904920e-07
           1040   -2.247720e-01   -4.300000e-03   -6.003800e-02    4.205519e-06   -4.786762e-04    4.436560e-06    6.915006e-07   -6.522479e-07    7.786347e-06    2.445709e-08   -4.614981e-08    5.509232e-07
           1041   -2.246670e-01   -6.290000e-03   -5.986200e-02    4.391449e-06   -4.787869e-04    4.516498e-06    5.054243e-07   -4.370263e-07    7.131030e-06    1.787592e-08   -3.092180e-08    5.045563e-07
           1042   -2.245610e-01   -8.272000e-03   -5.962100e-02    2.940336e-06   -4.789582e-04    4.691319e-06    3.465939e-07   -1.030844e-06    7.352705e-06    1.225838e-08   -7.293738e-08    5.202409e-07
           1043   -2.244560e-01   -1.024500e-02   -5.931300e-02    4.576242e-06   -4.791420e-04    3.608364e-06    1.808568e-07   -1.356848e-07    7.025099e-06    6.396569e-09   -9.600382e-09    4.970611e-07
           1044   -2.243500e-01   -1.220700e-02   -5.894100e-02    3.725741e-06   -4.794911e-04    2.595700e-06   -1.887097e-08   -3.792395e-07    7.911145e-06   -6.674312e-10   -2.683311e-08    5.597534e-07
           1045   -2.242440e-01   -1.415500e-02   -5.850300e-02    4.295656e-06   -4.798893e-04    1.152146e-06   -1.751735e-07   -1.132692e-06    7.253309e-06   -6.195562e-09   -8.014365e-08    5.132080e-07
           1046   -2.241390e-01   -1.608800e-02   -5.800200e-02    4.970938e-06   -4.794878e-04    3.068084e-06   -3.072759e-07   -6.270997e-07    7.004788e-06   -1.086778e-08   -4.437046e-08    4.956241e-07
           1047   -2.240330e-01   -1.800300e-02   -5.743600e-02    3.968221e-06   -4.799758e-04    2.035606e-06   -4.615102e-07   -9.023191e-07    8.604047e-06   -1.632276e-08   -6.384361e-08    6.087795e-07
           1048   -2.239280e-01   -1.989900e-02   -5.680700e-02    3.771938e-06   -4.802135e-04    1.661999e-06   -6.162367e-07   -3.766968e-07    7.334378e-06   -2.179514e-08   -2.665320e-08    5.189441e-07
           1049   -2.238220e-01   -2.177200e-02   -5.611600e-02    3.749962e-06   -4.807753e-04    4.460520e-07   -7.630071e-07   -9.997116e-07    7.664472e-06   -2.698614e-08   -7.073461e-08    5.422999e-07
           1050   -2.237160e-01   -2.362200e-02   -5.536300e-02    3.908916e-06   -4.808783e-04    4.571686e-07   -8.645752e-07   -1.156132e-06    7.677530e-06   -3.057842e-08   -8.180216e-08    5.432238e-07
           1051   -2.236110e-01   -2.544500e-02   -5.454900e-02    5.550101e-06   -4.807518e-04    8.053519e-07   -9.786784e-07   -4.472113e-07    7.263096e-06   -3.461403e-08   -3.164245e-08    5.139005e-07
           1052   -2.235050e-01   -2.724100e-02   -5.367500e-02    3.826921e-06   -4.809529e-04    8.585233e-07   -1.083422e-06   -1.489337e-06    9.116719e-06   -3.831860e-08   -1.053781e-07    6.450537e-07
           1053   -2.233990e-01   -2.900600e-02   -5.274200e-02    2.596610e-06   -4.816456e-04   -9.770037e-08   -1.190078e-06   -6.162817e-07    7.227638e-06   -4.209085e-08   -4.360503e-08    5.113917e-07
           1054   -2.232940e-01   -3.074000e-02   -5.175000e-02    4.764367e-06   -4.817957e-04   -3.780959e-07   -1.279554e-06   -1.270220e-06    7.716473e-06   -4.525546e-08   -8.987442e-08    5.459793e-07
           1055   -2.231880e-01   -3.243900e-02   -5.070200e-02    4.208177e-06   -4.821250e-04   -6.529977e-07   -1.329838e-06   -1.362767e-06    8.440445e-06   -4.703389e-08   -9.642262e-08    5.972040e-07
           1056   -2.230830e-01   -3.410300e-02   -4.959800e-02    4.954698e-06   -4.823718e-04   -8.951892e-07   -1.427747e-06   -4.343780e-07    7.616427e-06   -5.049675e-08   -3.073443e-08    5.389005e-07
           1057   -2.229770e-01   -3.573000e-02   -4.844000e-02    3.681122e-06   -4.824741e-04   -7.533922e-07   -1.485040e-06   -1.716668e-06    8.574229e-06   -5.252311e-08   -1.214629e-07    6.066699e-07
           1058   -2.228710e-01   -3.731700e-02   -4.722800e-02    3.611930e-06   -4.828864e-04   -1.114436e-06   -1.510261e-06   -1.345673e-06    7.667324e-06   -5.341511e-08   -9.521314e-08    5.425017e-07
           1059   -2.227660e-01   -3.886300e-02   -4.596400e-02    5.206590e-06   -4.828182e-04   -9.737263e-07   -1.553155e-06   -9.973877e-07    7.757509e-06   -5.493221e-08   -7.057021e-08    5.488828e-07
           1060   -2.226600e-01   -4.036600e-02   -4.464900e-02    5.004115e-06   -4.836960e-04   -1.790920e-06   -1.579546e-06   -1.375678e-06    8.542223e-06   -5.586560e-08   -9.733615e-08    6.044052e-07
           1061   -2.225550e-01   -4.182500e-02   -4.328600e-02    3.812119e-06   -4.832787e-04   -1.099910e-06   -1.608485e-06   -1.460877e-06    8.798826e-06   -5.688911e-08   -1.033644e-07    6.225613e-07
           1062   -2.224490e-01   -4.323800e-02   -4.187500e-02    2.959109e-06   -4.838401e-04   -1.447090e-06   -1.617394e-06   -1.906660e-06    7.679204e-06   -5.720420e-08   -1.349058e-07    5.433423e-07
           1063   -2.223430e-01   -4.460400e-02   -4.041700e-02    4.847909e-06   -4.844364e-04   -2.012459e-06   -1.615161e-06   -4.979612e-07    7.094177e-06   -5.712524e-08   -3.523326e-08    5.019487e-07
           1064   -2.222380e-01   -4.592000e-02   -3.891500e-02    6.186070e-06   -4.841914e-04   -1.747523e-06   -1.640213e-06   -1.750299e-06    9.260187e-06   -5.801128e-08   -1.238424e-07    6.552046e-07
           1065   -2.221320e-01   -4.718500e-02   -3.737100e-02    3.288048e-06   -4.838692e-04   -1.151362e-06   -1.576381e-06   -2.710479e-06    8.768078e-06   -5.575367e-08   -1.917801e-07    6.203857e-07
           1066   -2.220270e-01   -4.839900e-02   -3.578500e-02    3.310264e-06   -4.839289e-04   -1.079899e-06   -1.549419e-06   -5.358942e-07    7.426591e-06   -5.480006e-08   -3.791721e-08    5.254687e-07
           1067   -2.219210e-01   -4.955900e-02   -3.416000e-02    4.121739e-06   -4.858780e-04   -2.397156e-06   -1.557009e-06   -1.767794e-06    8.598434e-06   -5.506851e-08   -1.250803e-07    6.083823e-07
           1068   -2.218150e-01   -5.066500e-02   -3.249700e-02    4.946042e-06   -4.860653e-04   -2.455465e-06   -1.488594e-06   -1.940331e-06    7.769973e-06   -5.264879e-08   -1.372881e-07    5.497646e-07
           1069   -2.217100e-01   -5.171500e-02   -3.079900e-02    5.808027e-06   -4.847369e-04   -1.556399e-06   -1.418469e-06   -1.731066e-06    8.303611e-06   -5.016861e-08   -1.224816e-07    5.875223e-07
           1070   -2.216040e-01   -5.270900e-02   -2.906600e-02    3.415873e-06   -4.846893e-04   -1.266122e-06   -1.353910e-06   -1.996595e-06    9.103622e-06   -4.788529e-08   -1.412692e-07    6.441271e-07
           1071   -2.214990e-01   -5.364400e-02   -2.730200e-02    3.360589e-06   -4.852435e-04   -1.453925e-06   -1.306489e-06   -1.491698e-06    7.874179e-06   -4.620810e-08   -1.055451e-07    5.571378e-07
           1072   -2.213930e-01   -5.452000e-02   -2.550700e-02    4.232337e-06   -4.864546e-04   -1.987100e-06   -1.223219e-06   -2.265612e-06    8.199426e-06   -4.326299e-08   -1.603034e-07    5.801505e-07
           1073   -2.212870e-01   -5.533600e-02   -2.368500e-02    4.880721e-06   -4.864710e-04   -1.927665e-06   -1.124142e-06   -1.543920e-06    7.852514e-06   -3.975882e-08   -1.092401e-07    5.556049e-07
           1074   -2.211820e-01   -5.609100e-02   -2.183600e-02    5.666093e-06   -4.857255e-04   -1.546216e-06   -1.033394e-06   -2.346841e-06    8.860752e-06   -3.654924e-08   -1.660508e-07    6.269429e-07
           1075   -2.210760e-01   -5.678500e-02   -1.996300e-02    3.080222e-06   -4.852891e-04   -1.141625e-06   -9.046714e-07   -2.380599e-06    8.730889e-06   -3.199655e-08   -1.684394e-07    6.177543e-07
           1076   -2.209700e-01   -5.741600e-02   -1.806900e-02    2.758131e-06   -4.865517e-04   -1.448659e-06   -8.155771e-07   -1.430370e-06    7.449508e-06   -2.884545e-08   -1.012059e-07    5.270901e-07
           1077   -2.208650e-01   -5.798300e-02   -1.615400e-02    5.228659e-06   -4.872637e-04   -1.695446e-06   -6.953139e-07   -2.292994e-06    8.717465e-06   -2.459196e-08   -1.622409e-07    6.168045e-07
           1078   -2.207590e-01   -5.848700e-02   -1.422200e-02    4.468160e-06   -4.869144e-04   -1.464990e-06   -5.506930e-07   -2.607695e-06    8.402070e-06   -1.947699e-08   -1.845075e-07    5.944887e-07
           1079   -2.206540e-01   -5.892700e-02   -1.227400e-02    4.779247e-06   -4.855813e-04   -1.088676e-06   -3.865397e-07   -2.123489e-06    7.926043e-06   -1.367119e-08   -1.502476e-07    5.608076e-07
           1080   -2.205480e-01   -5.930200e-02   -1.031300e-02    3.892023e-06   -4.865553e-04   -1.123407e-06   -2.634167e-07   -1.800757e-06    8.641564e-06   -9.316557e-09   -1.274126e-07    6.114340e-07
           1081   -2.204420e-01   -5.961100e-02   -8.340000e-03    4.037936e-06   -4.880097e-04   -1.268010e-06   -1.275284e-07   -2.578128e-06    8.431605e-06   -4.510442e-09   -1.824155e-07    5.965785e-07
           1082   -2.203370e-01   -5.985500e-02   -6.358000e-03    4.563277e-06   -4.862297e-04   -9.821076e-07    8.424371e-08   -2.959041e-06    7.897883e-06    2.979544e-09   -2.093670e-07    5.588149e-07
           1083   -2.202310e-01   -6.003300e-02   -4.369000e-03    3.926993e-06   -4.863655e-04   -8.661470e-07    2.757063e-07   -1.939364e-06    8.451536e-06    9.751218e-09   -1.372197e-07    5.979887e-07
           1084   -2.201260e-01   -6.014500e-02   -2.375000e-03    4.202123e-06   -4.867133e-04   -8.192602e-07    4.159242e-07   -2.278836e-06    8.657938e-06    1.471047e-08   -1.612391e-07    6.125927e-07
           1085   -2.200200e-01   -6.019000e-02   -3.780000e-04    4.702336e-06   -4.877676e-04   -7.826467e-07    6.351244e-07   -3.081203e-06    7.813165e-06    2.246317e-08   -2.180106e-07    5.528207e-07
           1086   -2.199140e-01   -6.017000e-02    1.618000e-03    4.414088e-06   -4.874984e-04   -6.709672e-07    8.410012e-07   -1.747094e-06    8.222174e-06    2.974465e-08   -1.236157e-07    5.817602e-07
           1087   -2.198090e-01   -6.008300e-02    3.613000e-03    4.469359e-06   -4.867900e-04   -6.050298e-07    1.034106e-06   -3.512253e-06    9.030602e-06    3.657441e-08   -2.485096e-07    6.389604e-07
           1088   -2.197030e-01   -5.993000e-02    5.604000e-03    3.424198e-06   -4.864203e-04   -4.866528e-07    1.314355e-06   -2.942560e-06    7.559443e-06    4.648630e-08   -2.082010e-07    5.348687e-07
           1089   -2.195980e-01   -5.971100e-02    7.589000e-03    5.001584e-06   -4.870674e-04   -4.079580e-07    1.513738e-06   -1.531606e-06    8.273407e-06    5.353809e-08   -1.083688e-07    5.853851e-07
           1090   -2.194920e-01   -5.942700e-02    9.566000e-03    4.181243e-06   -4.877949e-04   -1.745519e-07    1.724357e-06   -3.188416e-06    8.779212e-06    6.098732e-08   -2.255965e-07    6.211734e-07
           1091   -2.193860e-01   -5.907700e-02    1.153200e-02    4.210775e-06   -4.875629e-04   -1.349348e-07    2.000295e-06   -2.904346e-06    7.751481e-06    7.074671e-08   -2.054971e-07    5.484563e-07
           1092   -2.192810e-01   -5.866200e-02    1.348500e-02    4.518917e-06   -4.856794e-04   -4.583843e-07    2.287570e-06   -3.401854e-06    8.509744e-06    8.090709e-08   -2.406982e-07    6.021071e-07
           1093   -2.191750e-01   -5.818200e-02    1.542400e-02    3.534894e-06   -4.860865e-04   -2.099816e-07    2.567773e-06   -2.649750e-06    8.074961e-06    9.081734e-08   -1.874832e-07    5.713442e-07
           1094   -2.190700e-01   -5.763800e-02    1.734500e-02    4.760593e-06   -4.873026e-04    1.535819e-07    2.794412e-06   -2.158069e-06    8.408142e-06    9.883317e-08   -1.526943e-07    5.949183e-07
           1095   -2.189640e-01   -5.703100e-02    1.924800e-02    3.947731e-06   -4.875012e-04    3.439425e-07    3.080826e-06   -3.984026e-06    8.601412e-06    1.089631e-07   -2.818899e-07    6.085932e-07
           1096   -2.188580e-01   -5.636100e-02    2.112900e-02    4.609074e-06   -4.872838e-04    3.215681e-07    3.402419e-06   -2.535933e-06    7.301096e-06    1.203372e-07   -1.794300e-07    5.165892e-07
           1097   -2.187530e-01   -5.562900e-02    2.298700e-02    5.620085e-06   -4.861062e-04   -8.775090e-08    3.700395e-06   -3.413299e-06    8.601502e-06    1.308761e-07   -2.415081e-07    6.085996e-07
           1098   -2.186470e-01   -5.483600e-02    2.482000e-02    3.575549e-06   -4.859380e-04    5.976488e-08    4.027407e-06   -3.315698e-06    8.640678e-06    1.424419e-07   -2.346024e-07    6.113714e-07
           1099   -2.185410e-01   -5.398300e-02    2.662500e-02    3.074185e-06   -4.870243e-04    6.834208e-07    4.312067e-06   -2.566480e-06    7.956110e-06    1.525098e-07   -1.815914e-07    5.629348e-07
           1100   -2.184360e-01   -5.307000e-02    2.840100e-02    4.906454e-06   -4.865993e-04    4.499285e-07    4.658860e-06   -3.761721e-06    7.785899e-06    1.647752e-07   -2.661607e-07    5.508916e-07
           1101   -2.183300e-01   -5.209900e-02    3.014600e-02    4.579957e-06   -4.861269e-04    3.052850e-07    5.009892e-06   -2.767031e-06    8.435029e-06    1.771905e-07   -1.957814e-07    5.968208e-07
           1102   -2.182250e-01   -5.107000e-02    3.185700e-02    4.888878e-06   -4.857455e-04    1.519465e-07    5.333555e-06   -4.070129e-06    8.615547e-06    1.886379e-07   -2.879822e-07    6.095935e-07
           1103   -2.181190e-01   -4.998500e-02    3.353400e-02    3.548979e-06   -4.853174e-04    6.041050e-08    5.735616e-06   -3.369827e-06    7.683482e-06    2.028581e-07   -2.384322e-07    5.436449e-07
           1104   -2.180130e-01   -4.884500e-02    3.517300e-02    4.164157e-06   -4.866459e-04    1.048608e-06    6.055815e-06   -2.708528e-06    8.400355e-06    2.141829e-07   -1.916420e-07    5.943674e-07
           1105   -2.179080e-01   -4.765100e-02    3.677400e-02    5.190520e-06   -4.862528e-04    8.098294e-07    6.434722e-06   -4.199497e-06    8.035991e-06    2.275842e-07   -2.971356e-07    5.685869e-07
           1106   -2.178020e-01   -4.640500e-02    3.833500e-02    4.327358e-06   -4.855768e-04    4.389281e-07    6.849541e-06   -3.273444e-06    8.258608e-06    2.422555e-07   -2.316127e-07    5.843382e-07
           1107   -2.176970e-01   -4.510800e-02    3.985300e-02    4.685234e-06   -4.850498e-04    6.504552e-08    7.232071e-06   -3.781874e-06    8.261097e-06    2.557849e-07   -2.675866e-07    5.845142e-07
           1108   -2.175910e-01   -4.376100e-02    4.132800e-02    4.083635e-06   -4.849836e-04    1.659044e-07    7.657292e-06   -3.592047e-06    7.907664e-06    2.708242e-07   -2.541554e-07    5.595070e-07
           1109   -2.174850e-01   -4.236600e-02    4.275600e-02    4.844274e-06   -4.857587e-04    9.874688e-07    8.052191e-06   -3.502565e-06    8.282464e-06    2.847910e-07   -2.478241e-07    5.860260e-07
           1110   -2.173800e-01   -4.092500e-02    4.413800e-02    4.565842e-06   -4.845608e-04   -1.115667e-07    8.502726e-06   -4.324475e-06    8.071598e-06    3.007256e-07   -3.059785e-07    5.711063e-07
           1111   -2.172740e-01   -3.943800e-02    4.547100e-02    4.340803e-06   -4.850370e-04    5.562167e-07    8.939880e-06   -2.992055e-06    8.318635e-06    3.161869e-07   -2.117029e-07    5.885853e-07
           1112   -2.171690e-01   -3.790800e-02    4.675500e-02    4.005637e-06   -4.843537e-04   -1.109292e-07    9.353418e-06   -4.799668e-06    8.653393e-06    3.308130e-07   -3.396007e-07    6.122712e-07
           1113   -2.170630e-01   -3.633600e-02    4.798700e-02    4.110366e-06   -4.840140e-04   -4.299428e-07    9.873454e-06   -3.812308e-06    6.840259e-06    3.492057e-07   -2.697400e-07    4.839827e-07
           1114   -2.169570e-01   -3.472500e-02    4.916500e-02    5.444945e-06   -4.846311e-04    4.242489e-07    1.030994e-05   -2.561187e-06    8.722981e-06    3.646435e-07   -1.812169e-07    6.171948e-07
           1115   -2.168520e-01   -3.307400e-02    5.029000e-02    4.424568e-06   -4.840362e-04   -2.058266e-07    1.078784e-05   -6.149687e-06    9.312338e-06    3.815460e-07   -4.351214e-07    6.588949e-07
           1116   -2.167460e-01   -3.138800e-02    5.136000e-02    2.565585e-06   -4.832912e-04   -1.052521e-06    1.137684e-05   -3.496878e-06    6.707884e-06    4.023778e-07   -2.474217e-07    4.746166e-07
           1117   -2.166410e-01   -2.966700e-02    5.237300e-02    4.757249e-06   -4.835919e-04   -6.368062e-07    1.186186e-05   -3.311403e-06    8.733330e-06    4.195319e-07   -2.342985e-07    6.179272e-07
           1118   -2.165350e-01   -2.791400e-02    5.332800e-02    4.871705e-06   -4.837905e-04   -1.361041e-07    1.241263e-05   -4.874502e-06    8.027949e-06    4.390116e-07   -3.448955e-07    5.680178e-07
           1119   -2.164290e-01   -2.612900e-02    5.422500e-02    4.936542e-06   -4.833905e-04   -7.783304e-07    1.300804e-05   -3.829435e-06    8.056995e-06    4.600703e-07   -2.709518e-07    5.700730e-07
           1120   -2.163240e-01   -2.431600e-02    5.506100e-02    4.479629e-06   -4.828195e-04   -1.748038e-06    1.360222e-05   -5.657448e-06    8.941589e-06    4.810851e-07   -4.002929e-07    6.326625e-07
           1121   -2.162180e-01   -2.247600e-02    5.583800e-02    2.814060e-06   -4.826414e-04   -1.737834e-06    1.423014e-05   -3.449555e-06    7.429496e-06    5.032936e-07   -2.440734e-07    5.256744e-07
           1122   -2.161130e-01   -2.061200e-02    5.655200e-02    5.263653e-06   -4.830777e-04   -7.620479e-07    1.479765e-05   -4.291692e-06    8.585703e-06    5.233652e-07   -3.036589e-07    6.074818e-07
           1123   -2.160070e-01   -1.872400e-02    5.720500e-02    5.078223e-06   -4.827508e-04   -1.467811e-06    1.549810e-05   -5.272885e-06    7.825055e-06    5.481389e-07   -3.730832e-07    5.536621e-07
           1124   -2.159010e-01   -1.681600e-02    5.779500e-02    4.710141e-06   -4.825338e-04   -1.830623e-06    1.615110e-05   -3.703241e-06    8.620864e-06    5.712344e-07   -2.620229e-07    6.099694e-07
           1125   -2.157960e-01   -1.489000e-02    5.832100e-02    4.419534e-06   -4.820905e-04   -3.142800e-06    1.683579e-05   -6.067102e-06    8.270610e-06    5.954507e-07   -4.292781e-07    5.851875e-07
           1126   -2.156900e-01   -1.294700e-02    5.878300e-02    3.667506e-06   -4.818985e-04   -3.446881e-06    1.759773e-05   -3.911118e-06    7.733314e-06    6.223992e-07   -2.767313e-07    5.471709e-07
           1127   -2.155840e-01   -1.099000e-02    5.918000e-02    3.969052e-06   -4.821327e-04   -2.049696e-06    1.826652e-05   -4.717950e-06    9.011113e-06    6.460528e-07   -3.338188e-07    6.375818e-07
           1128   -2.154790e-01   -9.021000e-03    5.951200e-02    4.421889e-06   -4.819177e-04   -3.033648e-06    1.905224e-05   -5.387929e-06    7.836001e-06    6.738424e-07   -3.812231e-07    5.544365e-07
           1129   -2.153730e-01   -7.042000e-03    5.977800e-02    4.991625e-06   -4.818509e-04   -3.248983e-06    1.983815e-05   -4.647377e-06    8.351776e-06    7.016387e-07   -3.288254e-07    5.909304e-07
           1130   -2.152680e-01   -5.055000e-03    5.997900e-02    4.504960e-06   -4.815680e-04   -5.115926e-06    2.066926e-05   -5.984414e-06    8.403959e-06    7.310333e-07   -4.234275e-07    5.946225e-07
           1131   -2.151620e-01   -3.063000e-03    6.011400e-02    3.623345e-06   -4.814896e-04   -4.469272e-06    2.149470e-05   -3.875356e-06    8.242273e-06    7.602277e-07   -2.742011e-07    5.831824e-07
           1132   -2.150560e-01   -1.067000e-03    6.018200e-02    4.303816e-06   -4.815069e-04   -3.362587e-06    2.231174e-05   -6.014748e-06    8.974848e-06    7.891248e-07   -4.255738e-07    6.350159e-07
           1133   -2.149510e-01    9.300000e-04    6.018400e-02    4.890204e-06   -4.814578e-04   -5.484408e-06    2.328762e-05   -5.920145e-06    7.279344e-06    8.236397e-07   -4.188800e-07    5.150501e-07
           1134   -2.148450e-01    2.926000e-03    6.012000e-02    5.112074e-06   -4.813829e-04   -5.306683e-06    2.420112e-05   -3.900401e-06    9.006879e-06    8.559486e-07   -2.759731e-07    6.372821e-07
           1135   -2.147400e-01    4.919000e-03    5.999000e-02    4.349717e-06   -4.813151e-04   -5.858158e-06    2.512088e-05   -7.256976e-06    9.279534e-06    8.884788e-07   -5.134677e-07    6.565739e-07
           1136   -2.146340e-01    6.906000e-03    5.979400e-02    4.176753e-06   -4.812847e-04   -6.333767e-06    2.619302e-05   -4.707967e-06    6.758330e-06    9.263986e-07   -3.331124e-07    4.781859e-07
           1137   -2.145280e-01    8.886000e-03    5.953200e-02    5.528556e-06   -4.812041e-04   -5.748506e-06    2.717322e-05   -4.997096e-06    9.785323e-06    9.610662e-07   -3.535697e-07    6.923609e-07
           1138   -2.144230e-01    1.085500e-02    5.920500e-02    4.161116e-06   -4.813961e-04   -7.777694e-06    2.826314e-05   -7.817733e-06    8.356707e-06    9.996149e-07   -5.531442e-07    5.912793e-07
           1139   -2.143170e-01    1.281300e-02    5.881200e-02    4.034177e-06   -4.814333e-04   -8.332584e-06    2.945275e-05   -4.469024e-06    7.861061e-06    1.041689e-06   -3.162060e-07    5.562098e-07
           1140   -2.142120e-01    1.475700e-02    5.835500e-02    4.288942e-06   -4.813789e-04   -8.303489e-06    3.052695e-05   -6.304980e-06    9.877297e-06    1.079681e-06   -4.461091e-07    6.988686e-07
           1141   -2.141060e-01    1.668500e-02    5.783300e-02    4.631848e-06   -4.813540e-04   -8.354762e-06    3.175622e-05   -6.216509e-06    7.289151e-06    1.123158e-06   -4.398495e-07    5.157443e-07
           1142   -2.140000e-01    1.859400e-02    5.724800e-02    4.717329e-06   -4.816670e-04   -9.583570e-06    3.302059e-05   -6.362392e-06    9.432842e-06    1.167877e-06   -4.501715e-07    6.674213e-07
           1143   -2.138950e-01    2.048300e-02    5.659900e-02    4.302860e-06   -4.818390e-04   -1.037742e-05    3.427979e-05   -6.821799e-06    8.783030e-06    1.212412e-06   -4.826768e-07    6.214437e-07
           1144   -2.137890e-01    2.234900e-02    5.588900e-02    4.387518e-06   -4.818166e-04   -1.047078e-05    3.560375e-05   -5.452564e-06    8.015892e-06    1.259238e-06   -3.857965e-07    5.671648e-07
           1145   -2.136840e-01    2.419100e-02    5.511700e-02    4.922781e-06   -4.822137e-04   -1.149409e-05    3.694735e-05   -7.280445e-06    9.616442e-06    1.306759e-06   -5.151284e-07    6.804120e-07
           1146   -2.135780e-01    2.600600e-02    5.428400e-02    4.034931e-06   -4.822772e-04   -1.188153e-05    3.836352e-05   -6.777786e-06    8.532688e-06    1.356846e-06   -4.795626e-07    6.037309e-07
           1147   -2.134720e-01    2.779200e-02    5.339100e-02    4.660445e-06   -4.824071e-04   -1.219359e-05    3.980930e-05   -6.851326e-06    8.746391e-06    1.407981e-06   -4.847660e-07    6.188515e-07
           1148   -2.133670e-01    2.954800e-02    5.244000e-02    4.814578e-06   -4.832984e-04   -1.394730e-05    4.132060e-05   -7.151959e-06    8.775323e-06    1.461433e-06   -5.060373e-07    6.208985e-07
           1149   -2.132610e-01    3.127100e-02    5.143100e-02    4.876315e-06   -4.830279e-04   -1.360998e-05    4.282553e-05   -6.532225e-06    9.038175e-06    1.514659e-06   -4.621879e-07    6.394966e-07
           1150   -2.131550e-01    3.296000e-02    5.036500e-02    4.820398e-06   -4.830735e-04   -1.379105e-05    4.440760e-05   -7.869956e-06    9.272596e-06    1.570614e-06   -5.568393e-07    6.560831e-07
           1151   -2.130500e-01    3.461300e-02    4.924400e-02    4.781185e-06   -4.838448e-04   -1.506303e-05    4.603669e-05   -6.945430e-06    8.788539e-06    1.628232e-06   -4.914244e-07    6.218337e-07
           1152   -2.129440e-01    3.622700e-02    4.806900e-02    4.599799e-06   -4.842476e-04   -1.573495e-05    4.771518e-05   -8.318033e-06    9.327293e-06    1.687597e-06   -5.885430e-07    6.599532e-07
           1153   -2.128390e-01    3.780200e-02    4.684100e-02    4.626520e-06   -4.855279e-04   -1.746762e-05    4.949798e-05   -7.550297e-06    8.317123e-06    1.750652e-06   -5.342217e-07    5.884785e-07
           1154   -2.127330e-01    3.933500e-02    4.556100e-02    5.471369e-06   -4.849552e-04   -1.681257e-05    5.124023e-05   -6.437902e-06    9.799438e-06    1.812272e-06   -4.555141e-07    6.933599e-07
           1155   -2.126270e-01    4.082400e-02    4.423100e-02    4.651656e-06   -4.852105e-04   -1.723188e-05    5.307734e-05   -1.012750e-05    9.978563e-06    1.877247e-06   -7.165721e-07    7.060339e-07
           1156   -2.125220e-01    4.226900e-02    4.285300e-02    3.624718e-06   -4.871453e-04   -1.943080e-05    5.507627e-05   -7.725546e-06    7.756890e-06    1.947945e-06   -5.466217e-07    5.488394e-07
           1157   -2.124160e-01    4.366700e-02    4.142700e-02    5.407655e-06   -4.869742e-04   -1.921204e-05    5.704018e-05   -7.261526e-06    9.769542e-06    2.017405e-06   -5.137898e-07    6.912446e-07
           1158   -2.123110e-01    4.501700e-02    3.995600e-02    5.695551e-06   -4.876882e-04   -1.992544e-05    5.907354e-05   -9.511505e-06    9.765250e-06    2.089321e-06   -6.729871e-07    6.909409e-07
           1159   -2.122050e-01    4.631800e-02    3.844000e-02    5.228464e-06   -4.882661e-04   -2.052592e-05    6.122641e-05   -8.148390e-06    9.063167e-06    2.165465e-06   -5.765401e-07    6.412652e-07
           1160   -2.120990e-01    4.756800e-02    3.688300e-02    4.278608e-06   -4.892655e-04   -2.146362e-05    6.340307e-05   -9.602076e-06    9.729276e-06    2.242449e-06   -6.793956e-07    6.883956e-07
           1161   -2.119940e-01    4.876500e-02    3.528500e-02    4.562783e-06   -4.907081e-04   -2.260631e-05    6.569383e-05   -8.895454e-06    8.762117e-06    2.323468e-06   -6.293985e-07    6.199642e-07
           1162   -2.118880e-01    4.990900e-02    3.364800e-02    4.755925e-06   -4.909498e-04   -2.282973e-05    6.800082e-05   -8.664316e-06    1.003340e-05    2.405063e-06   -6.130443e-07    7.099144e-07
           1163   -2.117830e-01    5.099700e-02    3.197300e-02    6.064197e-06   -4.917927e-04   -2.335079e-05    7.039489e-05   -1.011618e-05    9.521296e-06    2.489736e-06   -7.157710e-07    6.736802e-07
           1164   -2.116770e-01    5.203000e-02    3.026400e-02    4.734928e-06   -4.929986e-04   -2.422880e-05    7.289411e-05   -9.334762e-06    9.592968e-06    2.578129e-06   -6.604818e-07    6.787512e-07
           1165   -2.115710e-01    5.300500e-02    2.852200e-02    4.508507e-06   -4.938616e-04   -2.478212e-05    7.542328e-05   -1.044192e-05    9.688924e-06    2.667581e-06   -7.388189e-07    6.855406e-07
           1166   -2.114660e-01    5.392200e-02    2.674800e-02    4.931194e-06   -4.959344e-04   -2.589334e-05    7.810361e-05   -9.753121e-06    8.843706e-06    2.762380e-06   -6.900829e-07    6.257372e-07
           1167   -2.113600e-01    5.478000e-02    2.494400e-02    5.541988e-06   -4.960580e-04   -2.597865e-05    8.076990e-05   -9.404888e-06    1.043967e-05    2.856681e-06   -6.654438e-07    7.386600e-07
           1168   -2.112550e-01    5.557700e-02    2.311300e-02    5.497788e-06   -4.974806e-04   -2.664930e-05    8.355339e-05   -1.183481e-05    1.002070e-05    2.955128e-06   -8.373729e-07    7.090154e-07
           1169   -2.111490e-01    5.631300e-02    2.125700e-02    4.764131e-06   -4.989133e-04   -2.731444e-05    8.647393e-05   -1.020898e-05    9.003659e-06    3.058422e-06   -7.223368e-07    6.370547e-07
           1170   -2.110430e-01    5.698700e-02    1.937700e-02    5.531530e-06   -5.003078e-04   -2.782600e-05    8.945464e-05   -1.105578e-05    9.908090e-06    3.163844e-06   -7.822526e-07    7.010479e-07
           1171   -2.109380e-01    5.759900e-02    1.747600e-02    5.108674e-06   -5.023123e-04   -2.856172e-05    9.253394e-05   -1.102480e-05    9.669331e-06    3.272753e-06   -7.800608e-07    6.841544e-07
           1172   -2.108320e-01    5.814700e-02    1.555600e-02    5.268115e-06   -5.028056e-04   -2.873945e-05    9.569668e-05   -1.098602e-05    1.017252e-05    3.384614e-06   -7.773172e-07    7.197577e-07
           1173   -2.107260e-01    5.863100e-02    1.361900e-02    5.088365e-06   -5.042495e-04   -2.915272e-05    9.897360e-05   -1.245433e-05    9.825326e-06    3.500512e-06   -8.812071e-07    6.951918e-07
           1174   -2.106210e-01    5.905000e-02    1.166600e-02    5.607316e-06   -5.070803e-04   -2.979035e-05    1.024167e-04   -1.160671e-05    9.262847e-06    3.622290e-06   -8.212343e-07    6.553936e-07
           1175   -2.105150e-01    5.940500e-02    9.701000e-03    4.939163e-06   -5.084239e-04   -3.012393e-05    1.058932e-04   -1.198526e-05    1.020889e-05    3.745247e-06   -8.480183e-07    7.223309e-07
           1176   -2.104100e-01    5.969400e-02    7.725000e-03    5.640944e-06   -5.101281e-04   -3.037860e-05    1.095216e-04   -1.223012e-05    9.506114e-06    3.873574e-06   -8.653437e-07    6.726062e-07
           1177   -2.103040e-01    5.991700e-02    5.741000e-03    5.606699e-06   -5.110275e-04   -3.052955e-05    1.132308e-04   -1.263384e-05    1.067014e-05    4.004761e-06   -8.939085e-07    7.549672e-07
           1178   -2.101980e-01    6.007500e-02    3.750000e-03    4.736881e-06   -5.136514e-04   -3.081858e-05    1.171128e-04   -1.376385e-05    8.948461e-06    4.142061e-06   -9.738633e-07    6.331495e-07
           1179   -2.100930e-01    6.016600e-02    1.755000e-03    5.861672e-06   -5.165694e-04   -3.094919e-05    1.211633e-04   -1.182752e-05    9.406503e-06    4.285321e-06   -8.368577e-07    6.655582e-07
           1180   -2.099870e-01    6.019100e-02   -2.420000e-04    5.781762e-06   -5.172268e-04   -3.101093e-05    1.252093e-04   -1.373274e-05    1.112101e-05    4.428420e-06   -9.716617e-07    7.868687e-07
           1181   -2.098820e-01    6.015000e-02   -2.238000e-03    5.344689e-06   -5.199927e-04   -3.100918e-05    1.295119e-04   -1.418251e-05    8.751360e-06    4.580595e-06   -1.003485e-06    6.192037e-07
           1182   -2.097760e-01    6.004300e-02   -4.232000e-03    5.333321e-06   -5.220421e-04   -3.094670e-05    1.339396e-04   -1.327203e-05    9.963285e-06    4.737194e-06   -9.390644e-07    7.049535e-07
           1183   -2.096700e-01    5.986900e-02   -6.221000e-03    5.889847e-06   -5.241460e-04   -3.076911e-05    1.384907e-04   -1.470269e-05    9.650399e-06    4.898158e-06   -1.040291e-06    6.828153e-07
           1184   -2.095650e-01    5.963000e-02   -8.204000e-03    5.710795e-06   -5.272108e-04   -3.046349e-05    1.432310e-04   -1.381475e-05    9.292186e-06    5.065813e-06   -9.774647e-07    6.574697e-07
           1185   -2.094590e-01    5.932500e-02   -1.017800e-02    5.983387e-06   -5.285820e-04   -3.028061e-05    1.480553e-04   -1.464018e-05    1.027754e-05    5.236442e-06   -1.035868e-06    7.271888e-07
           1186   -2.093540e-01    5.895500e-02   -1.214000e-02    5.626756e-06   -5.317521e-04   -2.973627e-05    1.531075e-04   -1.556492e-05    9.217958e-06    5.415126e-06   -1.101298e-06    6.522179e-07
           1187   -2.092480e-01    5.851900e-02   -1.408900e-02    5.625886e-06   -5.340113e-04   -2.927214e-05    1.583292e-04   -1.499735e-05    9.302485e-06    5.599809e-06   -1.061140e-06    6.581987e-07
           1188   -2.091420e-01    5.802000e-02   -1.602200e-02    5.811344e-06   -5.363814e-04   -2.869111e-05    1.636801e-04   -1.541841e-05    9.290839e-06    5.789060e-06   -1.090932e-06    6.573747e-07
           1189   -2.090370e-01    5.745600e-02   -1.793800e-02    6.835403e-06   -5.394819e-04   -2.777300e-05    1.692506e-04   -1.534768e-05    9.155285e-06    5.986078e-06   -1.085928e-06    6.477835e-07
           1190   -2.089310e-01    5.683000e-02   -1.983400e-02    6.109370e-06   -5.416285e-04   -2.715142e-05    1.749437e-04   -1.606893e-05    9.897389e-06    6.187433e-06   -1.136960e-06    7.002914e-07
           1191   -2.088260e-01    5.614100e-02   -2.170800e-02    5.916711e-06   -5.446801e-04   -2.607432e-05    1.808569e-04   -1.668480e-05    9.019236e-06    6.396572e-06   -1.180536e-06    6.381575e-07
           1192   -2.087200e-01    5.539000e-02   -2.355900e-02    5.818808e-06   -5.477644e-04   -2.486599e-05    1.869910e-04   -1.663443e-05    8.425837e-06    6.613523e-06   -1.176972e-06    5.961716e-07
           1193   -2.086140e-01    5.457800e-02   -2.538300e-02    6.457054e-06   -5.511104e-04   -2.338113e-05    1.933475e-04   -1.633088e-05    8.787233e-06    6.838341e-06   -1.155495e-06    6.217422e-07
           1194   -2.085090e-01    5.370600e-02   -2.718000e-02    6.081260e-06   -5.537369e-04   -2.218563e-05    1.998447e-04   -1.670585e-05    9.503265e-06    7.068136e-06   -1.182025e-06    6.724051e-07
           1195   -2.084030e-01    5.277400e-02   -2.894600e-02    6.634214e-06   -5.554170e-04   -2.129894e-05    2.065394e-04   -1.815801e-05    8.699808e-06    7.304913e-06   -1.284773e-06    6.155565e-07
           1196   -2.082970e-01    5.178500e-02   -3.068100e-02    6.300944e-06   -5.595165e-04   -1.901724e-05    2.135915e-04   -1.727152e-05    7.770111e-06    7.554334e-06   -1.222050e-06    5.497756e-07
           1197   -2.081920e-01    5.073900e-02   -3.238200e-02    6.269116e-06   -5.630344e-04   -1.691446e-05    2.207872e-04   -1.747411e-05    8.892506e-06    7.808832e-06   -1.236384e-06    6.291910e-07
           1198   -2.080860e-01    4.963700e-02   -3.404700e-02    6.717955e-06   -5.653844e-04   -1.536878e-05    2.282040e-04   -1.835664e-05    7.940864e-06    8.071152e-06   -1.298828e-06    5.618573e-07
           1199   -2.079810e-01    4.848000e-02   -3.567500e-02    6.988291e-06   -5.691592e-04   -1.271065e-05    2.359567e-04   -1.793795e-05    8.342650e-06    8.345351e-06   -1.269203e-06    5.902860e-07
           1200   -2.078750e-01    4.727000e-02   -3.726300e-02    6.510661e-06   -5.715415e-04   -1.096938e-05    2.438619e-04   -1.894714e-05    8.059793e-06    8.624943e-06   -1.340609e-06    5.702723e-07
           1201   -2.077690e-01    4.600800e-02   -3.881100e-02    6.863256e-06   -5.750886e-04   -8.086764e-06    2.521406e-04   -1.852368e-05    7.080809e-06    8.917744e-06   -1.310647e-06    5.010041e-07
           1202   -2.076640e-01    4.469500e-02   -4.031600e-02    6.915441e-06   -5.787989e-04   -4.908117e-06    2.606636e-04   -1.890719e-05    8.023725e-06    9.219187e-06   -1.337783e-06    5.677204e-07
           1203   -2.075580e-01    4.333300e-02   -4.177600e-02    7.109008e-06   -5.813807e-04   -2.527498e-06    2.694292e-04   -1.935818e-05    7.139093e-06    9.529210e-06   -1.369692e-06    5.051283e-07
           1204   -2.074530e-01    4.192400e-02   -4.319100e-02    7.172196e-06   -5.850876e-04    1.124107e-06    2.785599e-04   -1.897593e-05    7.307089e-06    9.852146e-06   -1.342646e-06    5.170148e-07
           1205   -2.073470e-01    4.046800e-02   -4.455700e-02    7.258969e-06   -5.878860e-04    4.070172e-06    2.879251e-04   -2.034429e-05    7.012457e-06    1.018337e-05   -1.439465e-06    4.961681e-07
           1206   -2.072410e-01    3.896800e-02   -4.587500e-02    7.123595e-06   -5.914276e-04    8.048692e-06    2.976911e-04   -1.923573e-05    6.097164e-06    1.052878e-05   -1.361029e-06    4.314063e-07
           1207   -2.071360e-01    3.742400e-02   -4.714300e-02    7.613786e-06   -5.946335e-04    1.192200e-05    3.077136e-04   -1.995303e-05    7.267743e-06    1.088326e-05   -1.411782e-06    5.142311e-07
           1208   -2.070300e-01    3.584000e-02   -4.835800e-02    7.465289e-06   -5.975506e-04    1.566804e-05    3.180843e-04   -2.067967e-05    5.665837e-06    1.125005e-05   -1.463195e-06    4.008877e-07
           1209   -2.069250e-01    3.421600e-02   -4.952000e-02    7.936187e-06   -6.009878e-04    2.045717e-05    3.288609e-04   -1.966483e-05    6.221952e-06    1.163120e-05   -1.391390e-06    4.402359e-07
           1210   -2.068190e-01    3.255500e-02   -5.062800e-02    7.687446e-06   -6.034917e-04    2.413012e-05    3.398830e-04   -2.106223e-05    6.214574e-06    1.202103e-05   -1.490264e-06    4.397139e-07
           1211   -2.067130e-01    3.085700e-02   -5.168000e-02    8.157383e-06   -6.068644e-04    2.958677e-05    3.514130e-04   -2.062201e-05    4.851692e-06    1.242883e-05   -1.459117e-06    3.432829e-07
           1212   -2.066080e-01    2.912600e-02   -5.267500e-02    7.981035e-06   -6.101562e-04    3.520898e-05    3.632834e-04   -2.037320e-05    5.544054e-06    1.284866e-05   -1.441512e-06    3.922711e-07
           1213   -2.065020e-01    2.736300e-02   -5.361300e-02    8.027970e-06   -6.126026e-04    3.974974e-05    3.754908e-04   -2.113125e-05    5.186029e-06    1.328041e-05   -1.495148e-06    3.669390e-07
           1214   -2.063970e-01    2.556900e-02   -5.449100e-02    8.796365e-06   -6.156175e-04    4.594942e-05    3.882030e-04   -2.111728e-05    4.835534e-06    1.373002e-05   -1.494160e-06    3.421397e-07
           1215   -2.062910e-01    2.374800e-02   -5.530900e-02    8.015433e-06   -6.183099e-04    5.177348e-05    4.012946e-04   -2.162391e-05    4.318546e-06    1.419304e-05   -1.530007e-06    3.055600e-07
           1216   -2.061850e-01    2.190000e-02   -5.606600e-02    8.336985e-06   -6.209756e-04    5.826544e-05    4.148883e-04   -2.062090e-05    3.713483e-06    1.467383e-05   -1.459039e-06    2.627487e-07
           1217   -2.060800e-01    2.002800e-02   -5.676200e-02    8.947483e-06   -6.232993e-04    6.449193e-05    4.288649e-04   -2.132642e-05    4.690391e-06    1.516815e-05   -1.508958e-06    3.318703e-07
           1218   -2.059740e-01    1.813400e-02   -5.739500e-02    9.061800e-06   -6.254643e-04    7.091832e-05    4.433319e-04   -2.194934e-05    3.379471e-06    1.567982e-05   -1.553033e-06    2.391156e-07
           1219   -2.058690e-01    1.622000e-02   -5.796500e-02    9.198507e-06   -6.278268e-04    7.878891e-05    4.583474e-04   -2.126878e-05    3.360311e-06    1.621090e-05   -1.504881e-06    2.377601e-07
           1220   -2.057630e-01    1.428800e-02   -5.847100e-02    9.186630e-06   -6.296797e-04    8.575850e-05    4.737948e-04   -2.160170e-05    3.218801e-06    1.675724e-05   -1.528436e-06    2.277474e-07
           1221   -2.056570e-01    1.234100e-02   -5.891300e-02    9.208999e-06   -6.315623e-04    9.396490e-05    4.898210e-04   -2.167779e-05    2.188597e-06    1.732406e-05   -1.533820e-06    1.548550e-07
           1222   -2.055520e-01    1.038000e-02   -5.929000e-02    9.574053e-06   -6.331850e-04    1.023424e-04    5.063735e-04   -2.139400e-05    2.933728e-06    1.790949e-05   -1.513741e-06    2.075771e-07
           1223   -2.054460e-01    8.407000e-03   -5.960100e-02    1.001834e-05   -6.343377e-04    1.096501e-04    5.234225e-04   -2.161231e-05    2.315825e-06    1.851248e-05   -1.529188e-06    1.638572e-07
           1224   -2.053400e-01    6.426000e-03   -5.984800e-02    1.017324e-05   -6.354869e-04    1.188067e-04    5.411226e-04   -2.173107e-05    2.017374e-06    1.913850e-05   -1.537591e-06    1.427402e-07
           1225   -2.052350e-01    4.437000e-03   -6.002800e-02    9.913834e-06   -6.363959e-04    1.283755e-04    5.594029e-04   -2.209581e-05    1.434740e-06    1.978504e-05   -1.563399e-06    1.015156e-07
           1226   -2.051290e-01    2.443000e-03   -6.014200e-02    1.010497e-05   -6.369359e-04    1.376119e-04    5.783120e-04   -2.110862e-05    1.090462e-06    2.045382e-05   -1.493550e-06    7.715613e-08
           1227   -2.050240e-01    4.470000e-04   -6.019000e-02    1.088029e-05   -6.371525e-04    1.473093e-04    5.978171e-04   -2.148009e-05    1.665681e-06    2.114368e-05   -1.519834e-06    1.178559e-07
           1228   -2.049180e-01   -1.550000e-03   -6.017200e-02    1.085053e-05   -6.370826e-04    1.570747e-04    6.179829e-04   -2.203785e-05    8.312099e-09    2.185691e-05   -1.559299e-06    5.881162e-10
           1229   -2.048120e-01   -3.545000e-03   -6.008700e-02    1.137815e-05   -6.366108e-04    1.679176e-04    6.389043e-04   -2.075205e-05    9.276441e-07    2.259686e-05   -1.468322e-06    6.563592e-08
           1230   -2.047070e-01   -5.536000e-03   -5.993600e-02    1.116613e-05   -6.358705e-04    1.782105e-04    6.604058e-04   -2.199383e-05    2.911554e-07    2.335733e-05   -1.556185e-06    2.060067e-08
           1231   -2.046010e-01   -7.521000e-03   -5.972000e-02    1.125045e-05   -6.346509e-04    1.894748e-04    6.827403e-04   -2.146071e-05   -1.027110e-06    2.414726e-05   -1.518464e-06   -7.267390e-08
           1232   -2.044960e-01   -9.498000e-03   -5.943700e-02    1.215648e-05   -6.329232e-04    2.013673e-04    7.058315e-04   -2.032321e-05    2.866052e-07    2.496395e-05   -1.437980e-06    2.027889e-08
           1233   -2.043900e-01   -1.146500e-02   -5.909000e-02    1.250529e-05   -6.310188e-04    2.121639e-04    7.295886e-04   -2.179620e-05   -2.959243e-07    2.580419e-05   -1.542203e-06   -2.093823e-08
           1234   -2.042840e-01   -1.341900e-02   -5.867700e-02    1.252016e-05   -6.283710e-04    2.247206e-04    7.542820e-04   -2.088337e-05   -1.268024e-06    2.667755e-05   -1.477615e-06   -8.971969e-08
           1235   -2.041790e-01   -1.535800e-02   -5.819900e-02    1.245509e-05   -6.253130e-04    2.372305e-04    7.797385e-04   -2.071929e-05   -1.359177e-06    2.757790e-05   -1.466006e-06   -9.616925e-08
           1236   -2.040730e-01   -1.728000e-02   -5.765800e-02    1.278198e-05   -6.218391e-04    2.495592e-04    8.060435e-04   -2.098818e-05   -1.355870e-06    2.850826e-05   -1.485032e-06   -9.593535e-08
           1237   -2.039680e-01   -1.918300e-02   -5.705300e-02    1.342454e-05   -6.176599e-04    2.626330e-04    8.332559e-04   -2.014973e-05   -1.815725e-06    2.947071e-05   -1.425707e-06   -1.284727e-07
           1238   -2.038620e-01   -2.106500e-02   -5.638500e-02    1.411772e-05   -6.130239e-04    2.756104e-04    8.613640e-04   -2.039310e-05   -2.026516e-06    3.046484e-05   -1.442928e-06   -1.433873e-07
           1239   -2.037560e-01   -2.292400e-02   -5.565500e-02    1.414298e-05   -6.076800e-04    2.892376e-04    8.904502e-04   -2.027360e-05   -1.859078e-06    3.149357e-05   -1.434473e-06   -1.315402e-07
           1240   -2.036510e-01   -2.475700e-02   -5.486400e-02    1.423989e-05   -6.018689e-04    3.027213e-04    9.204600e-04   -1.996521e-05   -2.660618e-06    3.255496e-05   -1.412653e-06   -1.882539e-07
           1241   -2.035450e-01   -2.656400e-02   -5.401300e-02    1.486610e-05   -5.951081e-04    3.169984e-04    9.515486e-04   -1.995050e-05   -2.630844e-06    3.365450e-05   -1.411613e-06   -1.861473e-07
           1242   -2.034400e-01   -2.834100e-02   -5.310200e-02    1.521946e-05   -5.876259e-04    3.315619e-04    9.836577e-04   -1.949105e-05   -2.910108e-06    3.479014e-05   -1.379104e-06   -2.059070e-07
           1243   -2.033340e-01   -3.008600e-02   -5.213300e-02    1.572068e-05   -5.797317e-04    3.457234e-04    1.016817e-03   -1.915804e-05   -3.300503e-06    3.596293e-05   -1.355542e-06   -2.335299e-07
           1244   -2.032280e-01   -3.179900e-02   -5.110600e-02    1.629452e-05   -5.709260e-04    3.603523e-04    1.051141e-03   -1.932873e-05   -2.659100e-06    3.717689e-05   -1.367620e-06   -1.881469e-07
           1245   -2.031230e-01   -3.347700e-02   -5.002300e-02    1.620946e-05   -5.614155e-04    3.750919e-04    1.086565e-03   -1.899848e-05   -3.685857e-06    3.842977e-05   -1.344254e-06   -2.607960e-07
           1246   -2.030170e-01   -3.511800e-02   -4.888500e-02    1.648352e-05   -5.508921e-04    3.902153e-04    1.123235e-03   -1.854712e-05   -4.504207e-06    3.972672e-05   -1.312317e-06   -3.186990e-07
           1247   -2.029110e-01   -3.672000e-02   -4.769300e-02    1.745095e-05   -5.393969e-04    4.055599e-04    1.161153e-03   -1.760265e-05   -3.048774e-06    4.106783e-05   -1.245491e-06   -2.157190e-07
           1248   -2.028060e-01   -3.828200e-02   -4.644900e-02    1.830214e-05   -5.274802e-04    4.204377e-04    1.200252e-03   -1.872491e-05   -3.872618e-06    4.245067e-05   -1.324898e-06   -2.740110e-07
           1249   -2.027000e-01   -3.980200e-02   -4.515300e-02    1.814973e-05   -5.142149e-04    4.359720e-04    1.240782e-03   -1.840008e-05   -4.654011e-06    4.388416e-05   -1.301916e-06   -3.292989e-07
           1250   -2.025950e-01   -4.127800e-02   -4.380800e-02    1.865260e-05   -5.000184e-04    4.514839e-04    1.282647e-03   -1.670220e-05   -3.886735e-06    4.536482e-05   -1.181781e-06   -2.750099e-07
           1251   -2.024890e-01   -4.270800e-02   -4.241500e-02    1.958956e-05   -4.851383e-04    4.666469e-04    1.325848e-03   -1.774118e-05   -4.321039e-06    4.689279e-05   -1.255295e-06   -3.057400e-07
           1252   -2.023830e-01   -4.409200e-02   -4.097500e-02    1.991693e-05   -4.685579e-04    4.825003e-04    1.370611e-03   -1.649284e-05   -4.729600e-06    4.847595e-05   -1.166968e-06   -3.346482e-07
           1253   -2.022780e-01   -4.542700e-02   -3.949000e-02    2.083544e-05   -4.514813e-04    4.977472e-04    1.416794e-03   -1.678295e-05   -4.261393e-06    5.010935e-05   -1.187496e-06   -3.015198e-07
           1254   -2.021720e-01   -4.671200e-02   -3.796100e-02    2.111124e-05   -4.334656e-04    5.128139e-04    1.464537e-03   -1.727973e-05   -4.892437e-06    5.179796e-05   -1.222646e-06   -3.461699e-07
           1255   -2.020670e-01   -4.794500e-02   -3.639100e-02    2.155250e-05   -4.137030e-04    5.282339e-04    1.513957e-03   -1.515725e-05   -5.345879e-06    5.354585e-05   -1.072469e-06   -3.782544e-07
           1256   -2.019610e-01   -4.912600e-02   -3.478000e-02    2.241738e-05   -3.930861e-04    5.432211e-04    1.565000e-03   -1.585753e-05   -4.559286e-06    5.535115e-05   -1.122019e-06   -3.225980e-07
           1257   -2.018550e-01   -5.025300e-02   -3.313200e-02    2.311891e-05   -3.712136e-04    5.580513e-04    1.617755e-03   -1.528147e-05   -4.986789e-06    5.721699e-05   -1.081259e-06   -3.528466e-07
           1258   -2.017500e-01   -5.132400e-02   -3.144600e-02    2.416753e-05   -3.482991e-04    5.724593e-04    1.672288e-03   -1.489628e-05   -5.283211e-06    5.914571e-05   -1.054005e-06   -3.738203e-07
           1259   -2.016440e-01   -5.233900e-02   -2.972700e-02    2.454254e-05   -3.238964e-04    5.867471e-04    1.728654e-03   -1.570679e-05   -5.077466e-06    6.113928e-05   -1.111355e-06   -3.592633e-07
           1260   -2.015390e-01   -5.329600e-02   -2.797400e-02    2.495589e-05   -2.981357e-04    6.006797e-04    1.786981e-03   -1.369152e-05   -5.330242e-06    6.320220e-05   -9.687618e-07   -3.771488e-07
           1261   -2.014330e-01   -5.419500e-02   -2.619100e-02    2.589822e-05   -2.711435e-04    6.141170e-04    1.847219e-03   -1.428992e-05   -4.980031e-06    6.533272e-05   -1.011104e-06   -3.523692e-07
           1262   -2.013270e-01   -5.503400e-02   -2.437900e-02    2.688599e-05   -2.426250e-04    6.271318e-04    1.909509e-03   -1.322384e-05   -5.380382e-06    6.753578e-05   -9.356719e-07   -3.806969e-07
           1263   -2.012220e-01   -5.581200e-02   -2.254000e-02    2.811341e-05   -2.130456e-04    6.394440e-04    1.973884e-03   -1.365430e-05   -5.168959e-06    6.981260e-05   -9.661303e-07   -3.657377e-07
           1264   -2.011160e-01   -5.652900e-02   -2.067600e-02    2.848776e-05   -1.820309e-04    6.512026e-04    2.040431e-03   -1.378358e-05   -5.545688e-06    7.216624e-05   -9.752786e-07   -3.923941e-07
           1265   -2.010110e-01   -5.718400e-02   -1.878900e-02    2.948788e-05   -1.490778e-04    6.624170e-04    2.109303e-03   -1.194122e-05   -4.954026e-06    7.460212e-05   -8.449202e-07   -3.505299e-07
           1266   -2.009050e-01   -5.777600e-02   -1.688200e-02    3.043360e-05   -1.150262e-04    6.727563e-04    2.180398e-03   -1.261147e-05   -5.373976e-06    7.711662e-05   -8.923457e-07   -3.802450e-07
           1267   -2.007990e-01   -5.830400e-02   -1.495600e-02    3.102561e-05   -7.937667e-05    6.823001e-04    2.253945e-03   -1.224498e-05   -5.714100e-06    7.971787e-05   -8.664146e-07   -4.043113e-07
           1268   -2.006940e-01   -5.876800e-02   -1.301400e-02    3.244578e-05   -4.231223e-05    6.908720e-04    2.329944e-03   -1.106979e-05   -4.901834e-06    8.240577e-05   -7.832629e-07   -3.468384e-07
           1269   -2.005880e-01   -5.916700e-02   -1.105700e-02    3.340522e-05   -3.900531e-06    6.984214e-04    2.408482e-03   -1.135886e-05   -5.820705e-06    8.518353e-05   -8.037168e-07   -4.118547e-07
           1270   -2.004820e-01   -5.950100e-02   -9.089000e-03    3.406840e-05    3.656339e-05    7.049988e-04    2.489757e-03   -1.058571e-05   -4.310240e-06    8.805806e-05   -7.490120e-07   -3.049802e-07
           1271   -2.003770e-01   -5.977000e-02   -7.110000e-03    3.530749e-05    7.781811e-05    7.102788e-04    2.573679e-03   -1.127879e-05   -5.028652e-06    9.102625e-05   -7.980524e-07   -3.558130e-07
           1272   -2.002710e-01   -5.997300e-02   -5.123000e-03    3.657723e-05    1.215112e-04    7.143662e-04    2.660531e-03   -1.022985e-05   -5.490019e-06    9.409802e-05   -7.238339e-07   -3.884579e-07
           1273   -2.001660e-01   -6.011000e-02   -3.131000e-03    3.815114e-05    1.668268e-04    7.170742e-04    2.750287e-03   -9.607833e-06   -4.458297e-06    9.727254e-05   -6.798221e-07   -3.154566e-07
           1274   -2.000600e-01   -6.018100e-02   -1.135000e-03    3.890042e-05    2.131293e-04    7.183349e-04    2.842993e-03   -9.745851e-06   -5.440133e-06    1.005514e-04   -6.895888e-07   -3.849283e-07
           1275   -1.999540e-01   -6.018500e-02    8.620000e-04    4.007525e-05    2.612593e-04    7.179869e-04    2.938915e-03   -8.411434e-06   -4.059978e-06    1.039439e-04   -5.951699e-07   -2.872728e-07
           1276   -1.998490e-01   -6.012400e-02    2.858000e-03    4.192059e-05    3.111834e-04    7.159432e-04    3.038055e-03   -9.569230e-06   -4.385764e-06    1.074504e-04   -6.770931e-07   -3.103249e-07
           1277   -1.997430e-01   -5.999600e-02    4.850000e-03    4.269344e-05    3.626364e-04    7.121404e-04    3.140521e-03   -8.978040e-06   -4.980617e-06    1.110744e-04   -6.352623e-07   -3.524166e-07
           1278   -1.996380e-01   -5.980200e-02    6.838000e-03    4.427669e-05    4.152786e-04    7.064399e-04    3.246449e-03   -7.668487e-06   -4.063019e-06    1.148209e-04   -5.426025e-07   -2.874896e-07
           1279   -1.995320e-01   -5.954200e-02    8.818000e-03    4.593342e-05    4.695477e-04    6.986892e-04    3.355897e-03   -7.368283e-06   -5.033419e-06    1.186918e-04   -5.213615e-07   -3.561531e-07
           1280   -1.994260e-01   -5.921700e-02    1.078800e-02    4.740177e-05    5.261685e-04    6.886679e-04    3.469114e-03   -6.992741e-06   -4.233623e-06    1.226961e-04   -4.947893e-07   -2.995625e-07
           1281   -1.993210e-01   -5.882600e-02    1.274700e-02    4.892567e-05    5.836048e-04    6.764917e-04    3.586148e-03   -7.449697e-06   -4.374942e-06    1.268354e-04   -5.271234e-07   -3.095616e-07
           1282   -1.992150e-01   -5.837100e-02    1.469100e-02    5.022782e-05    6.424233e-04    6.619709e-04    3.707061e-03   -7.768644e-06   -2.887160e-06    1.311118e-04   -5.496919e-07   -2.042900e-07
           1283   -1.991100e-01   -5.785200e-02    1.661900e-02    5.205142e-05    7.030052e-04    6.447985e-04    3.832067e-03   -5.794155e-06   -4.214794e-06    1.355331e-04   -4.099820e-07   -2.982312e-07
           1284   -1.990040e-01   -5.726900e-02    1.852900e-02    5.388740e-05    7.655417e-04    6.247617e-04    3.961378e-03   -5.869962e-06   -3.161276e-06    1.401066e-04   -4.153464e-07   -2.236869e-07
           1285   -1.988980e-01   -5.662300e-02    2.041900e-02    5.582097e-05    8.291022e-04    6.020149e-04    4.094976e-03   -5.101912e-06   -3.794919e-06    1.448317e-04   -3.610014e-07   -2.685219e-07
           1286   -1.987930e-01   -5.591400e-02    2.228600e-02    5.775373e-05    8.933750e-04    5.765260e-04    4.233049e-03   -6.030024e-06   -3.523874e-06    1.497151e-04   -4.266736e-07   -2.493434e-07
           1287   -1.986870e-01   -5.514400e-02    2.412800e-02    5.907918e-05    9.592978e-04    5.478060e-04    4.375772e-03   -5.442683e-06   -4.478159e-06    1.547629e-04   -3.851148e-07   -3.168682e-07
           1288   -1.985820e-01   -5.431300e-02    2.594400e-02    6.143224e-05    1.026464e-03    5.157492e-04    4.523338e-03   -3.794609e-06   -2.832869e-06    1.599821e-04   -2.685002e-07   -2.004504e-07
           1289   -1.984760e-01   -5.342300e-02    2.773100e-02    6.363510e-05    1.095045e-03    4.801437e-04    4.675870e-03   -4.134797e-06   -3.359757e-06    1.653768e-04   -2.925715e-07   -2.377338e-07
           1290   -1.983700e-01   -5.247300e-02    2.948800e-02    6.537196e-05    1.164033e-03    4.413294e-04    4.833507e-03   -3.741148e-06   -2.063292e-06    1.709522e-04   -2.647179e-07   -1.459979e-07
           1291   -1.982650e-01   -5.146600e-02    3.121300e-02    6.786685e-05    1.234561e-03    3.984127e-04    4.996545e-03   -3.971576e-06   -3.193221e-06    1.767185e-04   -2.810235e-07   -2.259497e-07
           1292   -1.981590e-01   -5.040300e-02    3.290300e-02    6.987237e-05    1.306099e-03    3.515447e-04    5.164993e-03   -3.932898e-06   -1.193606e-06    1.826762e-04   -2.782871e-07   -8.446000e-08
           1293   -1.980530e-01   -4.928400e-02    3.455700e-02    7.207849e-05    1.378323e-03    3.006128e-04    5.339216e-03   -2.161940e-06   -2.121873e-06    1.888381e-04   -1.529762e-07   -1.501431e-07
           1294   -1.979480e-01   -4.811000e-02    3.617200e-02    7.491202e-05    1.450434e-03    2.459344e-04    5.519179e-03   -3.334482e-06   -2.425475e-06    1.952031e-04   -2.359445e-07   -1.716265e-07
           1295   -1.978420e-01   -4.688400e-02    3.774800e-02    7.693237e-05    1.523360e-03    1.867576e-04    5.705145e-03   -3.635935e-06   -1.572813e-06    2.017803e-04   -2.572755e-07   -1.112938e-07
           1296   -1.977370e-01   -4.560600e-02    3.928300e-02    7.977763e-05    1.597138e-03    1.225354e-04    5.897564e-03   -1.109054e-06   -1.790846e-06    2.085859e-04   -7.847552e-08   -1.267213e-07
           1297   -1.976310e-01   -4.427800e-02    4.077400e-02    8.250837e-05    1.671106e-03    5.358245e-05    6.096368e-03   -1.133138e-06   -2.435661e-06    2.156172e-04   -8.017940e-08   -1.723496e-07
           1298   -1.975250e-01   -4.290100e-02    4.222000e-02    8.518871e-05    1.744817e-03   -1.996479e-05    6.301813e-03   -8.020615e-07   -7.853832e-07    2.228834e-04   -5.675207e-08   -5.557763e-08
           1299   -1.974200e-01   -4.147700e-02    4.362000e-02    8.841989e-05    1.818382e-03   -9.854909e-05    6.514159e-03   -2.041808e-06   -1.547785e-06    2.303937e-04   -1.444770e-07   -1.095248e-07
           1300   -1.973140e-01   -4.000700e-02    4.497200e-02    9.089366e-05    1.891752e-03   -1.824440e-04    6.733637e-03   -1.308855e-06   -2.754292e-06    2.381562e-04   -9.261379e-08   -1.948970e-07
           1301   -1.972090e-01   -3.849300e-02    4.627400e-02    9.425428e-05    1.964539e-03   -2.717213e-04    6.960559e-03    1.075232e-07    2.181805e-07    2.461820e-04    7.609628e-09    1.543413e-08
           1302   -1.971030e-01   -3.693700e-02    4.752600e-02    9.748333e-05    2.037066e-03   -3.670971e-04    7.195190e-03    2.428724e-07   -8.047427e-07    2.544805e-04    1.718718e-08   -5.694847e-08
           1303   -1.969970e-01   -3.534000e-02    4.872500e-02    1.005494e-04    2.108273e-03   -4.677094e-04    7.437535e-03    8.932284e-07   -9.261894e-07    2.630518e-04    6.320664e-08   -6.554092e-08
           1304   -1.968920e-01   -3.370400e-02    4.987000e-02    1.042458e-04    2.178052e-03   -5.739011e-04    7.688024e-03   -5.507309e-07   -4.588328e-07    2.719111e-04   -3.896923e-08   -3.247010e-08
           1305   -1.967860e-01   -3.203100e-02    5.096100e-02    1.076265e-04    2.246899e-03   -6.868462e-04    7.947057e-03   -9.037831e-08   -9.031319e-07    2.810726e-04   -6.394714e-09   -6.390860e-08
           1306   -1.966810e-01   -3.032300e-02    5.199500e-02    1.115759e-04    2.313705e-03   -8.054929e-04    8.214595e-03    1.581549e-06    6.248520e-07    2.905349e-04    1.119132e-07    4.421190e-08
           1307   -1.965750e-01   -2.858200e-02    5.297300e-02    1.151118e-04    2.379113e-03   -9.314511e-04    8.491267e-03    1.756748e-06    2.618763e-07    3.003203e-04    1.243112e-07    1.852686e-08
           1308   -1.964690e-01   -2.680900e-02    5.389200e-02    1.189160e-04    2.441996e-03   -1.063568e-03    8.777231e-03    2.669821e-06    2.583183e-07    3.104343e-04    1.889223e-07    1.827516e-08
           1309   -1.963640e-01   -2.500600e-02    5.475100e-02    1.233118e-04    2.501972e-03   -1.201801e-03    9.072736e-03    9.607029e-07   -7.302406e-07    3.208858e-04    6.798234e-08   -5.167703e-08
           1310   -1.962580e-01   -2.317600e-02    5.555100e-02    1.271759e-04    2.559470e-03   -1.347617e-03    9.378133e-03    1.078390e-06    3.493260e-07    3.316871e-04    7.631007e-08    2.471597e-08
           1311   -1.961530e-01   -2.132100e-02    5.628900e-02    1.320034e-04    2.613443e-03   -1.499903e-03    9.693574e-03    3.937270e-06   -3.782334e-07    3.428437e-04    2.786121e-07   -2.677098e-08
           1312   -1.960470e-01   -1.944200e-02    5.696500e-02    1.361425e-04    2.663890e-03   -1.659506e-03    1.001979e-02    3.160956e-06    9.567084e-07    3.543812e-04    2.236798e-07    6.769142e-08
           1313   -1.959410e-01   -1.754200e-02    5.757900e-02    1.406051e-04    2.710524e-03   -1.826915e-03    1.035705e-02    4.019634e-06    1.808505e-06    3.663097e-04    2.844438e-07    1.279661e-07
           1314   -1.958360e-01   -1.562200e-02    5.812900e-02    1.459106e-04    2.752461e-03   -2.000816e-03    1.070543e-02    2.217099e-06    3.853747e-07    3.786312e-04    1.568912e-07    2.726301e-08
           1315   -1.957300e-01   -1.368500e-02    5.861500e-02    1.504140e-04    2.789616e-03   -2.182050e-03    1.106537e-02    3.572820e-06    1.521556e-06    3.913614e-04    2.528267e-07    1.076644e-07
           1316   -1.956240e-01   -1.173300e-02    5.903700e-02    1.553861e-04    2.821607e-03   -2.371291e-03    1.143746e-02    4.567974e-06    3.083132e-06    4.045217e-04    3.232483e-07    2.181685e-07
           1317   -1.955190e-01   -9.769000e-03    5.939400e-02    1.612718e-04    2.847839e-03   -2.568279e-03    1.182189e-02    3.539348e-06   -8.170209e-07    4.181183e-04    2.504617e-07   -5.782613e-08
           1318   -1.954130e-01   -7.793000e-03    5.968500e-02    1.664049e-04    2.867822e-03   -2.772581e-03    1.221933e-02    2.819402e-06    1.613786e-06    4.321749e-04    1.995157e-07    1.141884e-07
           1319   -1.953080e-01   -5.809000e-03    5.991100e-02    1.726157e-04    2.881118e-03   -2.984808e-03    1.262990e-02    6.247472e-06    6.140181e-07    4.466962e-04    4.421021e-07    4.344065e-08
           1320   -1.952020e-01   -3.818000e-03    6.007000e-02    1.781046e-04    2.887124e-03   -3.204216e-03    1.305415e-02    6.083776e-06    3.043824e-07    4.617010e-04    4.305201e-07    2.153092e-08
           1321   -1.950960e-01   -1.824000e-03    6.016400e-02    1.839346e-04    2.885447e-03   -3.432012e-03    1.349253e-02    6.053908e-06    3.399113e-06    4.772056e-04    4.284111e-07    2.405245e-07
           1322   -1.949910e-01    1.730000e-04    6.019100e-02    1.909739e-04    2.875350e-03   -3.666790e-03    1.394556e-02    4.016816e-06    1.518878e-06    4.932287e-04    2.842572e-07    1.074686e-07
           1323   -1.948850e-01    2.170000e-03    6.015200e-02    1.973001e-04    2.856379e-03   -3.909602e-03    1.441374e-02    4.249390e-06    1.193832e-06    5.097870e-04    3.007160e-07    8.446932e-08
           1324   -1.947800e-01    4.164000e-03    6.004700e-02    2.044608e-04    2.827820e-03   -4.160345e-03    1.489749e-02    7.129465e-06    2.157118e-06    5.268964e-04    5.045295e-07    1.526369e-07
           1325   -1.946740e-01    6.154000e-03    5.987600e-02    2.112078e-04    2.789092e-03   -4.418932e-03    1.539740e-02    7.501718e-06    1.736153e-06    5.445775e-04    5.308751e-07    1.228491e-07
           1326   -1.945680e-01    8.136000e-03    5.963900e-02    2.182722e-04    2.739628e-03   -4.684454e-03    1.591360e-02    8.201392e-06    1.427106e-06    5.628345e-04    5.803951e-07    1.009726e-07
           1327   -1.944630e-01    1.011000e-02    5.933600e-02    2.263617e-04    2.678652e-03   -4.957181e-03    1.644700e-02    5.626458e-06   -2.547677e-07    5.816997e-04    3.981770e-07   -1.805029e-08
           1328   -1.943570e-01    1.207300e-02    5.896800e-02    2.338312e-04    2.605520e-03   -5.237368e-03    1.699819e-02    4.908559e-06    2.579225e-06    6.011942e-04    3.473738e-07    1.825065e-07
           1329   -1.942520e-01    1.402200e-02    5.853500e-02    2.424055e-04    2.519499e-03   -5.524248e-03    1.756764e-02    8.199831e-06    3.103596e-06    6.213349e-04    5.802934e-07    2.196157e-07
           1330   -1.941460e-01    1.595600e-02    5.803800e-02    2.506332e-04    2.419784e-03   -5.818355e-03    1.815614e-02    7.695928e-06    5.728398e-06    6.421491e-04    5.446375e-07    4.053695e-07
           1331   -1.940400e-01    1.787300e-02    5.747700e-02    2.591973e-04    2.305674e-03   -6.118944e-03    1.876410e-02    8.960240e-06    2.935929e-06    6.636513e-04    6.341151e-07    2.077541e-07
           1332   -1.939350e-01    1.977000e-02    5.685200e-02    2.686369e-04    2.176502e-03   -6.425148e-03    1.939196e-02    6.628996e-06    2.728266e-07    6.858577e-04    4.691383e-07    1.928720e-08
           1333   -1.938290e-01    2.164500e-02    5.616500e-02    2.775173e-04    2.031340e-03   -6.737484e-03    2.004047e-02    6.591088e-06    6.954360e-07    7.087943e-04    4.664586e-07    4.919411e-08
           1334   -1.937240e-01    2.349600e-02    5.541600e-02    2.877348e-04    1.869404e-03   -7.055045e-03    2.071032e-02    1.055814e-05    1.467124e-07    7.324856e-04    7.472123e-07    1.035960e-08
           1335   -1.936180e-01    2.532100e-02    5.460600e-02    2.975729e-04    1.689959e-03   -7.377512e-03    2.140239e-02    9.024436e-06    6.090748e-06    7.569626e-04    6.386788e-07    4.310205e-07
           1336   -1.935120e-01    2.711900e-02    5.373700e-02    3.078391e-04    1.491625e-03   -7.705440e-03    2.211722e-02    1.101118e-05    1.305183e-06    7.822448e-04    7.792894e-07    9.234145e-08
           1337   -1.934070e-01    2.888600e-02    5.280700e-02    3.190606e-04    1.274723e-03   -8.035619e-03    2.285522e-02    7.507453e-06    1.684944e-06    8.083468e-04    5.313298e-07    1.192147e-07
           1338   -1.933010e-01    3.062200e-02    5.182000e-02    3.298396e-04    1.037157e-03   -8.370162e-03    2.361770e-02    9.460915e-06    3.666508e-06    8.353143e-04    6.695873e-07    2.594529e-07
           1339   -1.931950e-01    3.232400e-02    5.077600e-02    3.412426e-04    7.786301e-04   -8.707157e-03    2.440500e-02    9.648717e-06    6.341586e-06    8.631596e-04    6.828857e-07    4.487765e-07
           1340   -1.930900e-01    3.399100e-02    4.967600e-02    3.538538e-04    4.978577e-04   -9.046306e-03    2.521806e-02    8.781561e-06   -1.634478e-06    8.919158e-04    6.215184e-07   -1.157159e-07
           1341   -1.929840e-01    3.562000e-02    4.852100e-02    3.658337e-04    1.943403e-04   -9.386322e-03    2.605759e-02    8.624640e-06   -1.107313e-06    9.216086e-04    6.104190e-07   -7.841390e-08
           1342   -1.928790e-01    3.721000e-02    4.731200e-02    3.793179e-04   -1.328529e-04   -9.726292e-03    2.692459e-02    1.171414e-05    2.588044e-06    9.522728e-04    8.290849e-07    1.831249e-07
           1343   -1.927730e-01    3.875900e-02    4.605200e-02    3.925164e-04   -4.849871e-04   -1.006598e-02    2.781944e-02    1.180417e-05    3.678928e-06    9.839220e-04    8.354673e-07    2.603292e-07
           1344   -1.926670e-01    4.026500e-02    4.474100e-02    4.062046e-04   -8.625489e-04   -1.040361e-02    2.874320e-02    1.156533e-05    4.494199e-06    1.016594e-03    8.185730e-07    3.180321e-07
           1345   -1.925620e-01    4.172700e-02    4.338100e-02    4.212026e-04   -1.267013e-03   -1.073866e-02    2.969703e-02    8.297160e-06    2.685279e-06    1.050329e-03    5.872705e-07    1.899989e-07
           1346   -1.924560e-01    4.314300e-02    4.197300e-02    4.357912e-04   -1.698921e-03   -1.106962e-02    3.068168e-02    8.127739e-06    3.044610e-06    1.085154e-03    5.752843e-07    2.154293e-07
           1347   -1.923510e-01    4.451200e-02    4.051900e-02    4.518966e-04   -2.159697e-03   -1.139557e-02    3.169798e-02    1.334104e-05    1.649809e-06    1.121099e-03    9.442813e-07    1.167100e-07
           1348   -1.922450e-01    4.583100e-02    3.902000e-02    4.677855e-04   -2.649098e-03   -1.171417e-02    3.274659e-02    1.351513e-05    2.617919e-06    1.158186e-03    9.566186e-07    1.852250e-07
           1349   -1.921390e-01    4.710000e-02    3.747800e-02    4.843029e-04   -3.168998e-03   -1.202479e-02    3.382864e-02    1.409179e-05    1.873414e-07    1.196456e-03    9.974497e-07    1.318494e-08
           1350   -1.920340e-01    4.831700e-02    3.589500e-02    5.022357e-04   -3.720039e-03   -1.232560e-02    3.494502e-02    9.231018e-06    8.811185e-07    1.235940e-03    6.534121e-07    6.227947e-08
           1351   -1.919280e-01    4.948200e-02    3.427200e-02    5.199337e-04   -4.303834e-03   -1.261548e-02    3.609749e-02    9.386680e-06    1.418419e-06    1.276701e-03    6.644332e-07    1.003209e-07
           1352   -1.918230e-01    5.059100e-02    3.261200e-02    5.392504e-04   -4.919481e-03   -1.289135e-02    3.728570e-02    1.464057e-05    6.008486e-07    1.318726e-03    1.036330e-06    4.244157e-08
           1353   -1.917170e-01    5.164500e-02    3.091600e-02    5.585040e-04   -5.569208e-03   -1.315231e-02    3.851151e-02    1.480603e-05    2.818750e-06    1.362081e-03    1.048060e-06    1.994285e-07
           1354   -1.916110e-01    5.264200e-02    2.918600e-02    5.785232e-04   -6.253001e-03   -1.339583e-02    3.977565e-02    1.416509e-05    3.439724e-06    1.406791e-03    1.002711e-06    2.433753e-07
           1355   -1.915060e-01    5.358100e-02    2.742300e-02    6.001795e-04   -6.971611e-03   -1.361959e-02    4.107924e-02    9.916170e-06    1.803695e-06    1.452896e-03    7.019594e-07    1.275721e-07
           1356   -1.914000e-01    5.446200e-02    2.563100e-02    6.216714e-04   -7.726711e-03   -1.382204e-02    4.242298e-02    1.117159e-05   -1.092922e-06    1.500422e-03    7.908372e-07   -7.748076e-08
           1357   -1.912950e-01    5.528200e-02    2.381000e-02    6.449994e-04   -8.517029e-03   -1.399947e-02    4.380812e-02    1.661167e-05   -2.728557e-06    1.549412e-03    1.175943e-06   -1.932713e-07
           1358   -1.911890e-01    5.604100e-02    2.196300e-02    6.684060e-04   -9.343716e-03   -1.414982e-02    4.523550e-02    1.678940e-05   -3.625464e-07    1.599896e-03    1.188546e-06   -2.579327e-08
           1359   -1.910830e-01    5.673900e-02    2.009200e-02    6.927623e-04   -1.020773e-02   -1.427055e-02    4.670646e-02    1.472315e-05    5.512178e-06    1.651920e-03    1.042298e-06    3.900777e-07
           1360   -1.909780e-01    5.737400e-02    1.819900e-02    7.189440e-04   -1.110817e-02   -1.435815e-02    4.822157e-02    1.068786e-05    3.066569e-06    1.705507e-03    7.566541e-07    2.169418e-07
           1361   -1.908720e-01    5.794700e-02    1.628600e-02    7.451809e-04   -1.204690e-02   -1.441010e-02    4.978194e-02    1.193462e-05   -1.235749e-06    1.760695e-03    8.449265e-07   -8.763163e-08
           1362   -1.907670e-01    5.845500e-02    1.435500e-02    7.734709e-04   -1.302148e-02   -1.442230e-02    5.138833e-02    1.641090e-05    8.365168e-07    1.817510e-03    1.161836e-06    5.905349e-08
           1363   -1.906610e-01    5.889900e-02    1.240800e-02    8.020417e-04   -1.403320e-02   -1.439175e-02    5.304205e-02    1.627726e-05   -4.743342e-07    1.875999e-03    1.152401e-06   -3.375681e-08
           1364   -1.905550e-01    5.927800e-02    1.044700e-02    8.317749e-04   -1.508120e-02   -1.431460e-02    5.474368e-02    1.305416e-05    2.635876e-06    1.936182e-03    9.242367e-07    1.864373e-07
           1365   -1.904500e-01    5.959200e-02    8.475000e-03    8.636847e-04   -1.616491e-02   -1.418708e-02    5.649372e-02    1.849871e-05    1.708890e-06    1.998078e-03    1.309720e-06    1.207918e-07
           1366   -1.903440e-01    5.984000e-02    6.494000e-03    8.960068e-04   -1.728300e-02   -1.400504e-02    5.829265e-02    2.081761e-05   -3.985799e-06    2.061703e-03    1.473933e-06   -2.824090e-07
           1367   -1.902380e-01    6.002200e-02    4.505000e-03    9.297422e-04   -1.843500e-02   -1.376416e-02    6.014220e-02    1.858622e-05    4.256435e-07    2.127118e-03    1.315985e-06    2.990782e-08
           1368   -1.901330e-01    6.013900e-02    2.512000e-03    9.657569e-04   -1.961965e-02   -1.346032e-02    6.204185e-02    1.442016e-05   -3.088324e-06    2.194305e-03    1.021054e-06   -2.189136e-07
           1369   -1.900270e-01    6.018900e-02    5.150000e-04    1.002357e-03   -2.083466e-02   -1.308843e-02    6.399292e-02    1.473154e-05   -2.499728e-06    2.263311e-03    1.043115e-06   -1.772387e-07
           1370   -1.899220e-01    6.017300e-02   -1.482000e-03    1.041503e-03   -2.207773e-02   -1.264402e-02    6.599471e-02    1.999396e-05    1.658831e-06    2.334110e-03    1.415744e-06    1.171884e-07
           1371   -1.898160e-01    6.009100e-02   -3.477000e-03    1.081407e-03   -2.334640e-02   -1.212218e-02    6.804733e-02    2.095640e-05    3.093621e-06    2.406707e-03    1.483934e-06    2.187608e-07
           1372   -1.897100e-01    5.994200e-02   -5.468000e-03    1.123082e-03   -2.463672e-02   -1.151767e-02    7.015066e-02    2.056791e-05    6.732589e-07    2.481099e-03    1.456473e-06    4.735921e-08
           1373   -1.896050e-01    5.972800e-02   -7.454000e-03    1.167554e-03   -2.594765e-02   -1.082479e-02    7.230574e-02    1.426182e-05    3.340712e-06    2.557320e-03    1.009973e-06    2.362394e-07
           1374   -1.894990e-01    5.944800e-02   -9.431000e-03    1.212944e-03   -2.727269e-02   -1.003877e-02    7.451048e-02    1.655476e-05   -1.808512e-06    2.635297e-03    1.172360e-06   -1.283952e-07
           1375   -1.893940e-01    5.910300e-02   -1.139800e-02    1.261365e-03   -2.860854e-02   -9.153570e-03    7.676429e-02    2.311605e-05   -7.884228e-07    2.715010e-03    1.637011e-06   -5.616675e-08
           1376   -1.892880e-01    5.869200e-02   -1.335200e-02    1.311027e-03   -2.994798e-02   -8.164207e-03    7.906559e-02    2.429026e-05    1.721724e-06    2.796403e-03    1.720217e-06    1.215576e-07
           1377   -1.891820e-01    5.821700e-02   -1.529200e-02    1.362969e-03   -3.128697e-02   -7.064470e-03    8.141321e-02    2.227474e-05    5.796290e-06    2.879434e-03    1.577533e-06    4.101112e-07
           1378   -1.890770e-01    5.767800e-02   -1.721400e-02    1.418126e-03   -3.261640e-02   -5.849902e-03    8.380366e-02    1.969292e-05   -2.692046e-06    2.963980e-03    1.394743e-06   -1.910430e-07
           1379   -1.889710e-01    5.707500e-02   -1.911800e-02    1.474887e-03   -3.392998e-02   -4.513751e-03    8.623622e-02    2.177637e-05   -7.792376e-06    3.050015e-03    1.542330e-06   -5.522779e-07
           1380   -1.888660e-01    5.640900e-02   -2.100100e-02    1.535311e-03   -3.521813e-02   -3.051393e-03    8.870697e-02    2.783248e-05   -4.092493e-06    3.137401e-03    1.971281e-06   -2.902852e-07
           1381   -1.887600e-01    5.568100e-02   -2.286000e-02    1.597529e-03   -3.647031e-02   -1.458867e-03    9.121078e-02    2.792125e-05    2.114597e-06    3.225956e-03    1.977638e-06    1.492772e-07
           1382   -1.886540e-01    5.489200e-02   -2.469500e-02    1.662754e-03   -3.767736e-02    2.700353e-04    9.374408e-02    2.767071e-05    1.095235e-06    3.315554e-03    1.959953e-06    7.709241e-08
           1383   -1.885490e-01    5.404300e-02   -2.650200e-02    1.731852e-03   -3.882524e-02    2.137218e-03    9.629971e-02    2.143747e-05    2.949877e-06    3.405942e-03    1.518530e-06    2.084089e-07
           1384   -1.884430e-01    5.313400e-02   -2.828000e-02    1.803211e-03   -3.990085e-02    4.146643e-03    9.887214e-02    2.333352e-05   -1.127599e-06    3.496924e-03    1.652865e-06   -8.040661e-08
           1385   -1.883380e-01    5.216700e-02   -3.002700e-02    1.878902e-03   -4.088976e-02    6.300209e-03    1.014531e-01    3.020867e-05   -1.155626e-06    3.588208e-03    2.139887e-06   -8.241841e-08
           1386   -1.882320e-01    5.114200e-02   -3.174100e-02    1.957243e-03   -4.177528e-02    8.598639e-03    1.040339e-01    3.092016e-05   -1.153676e-07    3.679484e-03    2.190349e-06   -8.738425e-09
           1387   -1.881260e-01    5.006100e-02   -3.342000e-02    2.039193e-03   -4.254028e-02    1.104067e-02    1.066030e-01    2.787885e-05    4.621106e-06    3.770349e-03    1.974978e-06    3.267633e-07
           1388   -1.880210e-01    4.892500e-02   -3.506200e-02    2.125935e-03   -4.316589e-02    1.362319e-02    1.091484e-01    3.282385e-05    1.013360e-05    3.860376e-03    2.325325e-06    7.172530e-07
           1389   -1.879150e-01    4.773500e-02   -3.666600e-02    2.215743e-03   -4.363281e-02    1.634241e-02    1.116579e-01    3.723349e-05    3.753288e-06    3.949133e-03    2.637761e-06    2.653178e-07
           1390   -1.878090e-01    4.649200e-02   -3.822900e-02    2.309600e-03   -4.391940e-02    1.918894e-02    1.141156e-01    3.601926e-05    7.543596e-06    4.036056e-03    2.551821e-06    5.338334e-07
           1391   -1.877040e-01    4.519900e-02   -3.975100e-02    2.408514e-03   -4.400641e-02    2.215367e-02    1.165053e-01    3.189723e-05    4.733505e-06    4.120576e-03    2.259868e-06    3.347704e-07
           1392   -1.875980e-01    4.385500e-02   -4.122800e-02    2.510640e-03   -4.386998e-02    2.522001e-02    1.188071e-01    3.420965e-05    1.419859e-06    4.201986e-03    2.423738e-06    1.000335e-07
           1393   -1.874930e-01    4.246300e-02   -4.266000e-02    2.617980e-03   -4.349109e-02    2.837149e-02    1.210005e-01    4.032733e-05    7.041031e-06    4.279564e-03    2.857195e-06    4.983012e-07
           1394   -1.873870e-01    4.102500e-02   -4.404500e-02    2.728546e-03   -4.285057e-02    3.158500e-02    1.230647e-01    4.079784e-05    1.610181e-05    4.352568e-03    2.890592e-06    1.140270e-06
           1395   -1.872810e-01    3.954100e-02   -4.538200e-02    2.843287e-03   -4.192990e-02    3.483622e-02    1.249785e-01    4.096144e-05    1.540815e-05    4.420258e-03    2.902228e-06    1.091208e-06
           1396   -1.871760e-01    3.801400e-02   -4.666900e-02    2.962819e-03   -4.071559e-02    3.809307e-02    1.267179e-01    3.803163e-05    9.484880e-06    4.481778e-03    2.694681e-06    6.716145e-07
           1397   -1.870700e-01    3.644500e-02   -4.790400e-02    3.084950e-03   -3.919686e-02    4.132136e-02    1.282615e-01    4.081061e-05    6.953371e-06    4.536371e-03    2.891609e-06    4.922949e-07
           1398   -1.869650e-01    3.483600e-02   -4.908600e-02    3.211339e-03   -3.736902e-02    4.448460e-02    1.295873e-01    4.597567e-05    1.519616e-05    4.583261e-03    3.257593e-06    1.076362e-06
           1399   -1.868590e-01    3.318900e-02   -5.021500e-02    3.339667e-03   -3.523318e-02    4.754607e-02    1.306767e-01    4.869157e-05    1.581665e-05    4.621790e-03    3.450047e-06    1.120396e-06
           1400   -1.867530e-01    3.150500e-02   -5.128800e-02    3.470349e-03   -3.279587e-02    5.046429e-02    1.315163e-01    4.766078e-05    1.437467e-05    4.651488e-03    3.377027e-06    1.018285e-06
           1401   -1.866480e-01    2.978600e-02   -5.230500e-02    3.603853e-03   -3.007120e-02    5.320234e-02    1.321006e-01    4.179396e-05    1.423759e-05    4.672153e-03    2.961327e-06    1.008677e-06
           1402   -1.865420e-01    2.803500e-02   -5.326400e-02    3.737682e-03   -2.708161e-02    5.572189e-02    1.324302e-01    4.314064e-05    1.228641e-05    4.683810e-03    3.056745e-06    8.704592e-07
           1403   -1.864370e-01    2.625200e-02   -5.416500e-02    3.873631e-03   -2.385035e-02    5.799277e-02    1.325083e-01    4.749163e-05    2.124836e-05    4.686572e-03    3.365001e-06    1.505567e-06
           1404   -1.863310e-01    2.444100e-02   -5.500600e-02    4.009108e-03   -2.041261e-02    5.998438e-02    1.323402e-01    4.693042e-05    2.996181e-05    4.680626e-03    3.325214e-06    2.123008e-06
           1405   -1.862250e-01    2.260300e-02   -5.578600e-02    4.144650e-03   -1.680231e-02    6.167468e-02    1.319333e-01    4.639379e-05    2.533762e-05    4.666234e-03    3.287165e-06    1.795390e-06
           1406   -1.861200e-01    2.074000e-02   -5.650600e-02    4.280848e-03   -1.305688e-02    6.304942e-02    1.312989e-01    4.217547e-05    1.499080e-05    4.643799e-03    2.988238e-06    1.062326e-06
           1407   -1.860140e-01    1.885400e-02   -5.716200e-02    4.415186e-03   -9.216584e-03    6.409509e-02    1.304539e-01    4.070105e-05    1.666107e-05    4.613912e-03    2.883727e-06    1.180728e-06
           1408   -1.859090e-01    1.694800e-02   -5.775600e-02    4.549299e-03   -5.321903e-03    6.481113e-02    1.294164e-01    4.420456e-05    2.436462e-05    4.577218e-03    3.131923e-06    1.726556e-06
           1409   -1.858030e-01    1.502200e-02   -5.828700e-02    4.681102e-03   -1.406932e-03    6.519944e-02    1.282079e-01    4.203466e-05    2.828927e-05    4.534476e-03    2.978120e-06    2.004665e-06
           1410   -1.856970e-01    1.308100e-02   -5.875300e-02    4.810846e-03    2.486306e-03    6.526649e-02    1.268521e-01    3.905523e-05    2.635072e-05    4.486523e-03    2.766983e-06    1.867291e-06
           1411   -1.855920e-01    1.112400e-02   -5.915500e-02    4.939664e-03    6.331174e-03    6.502521e-02    1.253697e-01    4.470568e-05    2.424762e-05    4.434093e-03    3.167250e-06    1.718330e-06
           1412   -1.854860e-01    9.156000e-03   -5.949100e-02    5.065126e-03    1.009233e-02    6.449055e-02    1.237864e-01    4.583875e-05    2.267648e-05    4.378093e-03    3.247470e-06    1.606975e-06
           1413   -1.853800e-01    7.178000e-03   -5.976200e-02    5.188155e-03    1.374633e-02    6.368199e-02    1.221249e-01    4.240620e-05    2.468796e-05    4.319330e-03    3.004226e-06    1.749446e-06
           1414   -1.852750e-01    5.191000e-03   -5.996700e-02    5.309727e-03    1.727290e-02    6.261846e-02    1.204071e-01    3.495983e-05    2.352084e-05    4.258576e-03    2.476620e-06    1.666758e-06
           1415   -1.851690e-01    3.199000e-03   -6.010700e-02    5.427669e-03    2.065039e-02    6.132373e-02    1.186554e-01    3.610637e-05    1.679896e-05    4.196621e-03    2.557803e-06    1.190525e-06
           1416   -1.850640e-01    1.204000e-03   -6.017900e-02    5.543994e-03    2.386401e-02    5.981733e-02    1.168884e-01    3.969068e-05    2.365047e-05    4.134124e-03    2.811689e-06    1.675857e-06
           1417   -1.849580e-01   -7.930000e-04   -6.018600e-02    5.656961e-03    2.690400e-02    5.812366e-02    1.151221e-01    4.030310e-05    2.416014e-05    4.071654e-03    2.855018e-06    1.711924e-06
           1418   -1.848520e-01   -2.789000e-03   -6.012700e-02    5.767470e-03    2.975998e-02    5.626443e-02    1.133730e-01    3.882841e-05    2.144306e-05    4.009791e-03    2.750497e-06    1.519402e-06
           1419   -1.847470e-01   -4.782000e-03   -6.000100e-02    5.876521e-03    3.242587e-02    5.425996e-02    1.116544e-01    3.025080e-05    2.551259e-05    3.949010e-03    2.142823e-06    1.807646e-06
           1420   -1.846410e-01   -6.770000e-03   -5.981000e-02    5.982354e-03    3.489781e-02    5.213279e-02    1.099796e-01    2.964743e-05    2.550197e-05    3.889773e-03    2.100049e-06    1.806853e-06
           1421   -1.845360e-01   -8.750000e-03   -5.955200e-02    6.086957e-03    3.717254e-02    4.990125e-02    1.083590e-01    3.675533e-05    2.203329e-05    3.832458e-03    2.603520e-06    1.561097e-06
           1422   -1.844300e-01   -1.072100e-02   -5.922900e-02    6.188699e-03    3.925100e-02    4.758499e-02    1.068012e-01    3.659085e-05    2.620608e-05    3.777361e-03    2.591829e-06    1.856632e-06
           1423   -1.843240e-01   -1.268000e-02   -5.884100e-02    6.288523e-03    4.113330e-02    4.520241e-02    1.053148e-01    3.475735e-05    2.607677e-05    3.724790e-03    2.461918e-06    1.847413e-06
           1424   -1.842190e-01   -1.462500e-02   -5.838800e-02    6.387524e-03    4.282178e-02    4.276985e-02    1.039067e-01    3.061879e-05    1.867261e-05    3.674988e-03    2.168737e-06    1.322918e-06
           1425   -1.841130e-01   -1.655300e-02   -5.787100e-02    6.483826e-03    4.431909e-02    4.030457e-02    1.025829e-01    3.110815e-05    1.707024e-05    3.628168e-03    2.203390e-06    1.209344e-06
           1426   -1.840080e-01   -1.846400e-02   -5.729000e-02    6.579823e-03    4.563116e-02    3.781892e-02    1.013481e-01    3.609518e-05    1.951537e-05    3.584495e-03    2.556600e-06    1.382519e-06
           1427   -1.839020e-01   -2.035400e-02   -5.664600e-02    6.673550e-03    4.676152e-02    3.532908e-02    1.002072e-01    3.982583e-05    1.191045e-05    3.544141e-03    2.820815e-06    8.438292e-07
           1428   -1.837960e-01   -2.222200e-02   -5.593900e-02    6.766222e-03    4.771645e-02    3.284638e-02    9.916280e-02    3.792759e-05    1.158883e-05    3.507204e-03    2.686329e-06    8.210372e-07
           1429   -1.836910e-01   -2.406500e-02   -5.517100e-02    6.858775e-03    4.850206e-02    3.038546e-02    9.821918e-02    2.921367e-05    1.987038e-05    3.473830e-03    2.069119e-06    1.407567e-06
           1430   -1.835850e-01   -2.588200e-02   -5.434300e-02    6.949580e-03    4.912573e-02    2.795717e-02    9.737879e-02    2.892259e-05    2.172036e-05    3.444107e-03    2.048498e-06    1.538545e-06
           1431   -1.834800e-01   -2.767100e-02   -5.345400e-02    7.040807e-03    4.959407e-02    2.557005e-02    9.664379e-02    3.675198e-05    1.819225e-05    3.418111e-03    2.603020e-06    1.288645e-06
           1432   -1.833740e-01   -2.942900e-02   -5.250700e-02    7.130589e-03    4.991491e-02    2.323744e-02    9.601681e-02    3.877783e-05    1.720805e-05    3.395936e-03    2.746492e-06    1.218908e-06
           1433   -1.832680e-01   -3.115400e-02   -5.150200e-02    7.220019e-03    5.009617e-02    2.096737e-02    9.549957e-02    3.732370e-05    1.907590e-05    3.377642e-03    2.643497e-06    1.351158e-06
           1434   -1.831630e-01   -3.284500e-02   -5.044000e-02    7.310292e-03    5.014665e-02    1.876794e-02    9.509362e-02    3.102625e-05    2.270160e-05    3.363285e-03    2.197467e-06    1.607925e-06
           1435   -1.830570e-01   -3.450100e-02   -4.932300e-02    7.399697e-03    5.007578e-02    1.664812e-02    9.480054e-02    3.596252e-05    1.931324e-05    3.352919e-03    2.547080e-06    1.367935e-06
           1436   -1.829510e-01   -3.611800e-02   -4.815100e-02    7.489332e-03    4.989156e-02    1.461506e-02    9.462166e-02    3.840638e-05    1.436978e-05    3.346592e-03    2.720170e-06    1.017783e-06
           1437   -1.828460e-01   -3.769500e-02   -4.692700e-02    7.580214e-03    4.960496e-02    1.267739e-02    9.455900e-02    3.203069e-05    1.736067e-05    3.344376e-03    2.268618e-06    1.229564e-06
           1438   -1.827400e-01   -3.923100e-02   -4.565000e-02    7.670847e-03    4.922483e-02    1.083858e-02    9.461521e-02    3.148126e-05    2.105645e-05    3.346364e-03    2.229704e-06    1.491328e-06
           1439   -1.826350e-01   -4.072400e-02   -4.432400e-02    7.763194e-03    4.876334e-02    9.107744e-03    9.479399e-02    3.959725e-05    2.007346e-05    3.352687e-03    2.804541e-06    1.421688e-06
           1440   -1.825290e-01   -4.217200e-02   -4.294900e-02    7.855626e-03    4.823039e-02    7.488598e-03    9.509737e-02    4.351526e-05    1.541487e-05    3.363417e-03    3.082058e-06    1.091719e-06
           1441   -1.824230e-01   -4.357300e-02   -4.152600e-02    7.949227e-03    4.763708e-02    5.985234e-03    9.552687e-02    4.272075e-05    1.668750e-05    3.378608e-03    3.025808e-06    1.181837e-06
           1442   -1.823180e-01   -4.492700e-02   -4.005800e-02    8.045159e-03    4.699699e-02    4.602870e-03    9.608385e-02    3.726810e-05    1.728834e-05    3.398307e-03    2.639636e-06    1.224378e-06
           1443   -1.822120e-01   -4.623100e-02   -3.854500e-02    8.141723e-03    4.632100e-02    3.343293e-03    9.676911e-02    3.914585e-05    1.500419e-05    3.422543e-03    2.772654e-06    1.062592e-06
           1444   -1.821070e-01   -4.748400e-02   -3.699100e-02    8.241028e-03    4.562426e-02    2.210779e-03    9.758313e-02    4.641735e-05    1.625068e-05    3.451334e-03    3.287718e-06    1.150847e-06
           1445   -1.820010e-01   -4.868500e-02   -3.539500e-02    8.341631e-03    4.491862e-02    1.204649e-03    9.852758e-02    5.036670e-05    1.415072e-05    3.484738e-03    3.567488e-06    1.002107e-06
           1446   -1.818950e-01   -4.983200e-02   -3.376100e-02    8.444518e-03    4.421994e-02    3.268741e-04    9.960242e-02    5.003696e-05    1.502325e-05    3.522752e-03    3.544193e-06    1.063867e-06
           1447   -1.817900e-01   -5.092500e-02   -3.208900e-02    8.551084e-03    4.354266e-02   -4.242686e-04    1.008089e-01    4.663690e-05    1.187902e-05    3.565423e-03    3.303409e-06    8.411698e-07
           1448   -1.816840e-01   -5.196100e-02   -3.038200e-02    8.659576e-03    4.290243e-02   -1.050430e-03    1.021463e-01    4.825685e-05    1.265382e-05    3.612724e-03    3.418210e-06    8.960160e-07
           1449   -1.815790e-01   -5.294000e-02   -2.864200e-02    8.772350e-03    4.231643e-02   -1.555036e-03    1.036144e-01    5.545805e-05    1.711049e-05    3.664649e-03    3.928355e-06    1.211676e-06
           1450   -1.814730e-01   -5.386100e-02   -2.687000e-02    8.888003e-03    4.180121e-02   -1.943709e-03    1.052136e-01    5.927257e-05    1.907942e-05    3.721210e-03    4.198635e-06    1.351134e-06
           1451   -1.813670e-01   -5.472300e-02   -2.506900e-02    9.007730e-03    4.137529e-02   -2.223416e-03    1.069423e-01    6.111694e-05    1.692641e-05    3.782350e-03    4.329379e-06    1.198598e-06
           1452   -1.812620e-01   -5.552400e-02   -2.324000e-02    9.132985e-03    4.105564e-02   -2.404570e-03    1.087989e-01    5.697850e-05    1.910151e-05    3.848013e-03    4.036326e-06    1.352655e-06
           1453   -1.811560e-01   -5.626500e-02   -2.138500e-02    9.262461e-03    4.086242e-02   -2.498978e-03    1.107811e-01    6.060916e-05    1.879275e-05    3.918123e-03    4.293603e-06    1.330780e-06
           1454   -1.810510e-01   -5.694300e-02   -1.950700e-02    9.398569e-03    4.081317e-02   -2.522983e-03    1.128832e-01    6.896869e-05    2.404791e-05    3.992468e-03    4.885897e-06    1.703043e-06
           1455   -1.809450e-01   -5.755900e-02   -1.760700e-02    9.540282e-03    4.092747e-02   -2.495677e-03    1.151011e-01    7.378872e-05    2.833188e-05    4.070912e-03    5.227478e-06    2.006564e-06
           1456   -1.808390e-01   -5.811100e-02   -1.568800e-02    9.689255e-03    4.122217e-02   -2.441292e-03    1.174272e-01    7.647352e-05    3.193523e-05    4.153180e-03    5.417822e-06    2.261866e-06
           1457   -1.807340e-01   -5.860000e-02   -1.375200e-02    9.847556e-03    4.171479e-02   -2.388366e-03    1.198514e-01    7.757101e-05    2.883340e-05    4.238921e-03    5.495718e-06    2.042150e-06
           1458   -1.806280e-01   -5.902400e-02   -1.180000e-02    1.001494e-02    4.241727e-02   -2.371611e-03    1.223619e-01    8.510533e-05    3.297941e-05    4.327713e-03    6.029652e-06    2.335939e-06
           1459   -1.805220e-01   -5.938300e-02   -9.836000e-03    1.019439e-02    4.333838e-02   -2.431216e-03    1.249384e-01    9.150819e-05    3.127340e-05    4.418837e-03    6.483471e-06    2.215089e-06
           1460   -1.804170e-01   -5.967600e-02   -7.861000e-03    1.039042e-02    4.447922e-02   -2.613260e-03    1.275567e-01    8.800326e-05    3.928738e-05    4.511444e-03    6.235327e-06    2.782919e-06
           1461   -1.803110e-01   -5.990400e-02   -5.877000e-03    1.060660e-02    4.583317e-02   -2.968048e-03    1.301852e-01    9.172526e-05    4.479790e-05    4.604408e-03    6.499207e-06    3.173434e-06
           1462   -1.802060e-01   -6.006600e-02   -3.886000e-03    1.085353e-02    4.737853e-02   -3.548325e-03    1.327792e-01    1.005913e-04    5.104800e-05    4.696153e-03    7.127575e-06    3.616395e-06
           1463   -1.801000e-01   -6.016200e-02   -1.892000e-03    1.114181e-02    4.907728e-02   -4.402774e-03    1.352805e-01    1.015981e-04    5.808868e-05    4.784621e-03    7.199113e-06    4.115369e-06
           1464   -1.799940e-01   -6.019200e-02    1.050000e-04    1.149107e-02    5.087776e-02   -5.572114e-03    1.376264e-01    9.564578e-05    6.237032e-05    4.867591e-03    6.777506e-06    4.418922e-06
           1465   -1.798890e-01   -6.015500e-02    2.101000e-03    1.192562e-02    5.270962e-02   -7.078028e-03    1.397507e-01    7.749011e-05    7.302966e-05    4.942723e-03    5.491135e-06    5.174366e-06
           1466   -1.797830e-01   -6.005200e-02    4.096000e-03    1.247242e-02    5.449910e-02   -8.921990e-03    1.416065e-01    6.149709e-05    8.465338e-05    5.008357e-03    4.357918e-06    5.998238e-06
           1467   -1.796780e-01   -5.988300e-02    6.086000e-03    1.316246e-02    5.616587e-02   -1.107713e-02    1.431741e-01    4.888541e-05    9.702414e-05    5.063803e-03    3.464267e-06    6.875031e-06
           1468   -1.795720e-01   -5.964800e-02    8.069000e-03    1.402025e-02    5.763727e-02   -1.349482e-02    1.444679e-01    2.986378e-05    1.054137e-04    5.109560e-03    2.116352e-06    7.469716e-06
           1469   -1.794660e-01   -5.934800e-02    1.004300e-02    1.506451e-02    5.885291e-02   -1.610870e-02    1.455198e-01    9.842552e-06    1.025425e-04    5.146763e-03    6.975661e-07    7.266390e-06
           1470   -1.793610e-01   -5.898200e-02    1.200600e-02    1.630104e-02    5.976639e-02   -1.884260e-02    1.463654e-01   -1.370101e-05    9.479153e-05    5.176674e-03   -9.708538e-07    6.717204e-06
           1471   -1.792550e-01   -5.855100e-02    1.395600e-02    1.771731e-02    6.035173e-02   -2.161905e-02    1.470338e-01   -3.057864e-05    9.554334e-05    5.200311e-03   -2.166924e-06    6.770573e-06
           1472   -1.791500e-01   -5.805600e-02    1.589000e-02    1.928986e-02    6.060204e-02   -2.436652e-02    1.475433e-01   -3.584912e-05    9.670126e-05    5.218333e-03   -2.540439e-06    6.852679e-06
           1473   -1.790440e-01   -5.749700e-02    1.780800e-02    2.098495e-02    6.052847e-02   -2.703222e-02    1.479099e-01   -3.737696e-05    8.186506e-05    5.231298e-03   -2.648747e-06    5.801416e-06
           1474   -1.789380e-01   -5.687500e-02    1.970500e-02    2.276479e-02    6.015560e-02   -2.957411e-02    1.481500e-01   -3.976683e-05    7.059681e-05    5.239788e-03   -2.818122e-06    5.002894e-06
           1475   -1.788330e-01   -5.619000e-02    2.158100e-02    2.459930e-02    5.951632e-02   -3.197429e-02    1.482822e-01   -4.473794e-05    5.788635e-05    5.244465e-03   -3.170418e-06    4.102185e-06
           1476   -1.787270e-01   -5.544300e-02    2.343300e-02    2.645931e-02    5.864660e-02   -3.422507e-02    1.483306e-01   -4.132204e-05    4.750909e-05    5.246179e-03   -2.928353e-06    3.366808e-06
           1477   -1.786220e-01   -5.463500e-02    2.525900e-02    2.832792e-02    5.758132e-02   -3.633011e-02    1.483185e-01   -3.083804e-05    4.048599e-05    5.245751e-03   -2.185384e-06    2.869088e-06
           1478   -1.785160e-01   -5.376700e-02    2.705800e-02    3.019234e-02    5.635138e-02   -3.830007e-02    1.482658e-01   -2.433894e-05    3.279146e-05    5.243886e-03   -1.724823e-06    2.323839e-06
           1479   -1.784100e-01   -5.284000e-02    2.882600e-02    3.204550e-02    5.498366e-02   -4.014518e-02    1.481894e-01   -2.104706e-05    2.360326e-05    5.241184e-03   -1.491532e-06    1.672684e-06
           1480   -1.783050e-01   -5.185500e-02    3.056300e-02    3.388781e-02    5.349976e-02   -4.188039e-02    1.481006e-01   -2.378819e-05    1.629360e-05    5.238044e-03   -1.685786e-06    1.154673e-06
           1481   -1.781990e-01   -5.081200e-02    3.226600e-02    3.571716e-02    5.191642e-02   -4.351664e-02    1.480072e-01   -2.316886e-05    1.872762e-05    5.234741e-03   -1.641901e-06    1.327178e-06
           1482   -1.780940e-01   -4.971400e-02    3.393400e-02    3.753686e-02    5.025012e-02   -4.506538e-02    1.479148e-01   -1.460643e-05    1.742051e-05    5.231470e-03   -1.035111e-06    1.234555e-06
           1483   -1.779880e-01   -4.856100e-02    3.556500e-02    3.934773e-02    4.851122e-02   -4.653536e-02    1.478260e-01   -1.069016e-05    1.061166e-05    5.228329e-03   -7.575863e-07    7.520539e-07
           1484   -1.778820e-01   -4.735500e-02    3.715600e-02    4.115190e-02    4.671067e-02   -4.793270e-02    1.477427e-01   -8.956558e-06    7.958733e-07    5.225386e-03   -6.347191e-07    5.640686e-08
           1485   -1.777770e-01   -4.609600e-02    3.870600e-02    4.295403e-02    4.485478e-02   -4.926359e-02    1.476664e-01   -2.888235e-06    9.047799e-07    5.222687e-03   -2.046772e-07    6.411574e-08
           1486   -1.776710e-01   -4.478700e-02    4.021400e-02    4.475378e-02    4.295195e-02   -5.053275e-02    1.475975e-01   -9.076612e-07    5.093170e-07    5.220250e-03   -6.432765e-08    3.611422e-08
           1487   -1.775650e-01   -4.342800e-02    4.167800e-02    4.655440e-02    4.100608e-02   -5.174267e-02    1.475362e-01   -1.621942e-06   -2.625748e-06    5.218080e-03   -1.149601e-07   -1.860135e-07
           1488   -1.774600e-01   -4.202200e-02    4.309500e-02    4.835616e-02    3.902372e-02   -5.289404e-02    1.474826e-01   -8.380244e-06   -4.296482e-06    5.216184e-03   -5.938791e-07   -3.044624e-07
           1489   -1.773540e-01   -4.056900e-02    4.446500e-02    5.015999e-02    3.700594e-02   -5.398897e-02    1.474364e-01   -9.302879e-06   -1.851586e-06    5.214550e-03   -6.592554e-07   -1.312255e-07
           1490   -1.772490e-01   -3.907200e-02    4.578700e-02    5.196745e-02    3.495669e-02   -5.502813e-02    1.473975e-01   -3.869733e-06    2.981222e-06    5.213177e-03   -2.742281e-07    2.112538e-07
           1491   -1.771430e-01   -3.753100e-02    4.705800e-02    5.377671e-02    3.287538e-02   -5.600948e-02    1.473652e-01   -3.918103e-07    4.924950e-07    5.212033e-03   -2.778143e-08    3.495370e-08
           1492   -1.770370e-01   -3.595000e-02    4.827700e-02    5.558687e-02    3.076505e-02   -5.693257e-02    1.473380e-01   -1.290216e-06    7.763156e-07    5.211070e-03   -9.144060e-08    5.503898e-08
           1493   -1.769320e-01   -3.432900e-02    4.944300e-02    5.739963e-02    2.862289e-02   -5.779611e-02    1.473145e-01   -6.426562e-06   -4.308997e-06    5.210242e-03   -4.554240e-07   -3.053610e-07
           1494   -1.768260e-01   -3.266900e-02    5.055400e-02    5.921231e-02    2.644655e-02   -5.859750e-02    1.472932e-01   -6.222195e-06   -4.770991e-06    5.209487e-03   -4.409503e-07   -3.380665e-07
           1495   -1.767210e-01   -3.097500e-02    5.161000e-02    6.102377e-02    2.423783e-02   -5.933616e-02    1.472725e-01   -9.466457e-07    4.704692e-06    5.208756e-03   -6.707887e-08    3.333844e-07
           1496   -1.766150e-01   -2.924600e-02    5.260900e-02    6.283261e-02    2.199098e-02   -6.000887e-02    1.472506e-01    1.769222e-06    4.104630e-06    5.207980e-03    1.253838e-07    2.908600e-07
           1497   -1.765090e-01   -2.748400e-02    5.355000e-02    6.463848e-02    1.970387e-02   -6.061375e-02    1.472249e-01    8.148345e-07    5.472044e-06    5.207072e-03    5.773290e-08    3.878158e-07
           1498   -1.764040e-01   -2.569300e-02    5.443300e-02    6.643972e-02    1.737703e-02   -6.115020e-02    1.471934e-01   -4.262038e-06    3.142923e-06    5.205956e-03   -3.020414e-07    2.227498e-07
           1499   -1.762980e-01   -2.387300e-02    5.525500e-02    6.823400e-02    1.500668e-02   -6.161455e-02    1.471535e-01   -3.367430e-06    2.385641e-06    5.204544e-03   -2.386405e-07    1.690714e-07
           1500   -1.761930e-01   -2.202700e-02    5.601600e-02    7.002172e-02    1.259331e-02   -6.200670e-02    1.471031e-01    2.766290e-06    6.038870e-06    5.202762e-03    1.960343e-07    4.279500e-07
           1501   -1.760870e-01   -2.015700e-02    5.671600e-02    7.180054e-02    1.013693e-02   -6.232686e-02    1.470407e-01    3.362336e-06    1.277775e-05    5.200557e-03    2.382712e-07    9.055148e-07
           1502   -1.759810e-01   -1.826400e-02    5.735400e-02    7.357183e-02    7.637375e-03   -6.257488e-02    1.469649e-01    2.339832e-06    1.405994e-05    5.197875e-03    1.657972e-07    9.964206e-07
           1503   -1.758760e-01   -1.635200e-02    5.792800e-02    7.533454e-02    5.099272e-03   -6.275094e-02    1.468739e-01   -3.535344e-06    1.354842e-05    5.194657e-03   -2.505421e-07    9.601463e-07
           1504   -1.757700e-01   -1.442100e-02    5.843900e-02    7.708951e-02    2.522504e-03   -6.285796e-02    1.467668e-01   -6.944465e-07    5.429902e-06    5.190871e-03   -4.923368e-08    3.848581e-07
           1505   -1.756650e-01   -1.247500e-02    5.888500e-02    7.883768e-02   -8.682182e-05   -6.289777e-02    1.466433e-01    6.141228e-06    4.611968e-06    5.186502e-03    4.351896e-07    3.268651e-07
           1506   -1.755590e-01   -1.051400e-02    5.926600e-02    8.058062e-02   -2.727503e-03   -6.287411e-02    1.465035e-01    6.764079e-06    5.311857e-06    5.181557e-03    4.793164e-07    3.764944e-07
           1507   -1.754530e-01   -8.543000e-03    5.958200e-02    8.231871e-02   -5.391176e-03   -6.279301e-02    1.463483e-01    6.870963e-06    2.057059e-07    5.176069e-03    4.869071e-07    1.459557e-08
           1508   -1.753480e-01   -6.562000e-03    5.983300e-02    8.405717e-02   -8.075864e-03   -6.266057e-02    1.461784e-01    1.385555e-05   -1.917826e-06    5.170058e-03    9.818687e-07   -1.358858e-07
           1509   -1.752420e-01   -4.573000e-03    6.001800e-02    8.579675e-02   -1.077656e-02   -6.248352e-02    1.459949e-01    1.785043e-05   -8.107396e-06    5.163569e-03    1.264943e-06   -5.744405e-07
           1510   -1.751360e-01   -2.580000e-03    6.013600e-02    8.753946e-02   -1.348496e-02   -6.227031e-02    1.458003e-01    1.589085e-05   -6.171060e-06    5.156687e-03    1.126082e-06   -4.372523e-07
           1511   -1.750310e-01   -5.840000e-04    6.018900e-02    8.929028e-02   -1.619613e-02   -6.203319e-02    1.455978e-01    1.161115e-05   -1.376157e-05    5.149523e-03    8.228089e-07   -9.751784e-07
           1512   -1.749250e-01    1.413000e-03    6.017500e-02    9.105001e-02   -1.890293e-02   -6.178197e-02    1.453914e-01    1.559361e-05   -2.803584e-05    5.142224e-03    1.105023e-06   -1.986715e-06
           1513   -1.748200e-01    3.409000e-03    6.009500e-02    9.282308e-02   -2.159639e-02   -6.153056e-02    1.451877e-01    2.172226e-05   -2.740970e-05    5.135019e-03    1.539315e-06   -1.942313e-06
           1514   -1.747140e-01    5.400000e-03    5.994900e-02    9.460741e-02   -2.426274e-02   -6.129276e-02    1.449956e-01    2.213957e-05   -2.695253e-05    5.128224e-03    1.568896e-06   -1.909943e-06
           1515   -1.746080e-01    7.386000e-03    5.973700e-02    9.640645e-02   -2.689065e-02   -6.108254e-02    1.448259e-01    2.187717e-05   -4.252617e-05    5.122224e-03    1.550290e-06   -3.013534e-06
           1516   -1.745030e-01    9.363000e-03    5.945900e-02    9.821840e-02   -2.945991e-02   -6.091326e-02    1.446934e-01    1.376405e-05   -5.874911e-05    5.117538e-03    9.753740e-07   -4.163194e-06
           1517   -1.743970e-01    1.133100e-02    5.911500e-02    1.000404e-01   -3.195138e-02   -6.079621e-02    1.446167e-01    9.808326e-06   -7.347047e-05    5.114824e-03    6.950431e-07   -5.206355e-06
           1518   -1.742920e-01    1.328500e-02    5.870700e-02    1.018659e-01   -3.433511e-02   -6.074022e-02    1.446177e-01    9.125244e-06   -8.378876e-05    5.114860e-03    6.466544e-07   -5.937607e-06
           1519   -1.741860e-01    1.522500e-02    5.823400e-02    1.036870e-01   -3.658367e-02   -6.074566e-02    1.447216e-01   -2.031928e-06   -8.752733e-05    5.118532e-03   -1.439703e-07   -6.202601e-06
           1520   -1.740800e-01    1.714900e-02    5.769700e-02    1.054939e-01   -3.866406e-02   -6.080608e-02    1.449556e-01   -2.061491e-05   -8.837000e-05    5.126812e-03   -1.460831e-06   -6.262340e-06
           1521   -1.739750e-01    1.905300e-02    5.709600e-02    1.072728e-01   -4.054103e-02   -6.090254e-02    1.453474e-01   -4.689630e-05   -8.565729e-05    5.140668e-03   -3.323237e-06   -6.070186e-06
           1522   -1.738690e-01    2.093700e-02    5.643300e-02    1.090089e-01   -4.218647e-02   -6.100680e-02    1.459232e-01   -6.472011e-05   -8.746376e-05    5.161031e-03   -4.586329e-06   -6.198272e-06
           1523   -1.737640e-01    2.279700e-02    5.570700e-02    1.106884e-01   -4.357556e-02   -6.107442e-02    1.467043e-01   -7.958060e-05   -7.055514e-05    5.188658e-03   -5.639439e-06   -5.000169e-06
           1524   -1.736580e-01    2.463300e-02    5.492100e-02    1.122973e-01   -4.469828e-02   -6.105548e-02    1.477054e-01   -9.277162e-05   -6.134156e-05    5.224065e-03   -6.574277e-06   -4.347352e-06
           1525   -1.735520e-01    2.644100e-02    5.407300e-02    1.138257e-01   -4.555606e-02   -6.088829e-02    1.489279e-01   -1.073659e-04   -4.470174e-05    5.267303e-03   -7.608587e-06   -3.168261e-06
           1526   -1.734470e-01    2.822000e-02    5.316600e-02    1.152676e-01   -4.616949e-02   -6.051558e-02    1.503608e-01   -1.247622e-04   -1.471525e-05    5.317983e-03   -8.841528e-06   -1.043285e-06
           1527   -1.733410e-01    2.996800e-02    5.220100e-02    1.166183e-01   -4.657455e-02   -5.988360e-02    1.519766e-01   -1.271268e-04    1.018954e-05    5.375129e-03   -9.009242e-06    7.216149e-07
           1528   -1.732360e-01    3.168300e-02    5.117800e-02    1.178810e-01   -4.682030e-02   -5.894862e-02    1.537328e-01   -1.176429e-04    3.702246e-05    5.437244e-03   -8.337272e-06    2.623259e-06
           1529   -1.731300e-01    3.336300e-02    5.009900e-02    1.190578e-01   -4.696529e-02   -5.768360e-02    1.555773e-01   -1.077653e-04    5.556148e-05    5.502481e-03   -7.637371e-06    3.937163e-06
           1530   -1.730240e-01    3.500700e-02    4.896500e-02    1.201567e-01   -4.707183e-02   -5.607680e-02    1.574518e-01   -9.966902e-05    7.977430e-05    5.568776e-03   -7.063719e-06    5.653314e-06
           1531   -1.729190e-01    3.661200e-02    4.777700e-02    1.211859e-01   -4.720067e-02   -5.413259e-02    1.592960e-01   -7.798846e-05    9.089272e-05    5.634004e-03   -5.527248e-06    6.441442e-06
           1532   -1.728130e-01    3.817700e-02    4.653600e-02    1.221530e-01   -4.740848e-02   -5.186854e-02    1.610578e-01   -6.078063e-05    9.736099e-05    5.696313e-03   -4.307727e-06    6.900034e-06
           1533   -1.727070e-01    3.969900e-02    4.524400e-02    1.230668e-01   -4.774435e-02   -4.931566e-02    1.626906e-01   -4.732262e-05    1.011412e-04    5.754062e-03   -3.353929e-06    7.168099e-06
           1534   -1.726020e-01    4.117800e-02    4.390200e-02    1.239377e-01   -4.825026e-02   -4.651076e-02    1.641587e-01   -4.032579e-05    1.058683e-04    5.805987e-03   -2.858083e-06    7.503335e-06
           1535   -1.724960e-01    4.261200e-02    4.251200e-02    1.247714e-01   -4.895902e-02   -4.349875e-02    1.654158e-01   -2.746789e-05    1.150991e-04    5.850449e-03   -1.946790e-06    8.157789e-06
           1536   -1.723910e-01    4.399900e-02    4.107500e-02    1.255767e-01   -4.989484e-02   -4.032744e-02    1.664880e-01   -4.523812e-06    1.135720e-04    5.888370e-03   -3.205569e-07    8.049727e-06
           1537   -1.722850e-01    4.533700e-02    3.959300e-02    1.263586e-01   -5.107297e-02   -3.704989e-02    1.673589e-01    1.184059e-05    1.094507e-04    5.919172e-03    8.393545e-07    7.757724e-06
           1538   -1.721790e-01    4.662500e-02    3.806700e-02    1.271249e-01   -5.250123e-02   -3.371873e-02    1.680193e-01    2.024524e-05    1.142096e-04    5.942528e-03    1.435072e-06    8.095169e-06
           1539   -1.720740e-01    4.786200e-02    3.650000e-02    1.278814e-01   -5.417969e-02   -3.039120e-02    1.684947e-01    2.355609e-05    1.198418e-04    5.959344e-03    1.669756e-06    8.494433e-06
           1540   -1.719680e-01    4.904700e-02    3.489200e-02    1.286321e-01   -5.610108e-02   -2.712056e-02    1.688016e-01    3.768633e-05    1.119551e-04    5.970200e-03    2.671317e-06    7.935509e-06
           1541   -1.718630e-01    5.017700e-02    3.324600e-02    1.293820e-01   -5.824609e-02   -2.396623e-02    1.689631e-01    5.629973e-05    1.119264e-04    5.975910e-03    3.990673e-06    7.933511e-06
           1542   -1.717570e-01    5.125300e-02    3.156300e-02    1.301329e-01   -6.059145e-02   -2.098161e-02    1.690232e-01    7.225868e-05    1.033253e-04    5.978034e-03    5.121855e-06    7.323939e-06
           1543   -1.716510e-01    5.227100e-02    2.984500e-02    1.308871e-01   -6.309655e-02   -1.822197e-02    1.690278e-01    8.363435e-05    9.588664e-05    5.978201e-03    5.928178e-06    6.796701e-06
           1544   -1.715460e-01    5.323200e-02    2.809500e-02    1.316465e-01   -6.571500e-02   -1.573778e-02    1.690271e-01    8.857812e-05    8.868758e-05    5.978174e-03    6.278623e-06    6.286358e-06
           1545   -1.714400e-01    5.413500e-02    2.631400e-02    1.324090e-01   -6.838720e-02   -1.357009e-02    1.690686e-01    9.877699e-05    8.623401e-05    5.979642e-03    7.001549e-06    6.112430e-06
           1546   -1.713350e-01    5.497800e-02    2.450300e-02    1.331751e-01   -7.104044e-02   -1.174867e-02    1.691860e-01    1.150498e-04    8.459477e-05    5.983794e-03    8.155020e-06    5.996233e-06
           1547   -1.712290e-01    5.576100e-02    2.266600e-02    1.339389e-01   -7.359334e-02   -1.029012e-02    1.694840e-01    1.273249e-04    7.569086e-05    5.994334e-03    9.025165e-06    5.365026e-06
           1548   -1.711230e-01    5.648200e-02    2.080400e-02    1.346973e-01   -7.595935e-02   -9.188357e-03    1.699764e-01    1.336344e-04    5.985075e-05    6.011748e-03    9.472466e-06    4.242203e-06
           1549   -1.710180e-01    5.714100e-02    1.891900e-02    1.354469e-01   -7.805563e-02   -8.414753e-03    1.707041e-01    1.330654e-04    4.132901e-05    6.037487e-03    9.432239e-06    2.929250e-06
           1550   -1.709120e-01    5.773700e-02    1.701300e-02    1.361805e-01   -7.980668e-02   -7.920485e-03    1.717599e-01    1.360924e-04    2.862670e-05    6.074827e-03    9.646944e-06    2.028777e-06
           1551   -1.708070e-01    5.827000e-02    1.508900e-02    1.368938e-01   -8.115300e-02   -7.639366e-03    1.731108e-01    1.466296e-04    8.030212e-06    6.122608e-03    1.039405e-05    5.686888e-07
           1552   -1.707010e-01    5.873800e-02    1.314700e-02    1.375802e-01   -8.205501e-02   -7.491672e-03    1.747240e-01    1.504350e-04   -1.228199e-05    6.179665e-03    1.066401e-05   -8.712013e-07
           1553   -1.705950e-01    5.914200e-02    1.119200e-02    1.382370e-01   -8.249822e-02   -7.393668e-03    1.765334e-01    1.501444e-04   -3.289728e-05    6.243659e-03    1.064367e-05   -2.332708e-06
           1554   -1.704900e-01    5.948100e-02    9.224000e-03    1.388659e-01   -8.248800e-02   -7.262847e-03    1.785118e-01    1.458680e-04   -5.687820e-05    6.313629e-03    1.034079e-05   -4.032860e-06
           1555   -1.703840e-01    5.975400e-02    7.246000e-03    1.394650e-01   -8.204926e-02   -7.026376e-03    1.806487e-01    1.532896e-04   -8.957222e-05    6.389207e-03    1.086724e-05   -6.350841e-06
           1556   -1.702780e-01    5.996100e-02    5.259000e-03    1.400362e-01   -8.122197e-02   -6.624850e-03    1.829415e-01    1.769536e-04   -1.475259e-04    6.470302e-03    1.254519e-05   -1.045961e-05
           1557   -1.701730e-01    6.010300e-02    3.267000e-03    1.406122e-01   -8.007302e-02   -6.016159e-03    1.851288e-01    1.054354e-04   -1.402767e-04    6.547661e-03    7.475279e-06   -9.945921e-06
           1558   -1.700670e-01    6.017800e-02    1.272000e-03    1.412672e-01   -7.869097e-02   -5.179329e-03    1.872249e-01    4.939589e-05   -1.206056e-04    6.621797e-03    3.502522e-06   -8.551695e-06
           1559   -1.699620e-01    6.018700e-02   -7.250000e-04    1.420336e-01   -7.714222e-02   -4.110430e-03    1.892702e-01    4.001701e-05   -1.147330e-04    6.694135e-03    2.837598e-06   -8.135452e-06
           1560   -1.698560e-01    6.013000e-02   -2.721000e-03    1.428991e-01   -7.546832e-02   -2.814327e-03    1.911860e-01    1.837005e-05   -1.037808e-04    6.761894e-03    1.302898e-06   -7.359173e-06
           1561   -1.697500e-01    6.000700e-02   -4.714000e-03    1.438651e-01   -7.371201e-02   -1.303488e-03    1.930029e-01   -1.012697e-06   -9.584404e-05    6.826154e-03   -7.134076e-08   -6.796603e-06
           1562   -1.696450e-01    5.981700e-02   -6.702000e-03    1.449284e-01   -7.190725e-02    4.035523e-04    1.946601e-01   -1.989020e-05   -9.746221e-05    6.884767e-03   -1.409888e-06   -6.911316e-06
           1563   -1.695390e-01    5.956200e-02   -8.683000e-03    1.460835e-01   -7.008583e-02    2.285936e-03    1.961604e-01   -2.993166e-05   -9.072071e-05    6.937827e-03   -2.121964e-06   -6.433293e-06
           1564   -1.694340e-01    5.924100e-02   -1.065400e-02    1.473277e-01   -6.827194e-02    4.319917e-03    1.975002e-01   -3.321772e-05   -7.634016e-05    6.985214e-03   -2.355027e-06   -5.413713e-06
           1565   -1.693280e-01    5.885500e-02   -1.261300e-02    1.486545e-01   -6.648624e-02    6.481149e-03    1.986898e-01   -4.245216e-05   -5.734526e-05    7.027291e-03   -3.009873e-06   -4.066853e-06
           1566   -1.692220e-01    5.840400e-02   -1.455800e-02    1.500599e-01   -6.474405e-02    8.744857e-03    1.997430e-01   -5.232336e-05   -4.455692e-05    7.064539e-03   -3.709874e-06   -3.160028e-06
           1567   -1.691170e-01    5.788900e-02   -1.648800e-02    1.515405e-01   -6.305721e-02    1.108722e-02    2.006627e-01   -6.533312e-05   -3.219338e-05    7.097066e-03   -4.632433e-06   -2.283239e-06
           1568   -1.690110e-01    5.731100e-02   -1.839900e-02    1.530873e-01   -6.143563e-02    1.348110e-02    2.014488e-01   -6.807143e-05   -1.761829e-05    7.124868e-03   -4.826660e-06   -1.249784e-06
           1569   -1.689060e-01    5.666900e-02   -2.029000e-02    1.546976e-01   -5.988167e-02    1.590328e-02    2.021176e-01   -5.984694e-05   -1.167902e-05    7.148523e-03   -4.243539e-06   -8.286079e-07
           1570   -1.688000e-01    5.596500e-02   -2.215900e-02    1.563634e-01   -5.839802e-02    1.832934e-02    2.027057e-01   -5.530194e-05   -9.097159e-06    7.169323e-03   -3.921311e-06   -6.453847e-07
           1571   -1.686940e-01    5.519900e-02   -2.400300e-02    1.580790e-01   -5.698201e-02    2.073471e-02    2.031955e-01   -5.465558e-05   -2.825283e-06    7.186646e-03   -3.875508e-06   -2.006636e-07
           1572   -1.685890e-01    5.437200e-02   -2.582100e-02    1.598402e-01   -5.562840e-02    2.309855e-02    2.036136e-01   -5.809079e-05    2.285233e-07    7.201436e-03   -4.119117e-06    1.594890e-08
           1573   -1.684830e-01    5.348600e-02   -2.761000e-02    1.616379e-01   -5.433070e-02    2.539885e-02    2.039759e-01   -5.416969e-05    1.312315e-05    7.214249e-03   -3.841099e-06    9.303185e-07
           1574   -1.683780e-01    5.254000e-02   -2.936900e-02    1.634698e-01   -5.307627e-02    2.761828e-02    2.042886e-01   -3.976234e-05    2.799858e-05    7.225307e-03   -2.819507e-06    1.985187e-06
           1575   -1.682720e-01    5.153700e-02   -3.109600e-02    1.653271e-01   -5.185486e-02    2.973997e-02    2.045637e-01   -2.646243e-05    4.312710e-05    7.235038e-03   -1.876431e-06    3.057939e-06
           1576   -1.681660e-01    5.047700e-02   -3.278800e-02    1.672049e-01   -5.065126e-02    3.174867e-02    2.048115e-01   -1.176852e-05    5.733059e-05    7.243800e-03   -8.345016e-07    4.065078e-06
           1577   -1.680610e-01    4.936200e-02   -3.444500e-02    1.690996e-01   -4.945072e-02    3.363469e-02    2.050482e-01    8.177685e-06    6.794755e-05    7.252174e-03    5.798748e-07    4.818008e-06
           1578   -1.679550e-01    4.819200e-02   -3.606300e-02    1.710027e-01   -4.823580e-02    3.538674e-02    2.053299e-01    5.525295e-05    8.079968e-05    7.262135e-03    3.917975e-06    5.729351e-06
           1579   -1.678490e-01    4.696900e-02   -3.764200e-02    1.729106e-01   -4.699050e-02    3.702153e-02    2.056313e-01    3.635943e-05    3.919157e-05    7.272796e-03    2.578254e-06    2.778987e-06
           1580   -1.677440e-01    4.569500e-02   -3.917900e-02    1.748192e-01   -4.570145e-02    3.859297e-02    2.059411e-01    1.800738e-05    1.954520e-05    7.283755e-03    1.276938e-06    1.385808e-06
           1581   -1.676380e-01    4.437000e-02   -4.067300e-02    1.767272e-01   -4.436357e-02    4.012765e-02    2.062930e-01    6.120332e-06    1.530856e-05    7.296199e-03    4.340418e-07    1.085347e-06
           1582   -1.675330e-01    4.299700e-02   -4.212300e-02    1.786363e-01   -4.298136e-02    4.161816e-02    2.066771e-01    6.751419e-06    1.324248e-05    7.309784e-03    4.787998e-07    9.388459e-07
           1583   -1.674270e-01    4.157600e-02   -4.352600e-02    1.805445e-01   -4.155591e-02    4.306344e-02    2.070716e-01    5.513080e-06    8.152972e-06    7.323739e-03    3.909954e-07    5.779439e-07
           1584   -1.673210e-01    4.010900e-02   -4.488100e-02    1.824528e-01   -4.009138e-02    4.445939e-02    2.074789e-01    1.413340e-06    4.129077e-06    7.338143e-03    1.002827e-07    2.926099e-07
           1585   -1.672160e-01    3.859800e-02   -4.618700e-02    1.843623e-01   -3.859139e-02    4.580437e-02    2.079021e-01   -4.188099e-06   -4.762551e-06    7.353111e-03   -2.969391e-07   -3.378664e-07
           1586   -1.671100e-01    3.704500e-02   -4.744200e-02    1.862703e-01   -3.705870e-02    4.709676e-02    2.083435e-01   -3.465131e-06   -6.454356e-06    7.368722e-03   -2.456709e-07   -4.578469e-07
           1587   -1.670050e-01    3.545100e-02   -4.864500e-02    1.881795e-01   -3.549382e-02    4.833709e-02    2.088039e-01    6.251503e-06   -1.075567e-05    7.385005e-03    4.433587e-07   -7.628769e-07
           1588   -1.668990e-01    3.381700e-02   -4.979400e-02    1.900881e-01   -3.389574e-02    4.952681e-02    2.092795e-01    8.047442e-06   -7.729395e-06    7.401827e-03    5.707170e-07   -5.482725e-07
           1589   -1.667930e-01    3.214700e-02   -5.088800e-02    1.919955e-01   -3.226590e-02    5.066780e-02    2.097678e-01    6.363989e-06   -6.212620e-06    7.419097e-03    4.513568e-07   -4.407557e-07
           1590   -1.666880e-01    3.044100e-02   -5.192600e-02    1.939041e-01   -3.060235e-02    5.176088e-02    2.102739e-01    2.113666e-06   -8.969859e-06    7.436997e-03    1.499484e-07   -6.362607e-07
           1591   -1.665820e-01    2.870200e-02   -5.290800e-02    1.958117e-01   -2.890761e-02    5.280531e-02    2.108479e-01    9.001669e-06   -1.477415e-05    7.457297e-03    6.384307e-07   -1.047949e-06
           1592   -1.664770e-01    2.693100e-02   -5.383100e-02    1.977201e-01   -2.718091e-02    5.379656e-02    2.116928e-01    2.859862e-05   -2.553011e-05    7.487182e-03    2.028222e-06   -1.810928e-06
           1593   -1.663710e-01    2.513100e-02   -5.469400e-02    1.996267e-01   -2.542027e-02    5.473063e-02    2.130896e-01    4.660469e-05   -3.485370e-05    7.536584e-03    3.305335e-06   -2.472523e-06
           1594   -1.662650e-01    2.330300e-02   -5.549800e-02    2.015344e-01   -2.362566e-02    5.560205e-02    2.148809e-01    1.023698e-04   -9.416579e-05    7.599937e-03    7.260031e-06   -6.678565e-06
           1595   -1.661600e-01    2.144900e-02   -5.624000e-02    2.034429e-01   -2.182815e-02    5.640124e-02    2.110233e-01   -8.848164e-05    1.289449e-04    7.463501e-03   -6.275885e-06    9.146534e-06
           1596   -1.660540e-01    1.957100e-02   -5.692100e-02    2.053518e-01   -1.995487e-02    5.707650e-02    2.069417e-01   -5.334214e-05    1.403119e-05    7.319143e-03   -3.783267e-06    9.967480e-07
           1597   -1.659490e-01    1.767300e-02   -5.753900e-02    2.072602e-01   -1.806771e-02    5.769468e-02    2.031862e-01   -2.584796e-05    3.801170e-05    7.186317e-03   -1.833385e-06    2.696863e-06
           1598   -1.658430e-01    1.575400e-02   -5.809300e-02    2.091689e-01   -1.614070e-02    5.823941e-02    1.997300e-01   -2.464012e-05    2.809725e-05    7.064078e-03   -1.747598e-06    1.993649e-06
           1599   -1.657370e-01    1.381800e-02   -5.858400e-02    2.110772e-01   -1.421308e-02    5.873131e-02    1.963156e-01   -8.168339e-06    1.310545e-05    6.943320e-03   -5.796064e-07    9.305659e-07
           1600   -1.656320e-01    1.186700e-02   -5.901000e-02    2.129859e-01   -1.227739e-02    5.916599e-02    1.929205e-01   -5.557464e-06    7.102790e-06    6.823239e-03   -3.944515e-07    5.049005e-07
           1601   -1.655260e-01    9.903000e-03   -5.937100e-02    2.148933e-01   -1.031479e-02    5.952997e-02    1.896271e-01   -8.525414e-06    4.303816e-06    6.706759e-03   -6.048158e-07    3.063687e-07
           1602   -1.654210e-01    7.929000e-03   -5.966700e-02    2.168007e-01   -8.340953e-03    5.982652e-02    1.865614e-01   -7.243507e-06    1.341780e-05    6.598331e-03   -5.138500e-07    9.523137e-07
           1603   -1.653150e-01    5.945000e-03   -5.989700e-02    2.187081e-01   -6.365383e-03    6.005918e-02    1.837630e-01   -4.667469e-06    1.615280e-05    6.499358e-03   -3.311925e-07    1.146123e-06
           1604   -1.652090e-01    3.955000e-03   -6.006200e-02    2.206148e-01   -4.389668e-03    6.023054e-02    1.811070e-01   -7.921932e-06    1.617149e-05    6.405416e-03   -5.618676e-07    1.147313e-06
           1605   -1.651040e-01    1.960000e-03   -6.016000e-02    2.225228e-01   -2.413600e-03    6.033826e-02    1.785540e-01    3.186986e-06    1.122156e-05    6.315124e-03    2.256602e-07    7.963463e-07
           1606   -1.649980e-01   -3.600000e-05   -6.019200e-02    2.244286e-01   -4.264754e-04    6.037565e-02    1.760989e-01    5.800684e-06    2.981978e-06    6.228292e-03    4.109479e-07    2.121669e-07
           1607   -1.648920e-01   -2.033000e-03   -6.015700e-02    2.263353e-01    1.566943e-03    6.034319e-02    1.737366e-01    1.381704e-06   -7.626368e-07    6.144742e-03    9.768337e-08   -5.326729e-08
           1608   -1.647870e-01   -4.027000e-03   -6.005700e-02    2.282420e-01    3.549321e-03    6.024933e-02    1.714409e-01   -7.568597e-06    5.799695e-06    6.063545e-03   -5.367310e-07    4.118374e-07
           1609   -1.646810e-01   -6.017000e-03   -5.989000e-02    2.301479e-01    5.520212e-03    6.009233e-02    1.692176e-01   -5.791211e-06    8.171832e-06    5.984910e-03   -4.107151e-07    5.799338e-07
           1610   -1.645760e-01   -8.001000e-03   -5.965800e-02    2.320552e-01    7.489736e-03    5.986869e-02    1.670639e-01    4.420581e-06    2.682151e-06    5.908741e-03    3.131172e-07    1.908120e-07
           1611   -1.644700e-01   -9.975000e-03   -5.935900e-02    2.339605e-01    9.459193e-03    5.957321e-02    1.649754e-01    4.260597e-06    1.961133e-06    5.834873e-03    3.017758e-07    1.396584e-07
           1612   -1.643640e-01   -1.193900e-02   -5.899600e-02    2.358664e-01    1.142044e-02    5.921210e-02    1.629470e-01    9.176438e-07   -2.671150e-07    5.763133e-03    6.482151e-08   -1.826993e-08
           1613   -1.642590e-01   -1.388900e-02   -5.856700e-02    2.377724e-01    1.336063e-02    5.878783e-02    1.609645e-01   -6.046583e-06    2.768356e-07    5.693015e-03   -4.287613e-07    2.023808e-08
           1614   -1.641530e-01   -1.582400e-02   -5.807400e-02    2.396775e-01    1.528086e-02    5.830199e-02    1.590363e-01   -5.451904e-06    6.345916e-06    5.624819e-03   -3.865916e-07    4.503636e-07
           1615   -1.640480e-01   -1.774200e-02   -5.751700e-02    2.415839e-01    1.718730e-02    5.775090e-02    1.571697e-01    7.786730e-08    1.339847e-05    5.558799e-03    5.329639e-09    9.501964e-07
           1616   -1.639420e-01   -1.964000e-02   -5.689700e-02    2.434887e-01    1.907901e-02    5.713407e-02    1.553329e-01    1.294335e-06    1.348829e-05    5.493836e-03    9.154974e-08    9.565083e-07
           1617   -1.638360e-01   -2.151700e-02   -5.621400e-02    2.453940e-01    2.095039e-02    5.645348e-02    1.535219e-01   -3.567111e-07    9.571842e-06    5.429785e-03   -2.546039e-08    6.789087e-07
           1618   -1.637310e-01   -2.337000e-02   -5.547000e-02    2.472995e-01    2.279483e-02    5.571323e-02    1.517314e-01   -5.411406e-06    4.283618e-06    5.366459e-03   -3.836703e-07    3.040841e-07
           1619   -1.636250e-01   -2.519700e-02   -5.466400e-02    2.492041e-01    2.461190e-02    5.491196e-02    1.499610e-01   -3.400637e-06    1.090637e-06    5.303842e-03   -2.411589e-07    7.781273e-08
           1620   -1.635200e-01   -2.699600e-02   -5.379800e-02    2.511092e-01    2.640217e-02    5.405028e-02    1.482183e-01    1.435677e-06    7.722818e-06    5.242208e-03    1.015915e-07    5.477705e-07
           1621   -1.634140e-01   -2.876600e-02   -5.287300e-02    2.530137e-01    2.816402e-02    5.312895e-02    1.464934e-01    1.860564e-06    9.100302e-06    5.181199e-03    1.316903e-07    6.453884e-07
           1622   -1.633080e-01   -3.050400e-02   -5.189000e-02    2.549177e-01    2.989263e-02    5.214983e-02    1.447897e-01   -2.478628e-07    9.160547e-06    5.120941e-03   -1.771787e-08    6.496157e-07
           1623   -1.632030e-01   -3.220900e-02   -5.084900e-02    2.568235e-01    3.158722e-02    5.111326e-02    1.430921e-01   -4.456087e-06   -1.573935e-07    5.060901e-03   -3.159303e-07   -1.066292e-08
           1624   -1.630970e-01   -3.387800e-02   -4.975300e-02    2.587273e-01    3.324595e-02    5.002171e-02    1.414129e-01   -4.024987e-06   -1.977431e-06    5.001512e-03   -2.853685e-07   -1.396402e-07
           1625   -1.629920e-01   -3.550900e-02   -4.860200e-02    2.606314e-01    3.486599e-02    4.887540e-02    1.397437e-01    8.706556e-07    1.645589e-06    4.942476e-03    6.156188e-08    1.170483e-07
           1626   -1.628860e-01   -3.710200e-02   -4.739700e-02    2.625356e-01    3.644609e-02    4.767596e-02    1.380959e-01   -1.108914e-06    7.963972e-06    4.884197e-03   -7.871586e-08    5.647671e-07
           1627   -1.627800e-01   -3.865400e-02   -4.614000e-02    2.644395e-01    3.798473e-02    4.642516e-02    1.364671e-01   -5.328038e-07   -1.129985e-06    4.826587e-03   -3.789592e-08   -7.960625e-08
           1628   -1.626750e-01   -4.016300e-02   -4.483200e-02    2.663440e-01    3.948226e-02    4.512285e-02    1.348565e-01    4.864778e-06   -5.617039e-08    4.769623e-03    3.445621e-07   -3.528839e-09
           1629   -1.625690e-01   -4.162800e-02   -4.347500e-02    2.682474e-01    4.093754e-02    4.377065e-02    1.332566e-01    3.672350e-06    5.723443e-06    4.713039e-03    2.600664e-07    4.059621e-07
           1630   -1.624630e-01   -4.304800e-02   -4.207100e-02    2.701506e-01    4.234782e-02    4.237125e-02    1.316666e-01    1.071647e-06    8.262054e-06    4.656803e-03    7.579001e-08    5.858201e-07
           1631   -1.623580e-01   -4.441900e-02   -4.062000e-02    2.720541e-01    4.370928e-02    4.092497e-02    1.300983e-01   -6.165923e-06    9.854208e-06    4.601334e-03   -4.370022e-07    6.985865e-07
           1632   -1.622520e-01   -4.574200e-02   -3.912400e-02    2.739573e-01    4.502474e-02    3.943322e-02    1.285472e-01   -6.814880e-06    1.136778e-05    4.546477e-03   -4.829717e-07    8.058159e-07
           1633   -1.621470e-01   -4.701500e-02   -3.758500e-02    2.758616e-01    4.629295e-02    3.789760e-02    1.270138e-01   -3.411842e-07    1.140742e-05    4.492241e-03   -2.429533e-08    8.086026e-07
           1634   -1.620410e-01   -4.823600e-02   -3.600500e-02    2.777643e-01    4.751083e-02    3.632045e-02    1.254879e-01    2.561894e-06    7.187773e-06    4.438274e-03    1.813924e-07    5.095972e-07
           1635   -1.619350e-01   -4.940400e-02   -3.438500e-02    2.796673e-01    4.867641e-02    3.470339e-02    1.239741e-01    3.166264e-06   -1.382199e-06    4.384732e-03    2.242059e-07   -9.758514e-08
           1636   -1.618300e-01   -5.051700e-02   -3.272700e-02    2.815709e-01    4.978764e-02    3.304897e-02    1.224730e-01   -2.330402e-06   -5.933398e-06    4.331644e-03   -1.652215e-07   -4.200119e-07
           1637   -1.617240e-01   -5.157500e-02   -3.103300e-02    2.834737e-01    5.084431e-02    3.135999e-02    1.209830e-01   -3.300709e-06   -3.750611e-06    4.278945e-03   -2.339639e-07   -2.653396e-07
           1638   -1.616190e-01   -5.257600e-02   -2.930500e-02    2.853772e-01    5.184436e-02    2.963946e-02    1.195073e-01    1.203749e-06    4.250498e-06    4.226750e-03    8.516236e-08    3.014939e-07
           1639   -1.615130e-01   -5.351900e-02   -2.754500e-02    2.872793e-01    5.278801e-02    2.788970e-02    1.180380e-01    3.307578e-06    3.947702e-06    4.174783e-03    2.342085e-07    2.800116e-07
           1640   -1.614070e-01   -5.440300e-02   -2.575500e-02    2.891809e-01    5.367627e-02    2.611249e-02    1.165729e-01    1.846784e-06    2.015324e-06    4.122967e-03    1.307262e-07    1.430817e-07
           1641   -1.613020e-01   -5.522800e-02   -2.393600e-02    2.910843e-01    5.450950e-02    2.430892e-02    1.151152e-01   -4.615809e-06   -1.044536e-06    4.071411e-03   -3.271043e-07   -7.366179e-08
           1642   -1.611960e-01   -5.599100e-02   -2.209100e-02    2.929859e-01    5.528302e-02    2.248209e-02    1.136635e-01   -4.746631e-06   -8.000643e-07    4.020066e-03   -3.363593e-07   -5.634865e-08
           1643   -1.610910e-01   -5.669300e-02   -2.022100e-02    2.948891e-01    5.599586e-02    2.063222e-02    1.122169e-01   -1.623994e-07    5.375361e-06    3.968904e-03   -1.161243e-08    3.811292e-07
           1644   -1.609850e-01   -5.733300e-02   -1.832900e-02    2.967912e-01    5.664619e-02    1.876026e-02    1.107750e-01    1.017906e-06    9.122887e-06    3.917905e-03    7.199469e-08    6.465962e-07
           1645   -1.608790e-01   -5.790900e-02   -1.641800e-02    2.986918e-01    5.723214e-02    1.686795e-02    1.093374e-01   -4.978938e-07    8.482719e-06    3.867061e-03   -3.536570e-08    6.011796e-07
           1646   -1.607740e-01   -5.842200e-02   -1.448800e-02    3.005944e-01    5.775458e-02    1.495615e-02    1.079049e-01   -7.732568e-06    1.024097e-05    3.816396e-03   -5.478378e-07    7.257113e-07
           1647   -1.606680e-01   -5.887100e-02   -1.254200e-02    3.024960e-01    5.821212e-02    1.302972e-02    1.064781e-01   -4.391972e-06   -6.693881e-10    3.765932e-03   -3.111936e-07    2.291927e-10
           1648   -1.605630e-01   -5.925400e-02   -1.058200e-02    3.043984e-01    5.860282e-02    1.109206e-02    1.050612e-01    8.374336e-07    4.884612e-06    3.715821e-03    5.923084e-08    3.462847e-07
           1649   -1.604570e-01   -5.957300e-02   -8.611000e-03    3.062992e-01    5.892892e-02    9.146211e-03    1.036487e-01    1.561930e-06    8.536939e-06    3.665860e-03    1.105509e-07    6.049595e-07
           1650   -1.603510e-01   -5.982500e-02   -6.630000e-03    3.082003e-01    5.918781e-02    7.191977e-03    1.022419e-01    1.747656e-06    2.803310e-06    3.616107e-03    1.237022e-07    1.988192e-07
           1651   -1.602460e-01   -6.001200e-02   -4.642000e-03    3.101020e-01    5.938095e-02    5.230385e-03    1.008510e-01   -4.172689e-06    2.974441e-06    3.566913e-03   -2.956403e-07    2.109300e-07
           1652   -1.601400e-01   -6.013300e-02   -2.648000e-03    3.120036e-01    5.950661e-02    3.259926e-03    9.945939e-02   -1.481341e-06    4.788541e-06    3.517694e-03   -1.050184e-07    3.394598e-07
           1653   -1.600340e-01   -6.018800e-02   -6.520000e-04    3.139043e-01    5.956429e-02    1.282483e-03    9.808693e-02   -1.181223e-06    7.323775e-06    3.469152e-03   -8.375810e-08    5.190104e-07
           1654   -1.599290e-01   -6.017700e-02    1.345000e-03    3.158061e-01    5.955407e-02   -7.014386e-04    9.674197e-02   -6.091621e-06    7.068651e-06    3.421583e-03   -4.315443e-07    5.009206e-07
           1655   -1.598230e-01   -6.009900e-02    3.340000e-03    3.177064e-01    5.947534e-02   -2.687968e-03    9.539074e-02   -4.774964e-06    3.359193e-06    3.373793e-03   -3.382702e-07    2.381621e-07
           1656   -1.597180e-01   -5.995500e-02    5.332000e-03    3.196083e-01    5.932923e-02   -4.674096e-03    9.405509e-02    2.142799e-06    1.597102e-06    3.326553e-03    1.516955e-07    1.133467e-07
           1657   -1.596120e-01   -5.974500e-02    7.318000e-03    3.215089e-01    5.911582e-02   -6.654853e-03    9.273453e-02    3.862631e-06   -1.290464e-07    3.279848e-03    2.734932e-07   -8.903953e-09
           1658   -1.595060e-01   -5.947000e-02    9.296000e-03    3.234095e-01    5.883636e-02   -8.626918e-03    9.139356e-02    2.959248e-06   -3.686291e-07    3.232420e-03    2.095012e-07   -2.585693e-08
           1659   -1.594010e-01   -5.912800e-02    1.126300e-02    3.253103e-01    5.848970e-02   -1.058723e-02    9.008377e-02   -9.934884e-07   -7.178925e-06    3.186096e-03   -7.043855e-08   -5.081947e-07
           1660   -1.592950e-01   -5.872200e-02    1.321800e-02    3.272104e-01    5.807942e-02   -1.253536e-02    8.880836e-02   -3.488298e-06    4.954927e-07    3.140986e-03   -2.471170e-07    3.531386e-08
           1661   -1.591900e-01   -5.825100e-02    1.515900e-02    3.291119e-01    5.760490e-02   -1.446987e-02    8.750362e-02    9.729119e-07    4.556321e-06    3.094840e-03    6.883420e-08    3.229052e-07
           1662   -1.590840e-01   -5.771600e-02    1.708300e-02    3.310120e-01    5.706695e-02   -1.638810e-02    8.621976e-02    9.986397e-07    8.706702e-06    3.049432e-03    7.065591e-08    6.168193e-07
           1663   -1.589780e-01   -5.711800e-02    1.898800e-02    3.329117e-01    5.646598e-02   -1.828780e-02    8.495978e-02   -7.336203e-07    9.336276e-06    3.004869e-03   -5.202310e-08    6.613882e-07
           1664   -1.588730e-01   -5.645700e-02    2.087300e-02    3.348132e-01    5.580145e-02   -2.016748e-02    8.366308e-02   -4.549067e-06    2.248300e-06    2.959008e-03   -3.222294e-07    1.594453e-07
           1665   -1.587670e-01   -5.573300e-02    2.273400e-02    3.367129e-01    5.507308e-02   -2.202290e-02    8.241056e-02   -4.731337e-06    4.330854e-06    2.914708e-03   -3.351270e-07    3.069199e-07
           1666   -1.586620e-01   -5.494900e-02    2.457000e-02    3.386130e-01    5.428411e-02   -2.385301e-02    8.117975e-02    3.014859e-06    3.237219e-07    2.871177e-03    2.134402e-07    2.312481e-08
           1667   -1.585560e-01   -5.410300e-02    2.637900e-02    3.405128e-01    5.343327e-02   -2.565630e-02    7.991074e-02    3.926703e-06   -5.398761e-07    2.826294e-03    2.780080e-07   -3.803689e-08
           1668   -1.584500e-01   -5.319800e-02    2.815900e-02    3.424122e-01    5.252388e-02   -2.743094e-02    7.869294e-02   -1.108856e-08    8.020288e-06    2.783223e-03   -8.458301e-10    5.681341e-07
           1669   -1.583450e-01   -5.223500e-02    2.990900e-02    3.443132e-01    5.155718e-02   -2.917620e-02    7.747730e-02   -4.119218e-06    3.133202e-06    2.740228e-03   -2.917641e-07    2.220822e-07
           1670   -1.582390e-01   -5.121400e-02    3.162500e-02    3.462124e-01    5.053331e-02   -3.088866e-02    7.623626e-02   -2.701483e-06    2.154557e-07    2.696335e-03   -1.913595e-07    1.545413e-08
           1671   -1.581340e-01   -5.013700e-02    3.330600e-02    3.481121e-01    4.945401e-02   -3.256736e-02    7.505229e-02    1.274238e-07    9.766372e-06    2.654460e-03    8.973075e-09    6.917344e-07
           1672   -1.580280e-01   -4.900500e-02    3.495100e-02    3.500112e-01    4.832011e-02   -3.421116e-02    7.383420e-02    3.450186e-06    2.011919e-06    2.611378e-03    2.442525e-07    1.426397e-07
           1673   -1.579220e-01   -4.781800e-02    3.655700e-02    3.519104e-01    4.713161e-02   -3.581652e-02    7.260816e-02    1.940200e-06    2.120243e-06    2.568016e-03    1.373255e-07    1.503049e-07
           1674   -1.578170e-01   -4.657900e-02    3.812400e-02    3.538111e-01    4.589114e-02   -3.738254e-02    7.144155e-02   -4.179987e-06    6.287359e-06    2.526755e-03   -2.960414e-07    4.453832e-07
           1675   -1.577110e-01   -4.528900e-02    3.964800e-02    3.557098e-01    4.459959e-02   -3.890493e-02    7.022524e-02   -1.898588e-07    4.115485e-06    2.483736e-03   -1.350327e-08    2.915876e-07
           1676   -1.576050e-01   -4.394900e-02    4.112800e-02    3.576082e-01    4.325792e-02   -4.038245e-02    6.903024e-02    1.093977e-06    1.745648e-07    2.441471e-03    7.740618e-08    1.251829e-08
           1677   -1.575000e-01   -4.256000e-02    4.256300e-02    3.595082e-01    4.186703e-02   -4.181373e-02    6.785811e-02   -5.516777e-06    3.668596e-06    2.400015e-03   -3.906798e-07    2.599336e-07
           1678   -1.573940e-01   -4.112500e-02    4.395200e-02    3.614070e-01    4.042978e-02   -4.319779e-02    6.663708e-02   -4.263246e-06    4.716276e-07    2.356829e-03   -3.019118e-07    3.356035e-08
           1679   -1.572890e-01   -3.964400e-02    4.529200e-02    3.633069e-01    3.894619e-02   -4.453162e-02    6.546818e-02    1.026216e-06    1.952867e-06    2.315487e-03    7.261269e-08    1.384287e-07
           1680   -1.571830e-01   -3.812000e-02    4.658200e-02    3.652051e-01    3.741869e-02   -4.581399e-02    6.429324e-02    3.042805e-07    8.364295e-06    2.273933e-03    2.149454e-08    5.923739e-07
           1681   -1.570770e-01   -3.655400e-02    4.782100e-02    3.671035e-01    3.584813e-02   -4.704383e-02    6.309025e-02    1.411776e-06    1.910230e-06    2.231385e-03    9.990526e-08    1.354001e-07
           1682   -1.569720e-01   -3.494800e-02    4.900700e-02    3.690023e-01    3.423676e-02   -4.821935e-02    6.194236e-02   -2.762827e-06   -2.204120e-06    2.190786e-03   -1.956605e-07   -1.559129e-07
           1683   -1.568660e-01   -3.330300e-02    5.013900e-02    3.709004e-01    3.258594e-02   -4.934039e-02    6.074388e-02   -4.022462e-06    1.155742e-06    2.148398e-03   -2.848378e-07    8.196730e-08
           1684   -1.567610e-01   -3.162100e-02    5.121600e-02    3.727999e-01    3.089837e-02   -5.040702e-02    5.959135e-02   -3.648020e-07    8.277188e-06    2.107635e-03   -2.586648e-08    5.861511e-07
           1685   -1.566550e-01   -2.990500e-02    5.223700e-02    3.746978e-01    2.917762e-02   -5.141963e-02    5.842821e-02    7.783528e-07    8.702424e-06    2.066497e-03    5.506536e-08    6.162518e-07
           1686   -1.565490e-01   -2.815600e-02    5.320100e-02    3.765959e-01    2.742508e-02   -5.237795e-02    5.724800e-02    3.012421e-06   -9.443902e-07    2.024755e-03    2.132319e-07   -6.673872e-08
           1687   -1.564440e-01   -2.637500e-02    5.410500e-02    3.784952e-01    2.564173e-02   -5.327912e-02    5.612780e-02   -2.445719e-06   -2.097891e-06    1.985136e-03   -1.731955e-07   -1.483895e-07
           1688   -1.563380e-01   -2.456600e-02    5.495000e-02    3.803927e-01    2.383084e-02   -5.412359e-02    5.495115e-02   -4.725698e-06    5.668582e-06    1.943520e-03   -3.346022e-07    4.014437e-07
           1689   -1.562330e-01   -2.273000e-02    5.573500e-02    3.822913e-01    2.199347e-02   -5.491000e-02    5.381698e-02    2.945890e-07    5.984504e-06    1.903406e-03    2.082197e-08    4.237863e-07
           1690   -1.561270e-01   -2.086800e-02    5.645800e-02    3.841895e-01    2.013102e-02   -5.563627e-02    5.262891e-02    1.566426e-06    4.955553e-06    1.861387e-03    1.108524e-07    3.509595e-07
           1691   -1.560210e-01   -1.898400e-02    5.711900e-02    3.860867e-01    1.824774e-02   -5.630180e-02    5.147941e-02    2.333836e-07    7.325230e-06    1.820731e-03    1.648368e-08    5.186921e-07
           1692   -1.559160e-01   -1.707900e-02    5.771800e-02    3.879852e-01    1.634457e-02   -5.690554e-02    5.029176e-02   -4.103000e-06    3.808906e-06    1.778726e-03   -2.904990e-07    2.697507e-07
           1693   -1.558100e-01   -1.515500e-02    5.825300e-02    3.898827e-01    1.442290e-02   -5.744452e-02    4.912674e-02   -3.335110e-06   -3.684981e-07    1.737522e-03   -2.361298e-07   -2.598699e-08
           1694   -1.557050e-01   -1.321400e-02    5.872300e-02    3.917812e-01    1.248396e-02   -5.791654e-02    4.793379e-02    8.554780e-07    1.366934e-06    1.695329e-03    6.052642e-08    9.687938e-08
           1695   -1.555990e-01   -1.125900e-02    5.912900e-02    3.936783e-01    1.053000e-02   -5.832199e-02    4.675347e-02    1.413740e-06    1.950801e-06    1.653583e-03    1.000453e-07    1.382023e-07
           1696   -1.554930e-01   -9.291000e-03    5.947000e-02    3.955759e-01    8.561891e-03   -5.865957e-02    4.556421e-02   -1.975422e-08    4.944552e-06    1.611521e-03   -1.437911e-09    3.501364e-07
           1697   -1.553880e-01   -7.314000e-03    5.974600e-02    3.974731e-01    6.583523e-03   -5.892907e-02    4.439916e-02   -3.368077e-06    6.732444e-07    1.570316e-03   -2.384504e-07    4.774847e-08
           1698   -1.552820e-01   -5.328000e-03    5.995500e-02    3.993702e-01    4.594954e-03   -5.912911e-02    4.321930e-02   -3.870286e-06    4.483009e-07    1.528586e-03   -2.739966e-07    3.182686e-08
           1699   -1.551770e-01   -3.336000e-03    6.009900e-02    4.012683e-01    2.599127e-03   -5.926210e-02    4.207262e-02   -1.449764e-06    7.825394e-06    1.488030e-03   -1.026515e-07    5.540287e-07
           1700   -1.550710e-01   -1.340000e-03    6.017700e-02    4.031657e-01    5.985175e-04   -5.932833e-02    4.091503e-02    2.152774e-07    2.184854e-06    1.447089e-03    1.520857e-08    1.547542e-07
           1701   -1.549650e-01    6.560000e-04    6.018800e-02    4.050616e-01   -1.402202e-03   -5.932747e-02    3.974630e-02   -2.380031e-06    1.572480e-06    1.405753e-03   -1.684955e-07    1.113913e-07
           1702   -1.548600e-01    2.653000e-03    6.013300e-02    4.069600e-01   -3.404147e-03   -5.926049e-02    3.871880e-02    9.665819e-07    2.982051e-06    1.369412e-03    6.840014e-08    2.111456e-07
           1703   -1.547540e-01    4.646000e-03    6.001200e-02    4.088563e-01   -5.402984e-03   -5.912726e-02    3.769514e-02    1.506316e-06    2.881599e-06    1.333207e-03    1.065948e-07    2.040570e-07
           1704   -1.546480e-01    6.634000e-03    5.982500e-02    4.107527e-01   -7.398091e-03   -5.892771e-02    3.683038e-02    1.410081e-06    2.545625e-06    1.302622e-03    9.978612e-08    1.802528e-07
           1705   -1.545430e-01    8.615000e-03    5.957200e-02    4.126502e-01   -9.387018e-03   -5.866295e-02    3.597558e-02   -2.898407e-06    1.782624e-06    1.272389e-03   -2.051702e-07    1.262224e-07
           1706   -1.544370e-01    1.058600e-02    5.925300e-02    4.145464e-01   -1.136542e-02   -5.833540e-02    3.509944e-02   -2.835313e-06    3.588706e-06    1.241402e-03   -2.007064e-07    2.540746e-07
           1707   -1.543320e-01    1.254600e-02    5.887000e-02    4.164438e-01   -1.333035e-02   -5.794920e-02    3.406354e-02    1.464370e-06    6.855320e-06    1.204764e-03    1.036285e-07    4.852955e-07
           1708   -1.542260e-01    1.449200e-02    5.842100e-02    4.183403e-01   -1.527674e-02   -5.750436e-02    3.292766e-02    3.741581e-06    4.121102e-08    1.164590e-03    2.648048e-07    2.990419e-09
           1709   -1.541200e-01    1.642200e-02    5.790800e-02    4.202365e-01   -1.720205e-02   -5.700195e-02    3.175607e-02    1.652235e-06    3.716807e-06    1.123153e-03    1.169171e-07    2.631486e-07
           1710   -1.540150e-01    1.833400e-02    5.733200e-02    4.221335e-01   -1.910569e-02   -5.643942e-02    3.055301e-02   -3.856072e-06    4.604633e-06    1.080603e-03   -2.729478e-07    3.259765e-07
           1711   -1.539090e-01    2.022500e-02    5.669200e-02    4.240289e-01   -2.098774e-02   -5.581110e-02    2.932812e-02   -3.949408e-06    1.167457e-06    1.037281e-03   -2.795466e-07    8.269126e-08
           1712   -1.538040e-01    2.209500e-02    5.599000e-02    4.259263e-01   -2.285193e-02   -5.511402e-02    2.807195e-02   -5.140755e-07    1.751556e-06    9.928527e-04   -3.640321e-08    1.240351e-07
           1713   -1.536980e-01    2.394000e-02    5.522600e-02    4.278222e-01   -2.469678e-02   -5.434604e-02    2.679690e-02   -1.006385e-06    3.415844e-06    9.477566e-04   -7.124777e-08    2.418228e-07
           1714   -1.535920e-01    2.575900e-02    5.440200e-02    4.297179e-01   -2.652161e-02   -5.350898e-02    2.550471e-02   -9.486612e-07    4.852860e-06    9.020541e-04   -6.716323e-08    3.435216e-07
           1715   -1.534870e-01    2.754900e-02    5.351700e-02    4.316143e-01   -2.832157e-02   -5.260468e-02    2.419253e-02   -3.539059e-06    2.748624e-06    8.556448e-04   -2.504910e-07    1.945905e-07
           1716   -1.533810e-01    2.930900e-02    5.257400e-02    4.335096e-01   -3.009374e-02   -5.164023e-02    2.286297e-02   -3.665438e-06    6.489572e-06    8.086207e-04   -2.594281e-07    4.593380e-07
           1717   -1.532760e-01    3.103700e-02    5.157300e-02    4.354059e-01   -3.183313e-02   -5.062007e-02    2.147037e-02    1.978513e-06    2.440887e-06    7.593670e-04    1.400057e-07    1.728013e-07
           1718   -1.531700e-01    3.273100e-02    5.051500e-02    4.373016e-01   -3.353530e-02   -4.954924e-02    2.001622e-02    2.675126e-06    1.057779e-06    7.079366e-04    1.893004e-07    7.491781e-08
           1719   -1.530640e-01    3.438800e-02    4.940100e-02    4.391966e-01   -3.519538e-02   -4.843059e-02    1.859453e-02    1.129676e-06    2.621193e-06    6.576538e-04    7.992753e-08    1.855524e-07
           1720   -1.529590e-01    3.600800e-02    4.823300e-02    4.410929e-01   -3.681682e-02   -4.726043e-02    1.722034e-02   -2.795861e-06    3.187663e-06    6.090516e-04   -1.978741e-07    2.256352e-07
           1721   -1.528530e-01    3.758800e-02    4.701200e-02    4.429879e-01   -3.839883e-02   -4.603592e-02    1.589646e-02   -2.968469e-06    1.653309e-06    5.622284e-04   -2.100829e-07    1.170451e-07
           1722   -1.527480e-01    3.912700e-02    4.573900e-02    4.448842e-01   -3.994197e-02   -4.475458e-02    1.463807e-02   -1.219671e-06    5.429953e-06    5.177213e-04   -8.632196e-08    3.842956e-07
           1723   -1.526420e-01    4.062300e-02    4.441600e-02    4.467792e-01   -4.144521e-02   -4.341829e-02    1.344407e-02   -1.307602e-06    4.161597e-06    4.754917e-04   -9.254222e-08    2.945267e-07
           1724   -1.525360e-01    4.207400e-02    4.304400e-02    4.486740e-01   -4.290520e-02   -4.203037e-02    1.232811e-02   -2.338253e-06    3.841513e-06    4.360223e-04   -1.654726e-07    2.718680e-07
           1725   -1.524310e-01    4.347900e-02    4.162500e-02    4.505695e-01   -4.431972e-02   -4.059537e-02    1.128647e-02    9.435616e-07    2.021319e-06    3.991813e-04    6.676316e-08    1.430594e-07
           1726   -1.523250e-01    4.483500e-02    4.016000e-02    4.524635e-01   -4.568570e-02   -3.911509e-02    1.030976e-02   -1.699664e-08    2.122706e-06    3.646369e-04   -1.208605e-09    1.502272e-07
           1727   -1.522190e-01    4.614300e-02    3.865100e-02    4.543580e-01   -4.700451e-02   -3.758856e-02    9.409482e-03   -4.509156e-07    4.106812e-06    3.327959e-04   -3.191292e-08    2.906211e-07
           1728   -1.521140e-01    4.740000e-02    3.709900e-02    4.562537e-01   -4.827214e-02   -3.601660e-02    8.554034e-03   -1.937027e-06    2.152246e-06    3.025403e-04   -1.370712e-07    1.523090e-07
           1729   -1.520080e-01    4.860400e-02    3.550600e-02    4.581479e-01   -4.948646e-02   -3.440345e-02    7.752529e-03   -1.222004e-06    1.420925e-06    2.741925e-04   -8.647356e-08    1.005576e-07
           1730   -1.519030e-01    4.975500e-02    3.387400e-02    4.600433e-01   -5.064619e-02   -3.275379e-02    6.998464e-03    7.243952e-07    3.457721e-06    2.475227e-04    5.125526e-08    2.446811e-07
           1731   -1.517970e-01    5.085200e-02    3.220500e-02    4.619380e-01   -5.174961e-02   -3.107386e-02    6.279771e-03    4.928115e-07    1.136885e-06    2.221038e-04    3.486832e-08    8.045481e-08
           1732   -1.516910e-01    5.189200e-02    3.050000e-02    4.638325e-01   -5.279468e-02   -2.936405e-02    5.594398e-03    8.694542e-07   -6.201535e-07    1.978634e-04    6.151930e-08   -4.387425e-08
           1733   -1.515860e-01    5.287500e-02    2.876200e-02    4.657275e-01   -5.378586e-02   -2.761843e-02    4.947109e-03   -2.092635e-06    3.006735e-07    1.749700e-04   -1.480742e-07    2.128138e-08
           1734   -1.514800e-01    5.380000e-02    2.699200e-02    4.676219e-01   -5.472571e-02   -2.583144e-02    4.346092e-03   -2.622024e-06    3.057137e-06    1.537132e-04   -1.855316e-07    2.163237e-07
           1735   -1.513750e-01    5.466600e-02    2.519300e-02    4.695165e-01   -5.561129e-02   -2.400792e-02    3.790865e-03   -5.354209e-07    6.026673e-06    1.340758e-04   -3.788634e-08    4.264386e-07
           1736   -1.512690e-01    5.547100e-02    2.336600e-02    4.714100e-01   -5.643448e-02   -2.216308e-02    3.283024e-03    6.167843e-07    4.828466e-06    1.161145e-04    4.364134e-08    3.416525e-07
           1737   -1.511630e-01    5.621600e-02    2.151300e-02    4.733043e-01   -5.719020e-02   -2.031147e-02    2.811773e-03    2.942327e-06    1.974950e-07    9.944718e-05    2.081899e-07    1.397626e-08
           1738   -1.510580e-01    5.689900e-02    1.963600e-02    4.751997e-01   -5.787576e-02   -1.845634e-02    2.372720e-03    2.124976e-06   -4.995991e-06    8.391869e-05    1.503559e-07   -3.534982e-07
           1739   -1.509520e-01    5.751900e-02    1.773800e-02    4.770934e-01   -5.849936e-02   -1.658256e-02    1.969330e-03   -2.835483e-07   -7.238701e-06    6.965153e-05   -2.006319e-08   -5.121838e-07
           1740   -1.508470e-01    5.807500e-02    1.582000e-02    4.789884e-01   -5.906989e-02   -1.466158e-02    1.610530e-03   -4.045129e-06    4.474332e-07    5.696143e-05   -2.862184e-07    3.165997e-08
           1741   -1.507410e-01    5.856800e-02    1.388500e-02    4.808816e-01   -5.959422e-02   -1.268443e-02    1.300276e-03   -4.409993e-06    3.852020e-06    4.598836e-05   -3.120338e-07    2.725543e-07
           1742   -1.506350e-01    5.899700e-02    1.193500e-02    4.827737e-01   -6.006532e-02   -1.066488e-02    1.031018e-03   -2.846997e-06    5.232826e-06    3.646520e-05   -2.014417e-07    3.702530e-07
           1743   -1.505300e-01    5.936000e-02    9.971000e-03    4.846670e-01   -6.047255e-02   -8.623658e-03    7.944763e-04   -1.069475e-06    3.659830e-06    2.809915e-05   -7.567156e-08    2.589540e-07
           1744   -1.504240e-01    5.965800e-02    7.996000e-03    4.865597e-01   -6.081448e-02   -6.580891e-03    5.942297e-04    1.326672e-06    1.939382e-06    2.101680e-05    9.386926e-08    1.372222e-07
           1745   -1.503190e-01    5.989000e-02    6.013000e-03    4.884531e-01   -6.108527e-02   -4.544933e-03    4.223082e-04    4.191975e-09   -7.103665e-07    1.493625e-05    2.965628e-10   -5.026205e-08
           1746   -1.502130e-01    6.005700e-02    4.023000e-03    4.903464e-01   -6.129086e-02   -2.517529e-03    2.736071e-04    4.782553e-06   -3.429039e-06    9.676975e-06    3.383905e-07   -2.426224e-07
           1747   -1.501070e-01    6.015700e-02    2.029000e-03    4.922392e-01   -6.143268e-02   -4.868933e-04    1.431741e-04    8.614401e-06    3.133736e-06    5.063803e-06    6.095130e-07    2.217279e-07
           1748   -1.499940e-01    6.019200e-02    3.300000e-05    4.941249e-01   -6.149674e-02    1.563854e-03    3.408986e-05    9.343912e-06    3.711805e-06    1.205695e-06    6.611289e-07    2.626289e-07
           1749   -1.498140e-01    6.016200e-02   -1.958000e-03    4.959439e-01   -6.149428e-02    3.610646e-03   -5.855656e-05    7.119953e-06   -2.276890e-07   -2.071037e-06    5.037719e-07   -1.611013e-08
           1750   -1.495110e-01    6.006900e-02   -3.931000e-03    4.976387e-01   -6.144847e-02    5.640700e-03   -1.367098e-04    6.411206e-06    5.566119e-07   -4.835171e-06    4.536243e-07    3.938303e-08
           1751   -1.490770e-01    5.991500e-02   -5.876000e-03    4.992025e-01   -6.134152e-02    7.661923e-03   -2.064016e-04    1.882112e-06    3.250488e-06   -7.300041e-06    1.331686e-07    2.299879e-07
           1752   -1.485140e-01    5.969900e-02   -7.782000e-03    5.006373e-01   -6.114571e-02    9.659744e-03   -2.634441e-04    1.900981e-06    6.977808e-06   -9.317528e-06    1.345037e-07    4.937134e-07
           1753   -1.478250e-01    5.942400e-02   -9.638000e-03    5.019461e-01   -6.084791e-02    1.159857e-02   -3.101706e-04    8.176294e-07    7.956966e-06   -1.097016e-05    5.785154e-08    5.629936e-07
           1754   -1.470140e-01    5.909100e-02   -1.143400e-02    5.031326e-01   -6.043756e-02    1.342649e-02   -3.507430e-04   -3.130636e-06   -5.215616e-06   -1.240513e-05   -2.215073e-07   -3.690297e-07
           1755   -1.460860e-01    5.870000e-02   -1.316000e-02    5.042000e-01   -5.993632e-02    1.510863e-02   -3.869329e-04   -2.366204e-06   -2.037374e-05   -1.368510e-05   -1.674202e-07   -1.441538e-06
           1756   -1.450450e-01    5.825600e-02   -1.480700e-02    5.051548e-01   -5.940187e-02    1.668344e-02   -4.206356e-04   -1.780528e-06   -1.778698e-05   -1.487710e-05   -1.259808e-07   -1.258512e-06
           1757   -1.438980e-01    5.776000e-02   -1.636700e-02    5.060069e-01   -5.886901e-02    1.822954e-02   -4.494868e-04   -2.711977e-06    2.126893e-06   -1.589751e-05   -1.918850e-07    1.504876e-07
           1758   -1.426500e-01    5.721400e-02   -1.782900e-02    5.067560e-01   -5.833765e-02    1.977867e-02   -4.709639e-04   -5.693755e-07    1.728982e-05   -1.665712e-05   -4.028598e-08    1.223336e-06
           1759   -1.413080e-01    5.662300e-02   -1.918700e-02    5.074070e-01   -5.777590e-02    2.129665e-02   -4.897662e-04    5.058218e-07    2.043853e-05   -1.732212e-05    3.578910e-08    1.446121e-06
           1760   -1.398800e-01    5.598800e-02   -2.043300e-02    5.079725e-01   -5.714266e-02    2.269678e-02   -5.046749e-04    3.133364e-07    1.290932e-05   -1.784941e-05    2.216981e-08    9.133944e-07
           1761   -1.383730e-01    5.531400e-02   -2.156000e-02    5.084631e-01   -5.642959e-02    2.389713e-02   -5.154295e-04    1.387701e-06   -4.158945e-06   -1.822978e-05    9.818626e-08   -2.942647e-07
           1762   -1.367960e-01    5.460400e-02   -2.256200e-02    5.088840e-01   -5.565689e-02    2.486537e-02   -5.238277e-04   -5.243201e-07   -2.157426e-05   -1.852681e-05   -3.709792e-08   -1.526479e-06
           1763   -1.351580e-01    5.386200e-02   -2.343400e-02    5.092428e-01   -5.487111e-02    2.564813e-02   -5.307744e-04    2.383979e-06   -2.329435e-05   -1.877250e-05    1.686776e-07   -1.648184e-06
           1764   -1.334670e-01    5.309200e-02   -2.417000e-02    5.095505e-01   -5.411106e-02    2.634308e-02   -5.378453e-04    3.958444e-07   -3.392106e-07   -1.902259e-05    2.800752e-08   -2.400037e-08
           1765   -1.317320e-01    5.229800e-02   -2.476700e-02    5.098137e-01   -5.336655e-02    2.701378e-02   -5.413211e-04   -3.166476e-06    1.964914e-05   -1.914552e-05   -2.240428e-07    1.390267e-06
           1766   -1.299640e-01    5.148500e-02   -2.522100e-02    5.100384e-01   -5.260597e-02    2.761945e-02   -5.441420e-04   -9.023124e-07    2.107394e-05   -1.924529e-05   -6.384286e-08    1.491079e-06
           1767   -1.281710e-01    5.065800e-02   -2.553000e-02    5.102394e-01   -5.180469e-02    2.807081e-02   -5.459429e-04   -5.220268e-07    8.522733e-06   -1.930898e-05   -3.693583e-08    6.030227e-07
           1768   -1.263640e-01    4.982000e-02   -2.569300e-02    5.104305e-01   -5.095838e-02    2.829571e-02   -5.468972e-04    6.566766e-06   -1.002563e-05   -1.934273e-05    4.646290e-07   -7.093596e-07
           1769   -1.245520e-01    4.897600e-02   -2.570700e-02    5.106179e-01   -5.008909e-02    2.829108e-02   -5.454892e-04    7.861264e-06   -5.790290e-06   -1.929294e-05    5.562208e-07   -4.096898e-07
           1770   -1.227460e-01    4.813100e-02   -2.557400e-02    5.108097e-01   -4.919550e-02    2.810179e-02   -5.444047e-04   -1.393437e-05   -7.070619e-06   -1.925458e-05   -9.859209e-07   -5.002790e-07
           1771   -1.209550e-01    4.728900e-02   -2.529300e-02    5.110162e-01   -4.831054e-02    2.773951e-02   -5.440642e-04   -7.254807e-06   -1.849810e-05   -1.924254e-05   -5.133111e-07   -1.308826e-06
           1772   -1.191830e-01    4.645400e-02   -2.489400e-02    5.112431e-01   -4.748708e-02    2.730301e-02   -5.443101e-04    3.573911e-06    9.704257e-06   -1.925124e-05    2.528707e-07    6.866211e-07
           1773   -1.174200e-01    4.562100e-02   -2.445000e-02    5.114778e-01   -4.665739e-02    2.694051e-02   -5.422761e-04   -1.899349e-05    2.845728e-05   -1.917930e-05   -1.343877e-06    2.013484e-06
           1774   -1.156570e-01    4.478900e-02   -2.400400e-02    5.117099e-01   -4.577006e-02    2.661917e-02   -5.413183e-04   -1.574162e-05    4.464711e-06   -1.914542e-05   -1.113792e-06    3.158988e-07
           1775   -1.138940e-01    4.395600e-02   -2.355800e-02    5.119450e-01   -4.487781e-02    2.623851e-02   -5.405358e-04    9.299170e-06   -7.792255e-06   -1.911775e-05    6.579593e-07   -5.513380e-07
           1776   -1.121310e-01    4.312400e-02   -2.311200e-02    5.121814e-01   -4.401556e-02    2.581259e-02   -5.399104e-04    7.095059e-06   -2.578950e-06   -1.909563e-05    5.020081e-07   -1.824726e-07
           1777   -1.103680e-01    4.229100e-02   -2.266600e-02    5.124184e-01   -4.315642e-02    2.537727e-02   -5.391102e-04    3.678120e-08   -4.853979e-06   -1.906732e-05    2.602443e-09   -3.434415e-07
           1778   -1.086050e-01    4.145900e-02   -2.222000e-02    5.126549e-01   -4.229616e-02    2.495185e-02   -5.381521e-04    1.671918e-06   -2.074964e-06   -1.903344e-05    1.182960e-07   -1.468133e-07
           1779   -1.068420e-01    4.062600e-02   -2.177300e-02    5.128916e-01   -4.142856e-02    2.454845e-02   -5.362373e-04    1.046716e-06    7.313947e-07   -1.896571e-05    7.405999e-08    5.174957e-08
           1780   -1.050790e-01    3.979400e-02   -2.132700e-02    5.131264e-01   -4.054369e-02    2.417145e-02   -5.339906e-04    3.362818e-06   -3.278524e-06   -1.888625e-05    2.379349e-07   -2.319707e-07
           1781   -1.033160e-01    3.896100e-02   -2.088100e-02    5.133596e-01   -3.962502e-02    2.381830e-02   -5.305894e-04    2.181213e-06   -2.959299e-06   -1.876596e-05    1.543309e-07   -2.093842e-07
           1782   -1.015530e-01    3.812900e-02   -2.043500e-02    5.135881e-01   -3.866010e-02    2.349583e-02   -5.266462e-04   -5.361740e-06   -2.237871e-06   -1.862650e-05   -3.793679e-07   -1.583397e-07
           1783   -9.979000e-02    3.729700e-02   -1.998900e-02    5.138112e-01   -3.764769e-02    2.319712e-02   -5.220640e-04   -1.407294e-05   -6.548630e-06   -1.846443e-05   -9.957259e-07   -4.633459e-07
           1784   -9.802700e-02    3.646400e-02   -1.954300e-02    5.140324e-01   -3.662510e-02    2.291814e-02   -5.166632e-04   -7.972780e-06   -7.448790e-06   -1.827341e-05   -5.641112e-07   -5.270364e-07
           1785   -9.626400e-02    3.563200e-02   -1.909600e-02    5.142528e-01   -3.564380e-02    2.267960e-02   -5.107716e-04    1.089395e-06    4.589138e-06   -1.806504e-05    7.707975e-08    3.247028e-07
           1786   -9.450100e-02    3.479900e-02   -1.865000e-02    5.144690e-01   -3.469813e-02    2.249930e-02   -5.028761e-04   -3.929963e-06    1.128138e-05   -1.778579e-05   -2.780632e-07    7.982100e-07
           1787   -9.273800e-02    3.396700e-02   -1.820400e-02    5.146817e-01   -3.377344e-02    2.234809e-02   -4.950023e-04   -4.605829e-06    7.107531e-07   -1.750731e-05   -3.258839e-07    5.028913e-08
           1788   -9.097500e-02    3.313400e-02   -1.775800e-02    5.148954e-01   -3.287434e-02    2.220041e-02   -4.854569e-04    3.836005e-06   -4.967410e-06   -1.716971e-05    2.714152e-07   -3.514674e-07
           1789   -8.921200e-02    3.230200e-02   -1.731200e-02    5.151058e-01   -3.200531e-02    2.207622e-02   -4.750973e-04   -5.058384e-07    2.053815e-06   -1.680331e-05   -3.579038e-08    1.453170e-07
           1790   -8.745000e-02    3.146900e-02   -1.686600e-02    5.153104e-01   -3.114594e-02    2.198939e-02   -4.644135e-04   -8.312080e-06    1.128875e-05   -1.642544e-05   -5.881186e-07    7.987322e-07
           1791   -8.568700e-02    3.063700e-02   -1.642000e-02    5.155126e-01   -3.030378e-02    2.191346e-02   -4.537117e-04    2.157899e-06    2.112254e-05   -1.604694e-05    1.526816e-07    1.494519e-06
           1792   -8.392400e-02    2.980400e-02   -1.597300e-02    5.157246e-01   -2.947843e-02    2.178269e-02   -4.467523e-04    7.931734e-06    2.594914e-05   -1.580080e-05    5.612075e-07    1.836023e-06
           1793   -8.216100e-02    2.897200e-02   -1.552700e-02    5.159529e-01   -2.864979e-02    2.151242e-02   -4.411302e-04   -2.680362e-06    3.578123e-06   -1.560195e-05   -1.896482e-07    2.531688e-07
           1794   -8.039800e-02    2.813900e-02   -1.508100e-02    5.161889e-01   -2.784096e-02    2.103840e-02   -4.326465e-04    7.107040e-06   -2.958695e-05   -1.530190e-05    5.028567e-07   -2.093416e-06
           1795   -7.863500e-02    2.730700e-02   -1.463500e-02    5.164161e-01   -2.712079e-02    2.043478e-02   -4.219693e-04    3.399816e-05   -3.130120e-05   -1.492427e-05    2.405530e-06   -2.214707e-06
           1796   -7.687200e-02    2.647500e-02   -1.418900e-02    5.166428e-01   -2.645093e-02    1.987782e-02   -4.138407e-04    2.316016e-05   -4.247217e-06   -1.463677e-05    1.638690e-06   -3.005105e-07
           1797   -7.510900e-02    2.564200e-02   -1.374300e-02    5.168776e-01   -2.569080e-02    1.946706e-02   -4.071567e-04   -2.449441e-05    1.128906e-05   -1.440037e-05   -1.733095e-06    7.987546e-07
           1798   -7.334600e-02    2.481000e-02   -1.329700e-02    5.171094e-01   -2.480105e-02    1.914638e-02   -3.977821e-04   -3.788523e-05    8.810801e-06   -1.406881e-05   -2.680559e-06    6.234058e-07
           1799   -7.158300e-02    2.397700e-02   -1.285000e-02    5.173422e-01   -2.389416e-02    1.881178e-02   -3.898616e-04    2.486433e-06    1.263850e-05   -1.378868e-05    1.759267e-07    8.942339e-07
           1800   -6.982000e-02    2.314500e-02   -1.240400e-02    5.175781e-01   -2.305039e-02    1.841709e-02   -3.824226e-04    2.822178e-05    1.350528e-05   -1.352558e-05    1.996825e-06    9.555628e-07
           1801   -6.805700e-02    2.231200e-02   -1.195800e-02    5.178147e-01   -2.220682e-02    1.793311e-02   -3.728213e-04    2.616186e-06   -3.198742e-06   -1.318600e-05    1.851077e-07   -2.263261e-07
           1802   -6.629400e-02    2.148000e-02   -1.151200e-02    5.180457e-01   -2.132443e-02    1.734625e-02   -3.605040e-04   -1.555443e-05   -1.026153e-05   -1.275036e-05   -1.100550e-06   -7.260523e-07
           1803   -6.453100e-02    2.064700e-02   -1.106600e-02    5.182700e-01   -2.047119e-02    1.667603e-02   -3.476732e-04    5.104006e-06    2.357532e-06   -1.229656e-05    3.611326e-07    1.668066e-07
           1804   -6.276800e-02    1.981500e-02   -1.062000e-02    5.184867e-01   -1.970037e-02    1.595502e-02   -3.338917e-04    1.229294e-05   -1.471280e-06   -1.180913e-05    8.697844e-07   -1.041000e-07
           1805   -6.100500e-02    1.898200e-02   -1.017300e-02    5.186980e-01   -1.897960e-02    1.520583e-02   -3.215550e-04   -3.253467e-07   -1.419751e-05   -1.137280e-05   -2.301979e-08   -1.004542e-06
           1806   -5.924200e-02    1.815000e-02   -9.727000e-03    5.189103e-01   -1.829576e-02    1.448594e-02   -3.110519e-04    4.866118e-06   -3.222157e-06   -1.100133e-05    3.443011e-07   -2.279831e-07
           1807   -5.748000e-02    1.731800e-02   -9.281000e-03    5.191301e-01   -1.763134e-02    1.384155e-02   -3.031571e-04    6.537271e-06   -3.821182e-06   -1.072210e-05    4.625433e-07   -2.703671e-07
           1808   -5.571700e-02    1.648500e-02   -8.835000e-03    5.193595e-01   -1.693399e-02    1.328726e-02   -2.990391e-04    3.915531e-06    1.796826e-06   -1.057646e-05    2.770426e-07    1.271342e-07
           1809   -5.395400e-02    1.565300e-02   -8.389000e-03    5.195951e-01   -1.615777e-02    1.282033e-02   -2.956297e-04    2.392326e-06    2.865069e-05   -1.045587e-05    1.692685e-07    2.027174e-06
           1810   -5.219100e-02    1.482000e-02   -7.943000e-03    5.198304e-01   -1.525637e-02    1.234330e-02   -2.931539e-04   -2.871767e-06    2.019296e-05   -1.036831e-05   -2.031913e-07    1.428749e-06
           1811   -5.042800e-02    1.398800e-02   -7.497000e-03    5.200489e-01   -1.424204e-02    1.171044e-02   -2.876121e-04   -3.412787e-06    1.343826e-06   -1.017230e-05   -2.414711e-07    9.508199e-08
           1812   -4.866500e-02    1.315500e-02   -7.050000e-03    5.202288e-01   -1.318621e-02    1.084760e-02   -2.750105e-04   -7.788175e-07   -2.153333e-05   -9.726609e-06   -5.510508e-08   -1.523587e-06
           1813   -4.690200e-02    1.232300e-02   -6.604000e-03    5.203652e-01   -1.218172e-02    9.801983e-03   -2.599863e-04    3.229199e-07   -3.080990e-05   -9.195232e-06    2.284814e-08   -2.179949e-06
           1814   -4.513900e-02    1.149000e-02   -6.158000e-03    5.204929e-01   -1.128699e-02    8.707306e-03   -2.508435e-04    3.046818e-06   -2.315489e-05   -8.871868e-06    2.155772e-07   -1.638321e-06
           1815   -4.337600e-02    1.065800e-02   -5.712000e-03    5.206513e-01   -1.050765e-02    7.712062e-03   -2.486881e-04    7.157998e-06   -1.013062e-05   -8.795636e-06    5.064628e-07   -7.167902e-07
           1816   -4.161300e-02    9.825000e-03   -5.266000e-03    5.208544e-01   -9.774890e-03    6.918393e-03   -2.539567e-04    3.810475e-06    1.619107e-05   -8.981976e-06    2.696096e-07    1.145596e-06
           1817   -3.985000e-02    8.993000e-03   -4.820000e-03    5.210842e-01   -8.994703e-03    6.322052e-03   -2.644737e-04   -5.849604e-07    4.037705e-05   -9.353942e-06   -4.138877e-08    2.856872e-06
           1818   -3.808000e-02    8.172000e-03   -4.380000e-03    5.213111e-01   -8.108341e-03    5.796948e-03   -2.775004e-04   -4.381739e-06    4.432837e-05   -9.814674e-06   -3.100292e-07    3.136446e-06
           1819   -3.629300e-02    7.381000e-03   -3.956000e-03    5.215023e-01   -7.137036e-03    5.151673e-03   -2.880431e-04   -9.728262e-07    9.548097e-06   -1.018755e-05   -6.883214e-08    6.755739e-07
           1820   -3.448500e-02    6.629000e-03   -3.553000e-03    5.216186e-01   -6.161620e-03    4.259965e-03   -2.876337e-04   -6.851867e-06   -2.702343e-05   -1.017307e-05   -4.848027e-07   -1.912038e-06
           1821   -3.265600e-02    5.915000e-03   -3.170000e-03    5.216509e-01   -5.290498e-03    3.162983e-03   -2.845394e-04   -2.216635e-05   -4.407347e-05   -1.006363e-05   -1.568376e-06   -3.118410e-06
           1822   -3.080900e-02    5.240000e-03   -2.808000e-03    5.216533e-01   -4.649110e-03    2.045508e-03   -2.961233e-04   -2.363604e-05   -3.331365e-05   -1.047333e-05   -1.672364e-06   -2.357101e-06
           1823   -2.894300e-02    4.604000e-03   -2.468000e-03    5.216783e-01   -4.321258e-03    1.143839e-03   -3.216555e-04   -3.880793e-06   -4.088217e-06   -1.137636e-05   -2.745847e-07   -2.892610e-07
           1824   -2.706100e-02    4.009000e-03   -2.149000e-03    5.217078e-01   -4.265264e-03    6.357900e-04   -3.470887e-04    1.711874e-05    3.560298e-05   -1.227588e-05    1.211233e-06    2.519080e-06
           1825   -2.516300e-02    3.454000e-03   -1.851000e-03    5.217093e-01   -4.304048e-03    5.122108e-04   -3.736365e-04    2.099684e-05    6.078152e-05   -1.321483e-05    1.485626e-06    4.300582e-06
           1826   -2.325000e-02    2.939000e-03   -1.575000e-03    5.217121e-01   -4.265645e-03    5.535280e-04   -4.189797e-04    1.821911e-05    4.643049e-05   -1.481853e-05    1.289088e-06    3.285176e-06
           1827   -2.132400e-02    2.465000e-03   -1.321000e-03    5.217552e-01   -4.082179e-03    4.708764e-04   -4.425670e-04    1.350395e-05   -5.153572e-06   -1.565277e-05    9.554678e-07   -3.646396e-07
           1828   -1.938600e-02    2.032000e-03   -1.089000e-03    5.218066e-01   -3.766659e-03    1.061303e-04   -3.870024e-04   -2.687580e-06   -5.788208e-05   -1.368756e-05   -1.901593e-07   -4.095433e-06
           1829   -1.743600e-02    1.640000e-03   -8.790000e-04    5.218259e-01   -3.376324e-03   -4.519013e-04   -3.118636e-04   -3.175647e-05   -5.138659e-05   -1.103004e-05   -2.246923e-06   -3.635847e-06
           1830   -1.547600e-02    1.290000e-03   -6.920000e-04    5.218357e-01   -3.009205e-03   -9.814158e-04   -2.467619e-04   -4.065071e-05   -8.309330e-07   -8.727511e-06   -2.876235e-06   -5.879218e-08
           1831   -1.350700e-02    9.820000e-04   -5.260000e-04    5.218527e-01   -2.792792e-03   -1.353918e-03   -1.983749e-04   -1.478390e-05    3.016915e-05   -7.016150e-06   -1.046033e-06    2.134615e-06
           1832   -1.153000e-02    7.160000e-04   -3.840000e-04    5.218540e-01   -2.801979e-03   -1.574598e-03   -1.386618e-04    1.270942e-05    2.485099e-05   -4.904209e-06    8.992547e-07    1.758330e-06
           1833   -9.546000e-03    4.920000e-04   -2.640000e-04    5.218222e-01   -3.011964e-03   -1.706101e-03   -5.917602e-05    1.521437e-05    1.186149e-05   -2.092946e-06    1.076492e-06    8.392591e-07
           1834   -7.557000e-03    3.100000e-04   -1.660000e-04    5.217638e-01   -3.350838e-03   -1.786071e-03    2.845076e-05    1.899865e-05    3.569361e-06    1.006250e-06    1.344251e-06    2.525503e-07
           1835   -5.563000e-03    1.700000e-04   -9.100000e-05    5.216971e-01   -3.745897e-03   -1.832241e-03    1.119051e-04    2.597851e-05   -3.195836e-06    3.957875e-06    1.838112e-06   -2.261217e-07
           1836   -3.566000e-03    7.300000e-05   -3.900000e-05    5.216472e-01   -4.103935e-03   -1.859193e-03    1.779829e-04    1.223705e-05    6.564500e-06    6.294926e-06    8.658350e-07    4.644723e-07
           1837   -1.568000e-03    1.900000e-05   -1.000000e-05    5.216250e-01   -4.348236e-03   -1.917908e-03    2.238892e-04   -1.683442e-05    1.615075e-05    7.918544e-06   -1.191122e-06    1.142749e-06
           1838    4.320000e-04    1.000000e-06   -1.000000e-06    5.216068e-01   -4.515014e-03   -2.116168e-03    2.684637e-04   -3.078644e-05   -5.372872e-06    9.495063e-06   -2.178302e-06   -3.801589e-07
           1839    2.432000e-03    0.000000e+00    0.000000e+00    5.215504e-01   -4.754924e-03   -2.516649e-03    3.388718e-04    2.228962e-05   -1.930861e-05    1.198527e-05    1.577108e-06   -1.366186e-06
           1840    4.432000e-03    0.000000e+00    0.000000e+00    5.214437e-01   -5.150638e-03   -3.023555e-03    4.373466e-04    3.872797e-05    2.943107e-05    1.546814e-05    2.740211e-06    2.082406e-06
           1841    6.432000e-03    0.000000e+00    0.000000e+00    5.213181e-01   -5.586118e-03   -3.568214e-03    5.387610e-04   -4.618060e-06    3.224997e-05    1.905497e-05   -3.267531e-07    2.281861e-06
           1842    8.432000e-03    0.000000e+00    0.000000e+00    5.211561e-01   -5.961846e-03   -4.258535e-03    6.427197e-04   -5.219154e-06   -2.672303e-05    2.273180e-05   -3.692837e-07   -1.890802e-06
           1843    1.043200e-02    0.000000e+00    0.000000e+00    5.209183e-01   -6.352605e-03   -5.119043e-03    7.603647e-04    3.457278e-07   -6.684424e-05    2.689269e-05    2.446203e-08   -4.729605e-06
           1844    1.243200e-02    0.000000e+00    0.000000e+00    5.206584e-01   -6.877180e-03   -5.950026e-03    8.682963e-04   -2.356144e-05   -7.627480e-05    3.071002e-05   -1.667106e-06   -5.396876e-06
           1845    1.443200e-02    0.000000e+00    0.000000e+00    5.204326e-01   -7.644413e-03   -6.434358e-03    9.536392e-04    3.410963e-06   -5.388223e-05    3.372845e-05    2.413456e-07   -3.812477e-06
           1846    1.643200e-02    0.000000e+00    0.000000e+00    5.201698e-01   -8.586503e-03   -6.236274e-03    1.061928e-03    2.549412e-05    6.662149e-07    3.755842e-05    1.803857e-06    4.713911e-08
           1847    1.843200e-02    0.000000e+00    0.000000e+00    5.197274e-01   -9.320568e-03   -5.249314e-03    1.252859e-03   -2.695140e-05    4.412331e-05    4.431128e-05   -1.906974e-06    3.121988e-06
           1848    2.043200e-02    0.000000e+00    0.000000e+00    5.190408e-01   -9.531798e-03   -3.767962e-03    1.509280e-03   -5.292991e-05    4.396372e-05    5.338042e-05   -3.745117e-06    3.110704e-06
           1849    2.243200e-02    0.000000e+00    0.000000e+00    5.182075e-01   -9.273031e-03   -2.168174e-03    1.760131e-03   -1.394143e-05    3.001034e-05    6.225255e-05   -9.864444e-07    2.123422e-06
           1850    2.443200e-02    0.000000e+00    0.000000e+00    5.173882e-01   -8.689345e-03   -6.662632e-04    1.984986e-03    1.404430e-06    1.925945e-05    7.020525e-05    9.937248e-08    1.362731e-06
           1851    2.643200e-02    0.000000e+00    0.000000e+00    5.167033e-01   -7.869187e-03    5.928465e-04    2.185182e-03   -5.301874e-06    1.039927e-05    7.728581e-05   -3.751429e-07    7.358175e-07
           1852    2.843200e-02    0.000000e+00    0.000000e+00    5.162152e-01   -6.943076e-03    1.510375e-03    2.349512e-03   -1.029182e-06    5.248733e-06    8.309788e-05   -7.282159e-08    3.713836e-07
           1853    3.043200e-02    0.000000e+00    0.000000e+00    5.159296e-01   -6.072468e-03    2.045576e-03    2.458928e-03   -1.002223e-05    6.752255e-06    8.696770e-05   -7.091420e-07    4.777684e-07
           1854    3.243200e-02    0.000000e+00    0.000000e+00    5.158114e-01   -5.430305e-03    2.210689e-03    2.501667e-03   -1.724696e-05   -2.674821e-05    8.847933e-05   -1.220341e-06   -1.892621e-06
           1855    3.443200e-02    0.000000e+00    0.000000e+00    5.157902e-01   -5.175226e-03    2.144890e-03    2.485848e-03    2.057387e-05   -6.772205e-05    8.791981e-05    1.455743e-06   -4.791802e-06
           1856    3.643200e-02    0.000000e+00    0.000000e+00    5.157873e-01   -5.249254e-03    2.139818e-03    2.424024e-03    5.811407e-05   -1.979768e-05    8.573323e-05    4.111969e-06   -1.400822e-06
           1857    3.843200e-02    0.000000e+00    0.000000e+00    5.157730e-01   -5.361261e-03    2.343604e-03    2.336020e-03    7.126039e-06    4.164837e-05    8.262067e-05    5.042162e-07    2.946905e-06
           1858    4.043200e-02    0.000000e+00    0.000000e+00    5.157541e-01   -5.361626e-03    2.618040e-03    2.219612e-03   -5.255418e-05    3.973764e-05    7.850354e-05   -3.718560e-06    2.811705e-06
           1859    4.243200e-02    0.000000e+00    0.000000e+00    5.157390e-01   -5.431116e-03    2.845026e-03    2.095379e-03   -2.113512e-05    2.587817e-05    7.410966e-05   -1.495450e-06    1.831052e-06
           1860    4.443200e-02    0.000000e+00    0.000000e+00    5.156943e-01   -5.797520e-03    3.027010e-03    2.025090e-03    4.182987e-05    1.319929e-05    7.162365e-05    2.959738e-06    9.339363e-07
           1861    4.643200e-02    0.000000e+00    0.000000e+00    5.155771e-01   -6.457943e-03    3.143827e-03    1.987821e-03    4.357816e-05    3.092873e-05    7.030553e-05    3.083439e-06    2.188409e-06
           1862    4.843200e-02    0.000000e+00    0.000000e+00    5.153880e-01   -7.300340e-03    3.084833e-03    1.943505e-03    8.461593e-06    2.148948e-05    6.873814e-05    5.987127e-07    1.520520e-06
           1863    5.043200e-02    0.000000e+00    0.000000e+00    5.150729e-01   -8.314033e-03    2.735952e-03    1.941977e-03   -1.486078e-05   -5.128462e-05    6.868411e-05   -1.051497e-06   -3.628720e-06
           1864    5.243200e-02    0.000000e+00    0.000000e+00    5.145778e-01   -9.523839e-03    2.219708e-03    2.000970e-03    1.074154e-05   -8.354636e-05    7.077059e-05    7.600345e-07   -5.911450e-06
           1865    5.443200e-02    0.000000e+00    0.000000e+00    5.140183e-01   -1.086066e-02    1.857762e-03    2.064456e-03    5.455751e-05   -2.601568e-05    7.301597e-05    3.860303e-06   -1.840781e-06
           1866    5.643200e-02    0.000000e+00    0.000000e+00    5.135919e-01   -1.208793e-02    1.786423e-03    2.124557e-03    1.482952e-06    2.826091e-05    7.514162e-05    1.049283e-07    1.999647e-06
           1867    5.843200e-02    0.000000e+00    0.000000e+00    5.133443e-01   -1.304477e-02    1.866246e-03    2.172588e-03   -2.189050e-05   -2.755111e-05    7.684038e-05   -1.548899e-06   -1.949425e-06
           1868    6.043200e-02    0.000000e+00    0.000000e+00    5.132050e-01   -1.374722e-02    2.046887e-03    2.158949e-03    7.261035e-05   -1.396313e-04    7.635802e-05    5.137665e-06   -9.879841e-06
           1869    6.243200e-02    0.000000e+00    0.000000e+00    5.131310e-01   -1.386381e-02    2.487035e-03    2.031317e-03    5.489714e-05   -7.438663e-05    7.184391e-05    3.884334e-06   -5.263343e-06
           1870    6.443200e-02    0.000000e+00    0.000000e+00    5.126877e-01   -1.284667e-02    3.113037e-03    2.059799e-03   -9.773010e-05    7.604813e-05    7.285127e-05   -6.915049e-06    5.380906e-06
           1871    6.643200e-02    0.000000e+00    0.000000e+00    5.114376e-01   -1.105949e-02    3.534744e-03    2.253997e-03   -1.192646e-04    8.807269e-05    7.971967e-05   -8.438770e-06    6.231735e-06
           1872    6.843200e-02    0.000000e+00    0.000000e+00    5.097520e-01   -9.091057e-03    3.672331e-03    2.398018e-03   -8.476331e-05    6.120171e-05    8.481342e-05   -5.997584e-06    4.330439e-06
           1873    7.043200e-02    0.000000e+00    0.000000e+00    5.081339e-01   -7.129657e-03    3.668389e-03    2.471352e-03   -5.706238e-05    6.469691e-05    8.740712e-05   -4.037557e-06    4.577751e-06
           1874    7.243200e-02    0.000000e+00    0.000000e+00    5.069552e-01   -5.315171e-03    3.686562e-03    2.502542e-03    1.309515e-05    4.267173e-05    8.851024e-05    9.265721e-07    3.019320e-06
           1875    7.443200e-02    0.000000e+00    0.000000e+00    5.063508e-01   -3.901553e-03    3.782593e-03    2.485442e-03    5.758712e-05   -1.719393e-06    8.790544e-05    4.074686e-06   -1.216589e-07
           1876    7.643200e-02    0.000000e+00    0.000000e+00    5.061441e-01   -3.039510e-03    3.885669e-03    2.415182e-03    4.564171e-05   -2.733175e-05    8.542048e-05    3.229464e-06   -1.933908e-06
           1877    7.843200e-02    0.000000e+00    0.000000e+00    5.061034e-01   -2.659076e-03    3.932386e-03    2.325897e-03    1.399540e-06   -6.665191e-05    8.226266e-05    9.902732e-08   -4.716074e-06
           1878    8.043200e-02    0.000000e+00    0.000000e+00    5.060989e-01   -2.573363e-03    4.011043e-03    2.214147e-03   -3.933788e-05   -8.913251e-05    7.831028e-05   -2.783418e-06   -6.306722e-06
           1879    8.243200e-02    0.000000e+00    0.000000e+00    5.060531e-01   -2.526829e-03    4.408761e-03    2.097516e-03   -3.505420e-05   -2.265861e-05    7.418523e-05   -2.480317e-06   -1.603247e-06
           1880    8.443200e-02    0.000000e+00    0.000000e+00    5.057922e-01   -2.342738e-03    5.360673e-03    2.072097e-03    4.497774e-05    7.399461e-05    7.328620e-05    3.182471e-06    5.235606e-06
           1881    8.643200e-02    0.000000e+00    0.000000e+00    5.052271e-01   -2.032294e-03    6.715539e-03    2.113959e-03    9.857428e-05    9.413219e-05    7.476681e-05    6.974783e-06    6.660475e-06
           1882    8.843200e-02    0.000000e+00    0.000000e+00    5.046482e-01   -1.667957e-03    8.072691e-03    2.125653e-03    4.473454e-05    2.530373e-06    7.518038e-05    3.165266e-06    1.790406e-07
           1883    9.043200e-02    0.000000e+00    0.000000e+00    5.042981e-01   -1.269991e-03    9.123833e-03    2.108698e-03   -2.813989e-05   -9.833679e-05    7.458072e-05   -1.991083e-06   -6.957979e-06
           1884    9.243200e-02    0.000000e+00    0.000000e+00    5.040542e-01   -7.100224e-04    9.894545e-03    2.051664e-03   -8.028466e-05   -8.610849e-05    7.256353e-05   -5.680668e-06   -6.092742e-06
           1885    9.443200e-02    0.000000e+00    0.000000e+00    5.036496e-01    1.870350e-04    1.068781e-02    2.012996e-03   -8.386672e-05    2.033541e-05    7.119594e-05   -5.934119e-06    1.438863e-06
           1886    9.643200e-02    0.000000e+00    0.000000e+00    5.028730e-01    1.329440e-03    1.177151e-02    2.040153e-03   -1.099834e-05    1.092782e-04    7.215642e-05   -7.782044e-07    7.732153e-06
           1887    9.843200e-02    0.000000e+00    0.000000e+00    5.018126e-01    2.415882e-03    1.315970e-02    2.078714e-03    4.224727e-05    1.304441e-04    7.352026e-05    2.989273e-06    9.229781e-06
           1888    1.004320e-01    0.000000e+00    0.000000e+00    5.008546e-01    3.197515e-03    1.466973e-02    2.085566e-03    4.635765e-05    9.531099e-05    7.376260e-05    3.280110e-06    6.743881e-06
           1889    1.024320e-01    0.000000e+00    0.000000e+00    5.003168e-01    3.451806e-03    1.598688e-02    2.072961e-03    1.437854e-05   -4.994468e-06    7.331677e-05    1.017376e-06   -3.533913e-07
           1890    1.044320e-01    0.000000e+00    0.000000e+00    5.000848e-01    3.049968e-03    1.679620e-02    2.028948e-03    4.314699e-05   -1.257937e-04    7.176012e-05    3.052932e-06   -8.900725e-06
           1891    1.064320e-01    0.000000e+00    0.000000e+00    4.998677e-01    2.233293e-03    1.717506e-02    1.895415e-03    1.577756e-04   -1.242204e-04    6.703729e-05    1.116364e-05   -8.789394e-06
           1892    1.084320e-01    0.000000e+00    0.000000e+00    4.997578e-01    1.634927e-03    1.732920e-02    1.642074e-03    1.921416e-04   -3.881268e-05    5.807711e-05    1.359522e-05   -2.746242e-06
           1893    1.104320e-01    0.000000e+00    0.000000e+00    4.996457e-01    2.052850e-03    1.704916e-02    1.422938e-03    4.478446e-06    4.907995e-05    5.032667e-05    3.168793e-07    3.472705e-06
           1894    1.124320e-01    0.000000e+00    0.000000e+00    4.986145e-01    3.473955e-03    1.612683e-02    1.404855e-03   -1.121373e-04    3.412839e-05    4.968711e-05   -7.934394e-06    2.414791e-06
           1895    1.144320e-01    0.000000e+00    0.000000e+00    4.963706e-01    4.920963e-03    1.480711e-02    1.432522e-03   -6.990632e-05   -4.046886e-06    5.066564e-05   -4.946300e-06   -2.863419e-07
           1896    1.164320e-01    0.000000e+00    0.000000e+00    4.933449e-01    5.833702e-03    1.337327e-02    1.499787e-03   -7.174950e-05   -2.473455e-05    5.304467e-05   -5.076719e-06   -1.750122e-06
           1897    1.184320e-01    0.000000e+00    0.000000e+00    4.899812e-01    6.141310e-03    1.195167e-02    1.588493e-03   -4.338077e-05   -6.776576e-05    5.618203e-05   -3.069459e-06   -4.794849e-06
           1898    1.204320e-01    0.000000e+00    0.000000e+00    4.865405e-01    6.089103e-03    1.056694e-02    1.663268e-03   -6.575130e-05    3.322533e-05    5.882668e-05   -4.652318e-06    2.350902e-06
           1899    1.224320e-01    0.000000e+00    0.000000e+00    4.831645e-01    5.859682e-03    9.138311e-03    1.677817e-03   -1.776648e-04    1.653421e-04    5.934126e-05   -1.257090e-05    1.169899e-05
           1900    1.244320e-01    0.000000e+00    0.000000e+00    4.804634e-01    5.387265e-03    7.366798e-03    1.624930e-03   -1.208872e-04    7.519234e-05    5.747076e-05   -8.553527e-06    5.320328e-06
           1901    1.264320e-01    0.000000e+00    0.000000e+00    4.793531e-01    4.923925e-03    5.719677e-03    1.781170e-03    1.148014e-04   -1.163429e-04    6.299669e-05    8.122935e-06   -8.232002e-06
           1902    1.284320e-01    0.000000e+00    0.000000e+00    4.792308e-01    4.998223e-03    5.141385e-03    1.943403e-03    1.976080e-04   -8.809946e-05    6.873455e-05    1.398205e-05   -6.233608e-06
           1903    1.304320e-01    0.000000e+00    0.000000e+00    4.791604e-01    5.503257e-03    5.227756e-03    1.931140e-03    1.340436e-04   -9.688232e-06    6.830084e-05    9.484451e-06   -6.855052e-07
           1904    1.324320e-01    0.000000e+00    0.000000e+00    4.790824e-01    6.031894e-03    5.379347e-03    1.866678e-03    2.239257e-05   -5.806105e-05    6.602093e-05    1.584418e-06   -4.108193e-06
           1905    1.344320e-01    0.000000e+00    0.000000e+00    4.790414e-01    6.412963e-03    5.291799e-03    1.816554e-03   -4.056709e-05   -6.540002e-06    6.424815e-05   -2.870381e-06   -4.627473e-07
           1906    1.364320e-01    0.000000e+00    0.000000e+00    4.789669e-01    6.761867e-03    4.884697e-03    1.811455e-03   -9.803602e-06    7.366812e-05    6.406780e-05   -6.936675e-07    5.212490e-06
           1907    1.384320e-01    0.000000e+00    0.000000e+00    4.788780e-01    7.041264e-03    4.366938e-03    1.807952e-03    6.695697e-05   -2.036340e-05    6.394389e-05    4.737633e-06   -1.440840e-06
           1908    1.404320e-01    0.000000e+00    0.000000e+00    4.787841e-01    7.069249e-03    3.772219e-03    1.810766e-03    4.433447e-06   -4.704966e-05    6.404342e-05    3.136943e-07   -3.329064e-06
           1909    1.424320e-01    0.000000e+00    0.000000e+00    4.785634e-01    6.772528e-03    2.916771e-03    1.887689e-03   -1.808362e-04   -1.338857e-04    6.676404e-05   -1.279533e-05   -9.473277e-06
           1910    1.444320e-01    0.000000e+00    0.000000e+00    4.781832e-01    6.654717e-03    1.770493e-03    1.862915e-03   -1.050634e-04   -6.335587e-05    6.588783e-05   -7.433913e-06   -4.482837e-06
           1911    1.464320e-01    0.000000e+00    0.000000e+00    4.774281e-01    7.479086e-03    4.802886e-04    1.859525e-03    8.581228e-05    2.766096e-04    6.576795e-05    6.071770e-06    1.957191e-05
           1912    1.484320e-01    0.000000e+00    0.000000e+00    4.763650e-01    8.868445e-03   -6.041011e-04    1.792531e-03    6.559219e-05    2.180283e-04    6.339850e-05    4.641067e-06    1.542690e-05
           1913    1.504320e-01    0.000000e+00    0.000000e+00    4.757988e-01    9.993683e-03   -1.375725e-03    1.685471e-03   -2.464953e-05   -9.650985e-06    5.961197e-05   -1.744109e-06   -6.828674e-07
           1914    1.524320e-01    0.000000e+00    0.000000e+00    4.757183e-01    1.043269e-02   -1.562642e-03    1.616875e-03    2.701091e-06    2.359398e-07    5.718585e-05    1.911189e-07    1.669412e-08
           1915    1.544320e-01    0.000000e+00    0.000000e+00    4.756066e-01    1.018914e-02   -1.022700e-03    1.639872e-03    2.825929e-05   -3.426206e-05    5.799923e-05    1.999522e-06   -2.424255e-06
           1916    1.564320e-01    0.000000e+00    0.000000e+00    4.750354e-01    9.387548e-03    9.822871e-05    1.751477e-03    9.285396e-05   -7.504833e-06    6.194649e-05    6.570008e-06   -5.310141e-07
           1917    1.584320e-01    0.000000e+00    0.000000e+00    4.738610e-01    8.150933e-03    1.416359e-03    1.807171e-03    9.722905e-05    1.775391e-05    6.391628e-05    6.879576e-06    1.256202e-06
           1918    1.604320e-01    0.000000e+00    0.000000e+00    4.720114e-01    6.469293e-03    2.456071e-03    1.888692e-03   -9.805230e-05   -7.796586e-05    6.679951e-05   -6.937836e-06   -5.516589e-06
           1919    1.624320e-01    0.000000e+00    0.000000e+00    4.695338e-01    4.650128e-03    3.115175e-03    2.032883e-03   -1.320771e-04   -2.052392e-04    7.189931e-05   -9.345318e-06   -1.452202e-05
           1920    1.644320e-01    0.000000e+00    0.000000e+00    4.668393e-01    3.038714e-03    4.054282e-03    2.063971e-03    1.292707e-04   -1.235787e-04    7.299883e-05    9.146751e-06   -8.744010e-06
           1921    1.664320e-01    0.000000e+00    0.000000e+00    4.647042e-01    1.626803e-03    5.442659e-03    1.957013e-03    4.018256e-05    5.958283e-05    6.921589e-05    2.843181e-06    4.215872e-06
           1922    1.684320e-01    0.000000e+00    0.000000e+00    4.633430e-01    2.683550e-04    6.748508e-03    1.724307e-03   -1.592788e-04   -3.887392e-05    6.098553e-05   -1.126998e-05   -2.750572e-06
           1923    1.704320e-01    0.000000e+00    0.000000e+00    4.625606e-01   -7.255989e-04    7.957496e-03    1.398211e-03    2.319990e-05   -6.169485e-05    4.945211e-05    1.641529e-06   -4.365289e-06
           1924    1.724320e-01    0.000000e+00    0.000000e+00    4.622761e-01   -8.385415e-04    8.931245e-03    1.282335e-03    1.832760e-04    2.113858e-04    4.535382e-05    1.296787e-05    1.495681e-05
           1925    1.744320e-01    0.000000e+00    0.000000e+00    4.622230e-01   -6.355722e-04    9.287029e-03    1.145767e-03   -2.740187e-05    2.622627e-04    4.052366e-05   -1.938840e-06    1.855664e-05
           1926    1.764320e-01    0.000000e+00    0.000000e+00    4.621109e-01   -1.179456e-03    9.509714e-03    1.080023e-03   -1.519861e-04   -8.178891e-05    3.819841e-05   -1.075390e-05   -5.787045e-06
           1927    1.784320e-01    0.000000e+00    0.000000e+00    4.615850e-01   -2.316962e-03    1.021270e-02    1.160412e-03    9.050369e-05   -1.295441e-04    4.104163e-05    6.403671e-06   -9.166008e-06
           1928    1.804320e-01    0.000000e+00    0.000000e+00    4.608410e-01   -3.531663e-03    1.118154e-02    1.127956e-03    2.377035e-04    2.171444e-05    3.989369e-05    1.681892e-05    1.536424e-06
           1929    1.824320e-01    0.000000e+00    0.000000e+00    4.597823e-01   -5.174249e-03    1.174093e-02    1.018586e-03    2.402332e-05   -7.285184e-05    3.602549e-05    1.699790e-06   -5.154689e-06
           1930    1.844320e-01    0.000000e+00    0.000000e+00    4.579991e-01   -7.094830e-03    1.135941e-02    1.050073e-03   -1.824824e-04   -1.156753e-04    3.713914e-05   -1.291169e-05   -8.184703e-06
           1931    1.864320e-01    0.000000e+00    0.000000e+00    4.558886e-01   -8.727365e-03    1.022460e-02    1.031932e-03   -1.294236e-04   -8.214421e-06    3.649752e-05   -9.157470e-06   -5.812186e-07
           1932    1.884320e-01    0.000000e+00    0.000000e+00    4.540171e-01   -1.010873e-02    8.788608e-03    9.622293e-04   -2.558168e-05    7.883969e-05    3.403226e-05   -1.810051e-06    5.578361e-06
           1933    1.904320e-01    0.000000e+00    0.000000e+00    4.524120e-01   -1.142753e-02    7.338629e-03    8.716861e-04    1.075468e-05    9.252230e-05    3.082991e-05    7.609549e-07    6.546479e-06
           1934    1.924320e-01    0.000000e+00    0.000000e+00    4.507801e-01   -1.285943e-02    5.994767e-03    7.596863e-04   -1.048504e-04    3.682720e-05    2.686869e-05   -7.418752e-06    2.605731e-06
           1935    1.944320e-01    0.000000e+00    0.000000e+00    4.489927e-01   -1.458007e-02    5.019904e-03    6.812066e-04   -8.602758e-05    2.547678e-06    2.409301e-05   -6.086928e-06    1.802624e-07
           1936    1.964320e-01    0.000000e+00    0.000000e+00    4.472400e-01   -1.653994e-02    4.889565e-03    7.145127e-04    5.206377e-05    8.916315e-06    2.527098e-05    3.683802e-06    6.308790e-07
           1937    1.984320e-01    0.000000e+00    0.000000e+00    4.455302e-01   -1.833945e-02    5.675841e-03    7.163365e-04    8.787230e-05    3.362011e-05    2.533549e-05    6.217455e-06    2.378810e-06
           1938    2.004320e-01    0.000000e+00    0.000000e+00    4.436511e-01   -1.976972e-02    7.055518e-03    5.847958e-04   -8.742382e-06   -3.838334e-05    2.068314e-05   -6.185702e-07   -2.715829e-06
           1939    2.024320e-01    0.000000e+00    0.000000e+00    4.415201e-01   -2.076970e-02    8.775147e-03    4.739150e-04    1.740342e-05   -2.173940e-04    1.676149e-05    1.231385e-06   -1.538180e-05
           1940    2.044320e-01    0.000000e+00    0.000000e+00    4.397066e-01   -2.143000e-02    1.064292e-02    3.979451e-04    1.319426e-04   -4.114427e-06    1.407458e-05    9.335640e-06   -2.911181e-07
           1941    2.064320e-01    0.000000e+00    0.000000e+00    4.385400e-01   -2.217310e-02    1.229147e-02    3.867425e-04   -3.267874e-05    8.543451e-05    1.367836e-05   -2.312195e-06    6.044947e-06
           1942    2.084320e-01    0.000000e+00    0.000000e+00    4.376609e-01   -2.312265e-02    1.364506e-02    3.233187e-04   -1.296198e-04   -4.759359e-05    1.143518e-05   -9.171282e-06   -3.367496e-06
           1943    2.104320e-01    0.000000e+00    0.000000e+00    4.371119e-01   -2.387625e-02    1.477958e-02    1.792672e-04    6.238429e-06   -1.616271e-04    6.340349e-06    4.414000e-07   -1.143595e-05
           1944    2.124320e-01    0.000000e+00    0.000000e+00    4.370003e-01   -2.413087e-02    1.526371e-02   -7.358742e-05    2.004281e-05   -1.371676e-04   -2.602650e-06    1.418129e-06   -9.705293e-06
           1945    2.144320e-01    0.000000e+00    0.000000e+00    4.367032e-01   -2.385242e-02    1.437856e-02   -1.581032e-04    2.838188e-05    1.091447e-04   -5.591817e-06    2.008157e-06    7.722520e-06
           1946    2.164320e-01    0.000000e+00    0.000000e+00    4.352816e-01   -2.324465e-02    1.260597e-02   -1.709771e-04    5.561310e-05   -6.416917e-06   -6.047143e-06    3.934899e-06   -4.540277e-07
           1947    2.184320e-01    0.000000e+00    0.000000e+00    4.326335e-01   -2.267110e-02    1.083903e-02   -1.479965e-04    6.027618e-05    1.916063e-04   -5.234360e-06    4.264836e-06    1.355709e-05
           1948    2.204320e-01    0.000000e+00    0.000000e+00    4.292266e-01   -2.234372e-02    9.463494e-03    3.323583e-05    3.054384e-05    1.386391e-04    1.175490e-06    2.161132e-06    9.809413e-06
           1949    2.224320e-01    0.000000e+00    0.000000e+00    4.257166e-01   -2.212267e-02    8.173941e-03    7.482554e-05    4.825223e-05   -1.327279e-04    2.646440e-06    3.414091e-06   -9.391175e-06
           1950    2.244320e-01    0.000000e+00    0.000000e+00    4.221657e-01   -2.240372e-02    6.954126e-03    8.606854e-05   -1.252539e-04    2.957765e-05    3.044084e-06   -8.862349e-06    2.092770e-06
           1951    2.264320e-01    0.000000e+00    0.000000e+00    4.186031e-01   -2.314855e-02    5.961513e-03    1.135540e-04   -2.037097e-05    1.448407e-04    4.016194e-06   -1.441349e-06    1.024822e-05
           1952    2.284320e-01    0.000000e+00    0.000000e+00    4.149388e-01   -2.369962e-02    5.006754e-03    1.501221e-04    7.527609e-06    7.262925e-05    5.309541e-06    5.326168e-07    5.138892e-06
           1953    2.304320e-01    0.000000e+00    0.000000e+00    4.113557e-01   -2.380381e-02    3.801402e-03    1.952793e-04   -4.801005e-05   -2.807661e-05    6.906665e-06   -3.396959e-06   -1.986566e-06
           1954    2.324320e-01    0.000000e+00    0.000000e+00    4.080105e-01   -2.353427e-02    2.355324e-03    1.921481e-04   -6.650931e-05   -3.605721e-05    6.795920e-06   -4.705878e-06   -2.551234e-06
           1955    2.344320e-01    0.000000e+00    0.000000e+00    4.048846e-01   -2.275269e-02    9.142959e-04    1.809628e-04    1.048485e-04   -1.521886e-04    6.400319e-06    7.418574e-06   -1.076813e-05
           1956    2.364320e-01    0.000000e+00    0.000000e+00    4.016741e-01   -2.169402e-02   -2.712738e-04    2.301429e-04    9.745518e-05    9.769358e-05    8.139727e-06    6.895459e-06    6.912330e-06
           1957    2.384320e-01    0.000000e+00    0.000000e+00    3.983601e-01   -2.077127e-02   -1.457623e-03    2.622897e-04   -1.764791e-04   -6.484991e-05    9.276699e-06   -1.248682e-05   -4.588469e-06
           1958    2.404320e-01    0.000000e+00    0.000000e+00    3.951170e-01   -1.967854e-02   -2.572176e-03    1.695528e-04    1.039161e-04   -1.858904e-04    5.996766e-06    7.352598e-06   -1.315271e-05
           1959    2.424320e-01    0.000000e+00    0.000000e+00    3.915913e-01   -1.855084e-02   -3.178206e-03    1.925946e-04    9.349819e-05    2.903306e-04    6.811712e-06    6.615479e-06    2.054239e-05
           1960    2.444320e-01    0.000000e+00    0.000000e+00    3.879849e-01   -1.754906e-02   -3.810509e-03    2.937767e-04   -8.257260e-05   -5.291632e-05    1.039033e-05   -5.842444e-06   -3.744115e-06
           1961    2.464320e-01    0.000000e+00    0.000000e+00    3.846618e-01   -1.641034e-02   -4.781606e-03    4.557248e-04    3.889948e-05   -1.781386e-04    1.611814e-05    2.752348e-06   -1.260426e-05
           1962    2.484320e-01    0.000000e+00    0.000000e+00    3.811503e-01   -1.546645e-02   -5.677764e-03    5.723283e-04   -5.384039e-05    9.280592e-05    2.024219e-05   -3.809503e-06    6.566525e-06
           1963    2.504320e-01    0.000000e+00    0.000000e+00    3.773956e-01   -1.474851e-02   -6.300828e-03    5.949526e-04    1.961092e-05   -1.268229e-04    2.104237e-05    1.387578e-06   -8.973416e-06
           1964    2.524320e-01    0.000000e+00    0.000000e+00    3.735077e-01   -1.413467e-02   -6.413629e-03    5.713257e-04    2.087500e-04    1.212422e-04    2.020673e-05    1.477020e-05    8.578550e-06
           1965    2.544320e-01    0.000000e+00    0.000000e+00    3.695208e-01   -1.402240e-02   -6.268615e-03    6.210187e-04    1.260764e-05    6.866600e-05    2.196428e-05    8.920597e-07    4.858496e-06
           1966    2.564320e-01    0.000000e+00    0.000000e+00    3.655610e-01   -1.436685e-02   -6.406772e-03    5.952028e-04    3.688297e-05   -2.603343e-05    2.105122e-05    2.609672e-06   -1.842008e-06
           1967    2.584320e-01    0.000000e+00    0.000000e+00    3.618171e-01   -1.529605e-02   -6.655369e-03    5.575217e-04   -2.653213e-04    9.428994e-05    1.971851e-05   -1.877293e-05    6.671527e-06
           1968    2.604320e-01    0.000000e+00    0.000000e+00    3.580265e-01   -1.615198e-02   -6.601694e-03    4.678327e-04   -7.626350e-05   -6.884409e-05    1.654637e-05   -5.396050e-06   -4.871090e-06
           1969    2.624320e-01    0.000000e+00    0.000000e+00    3.540831e-01   -1.623307e-02   -6.187545e-03    6.498463e-04    9.102578e-05    5.331562e-05    2.298386e-05    6.440575e-06    3.772377e-06
           1970    2.644320e-01    0.000000e+00    0.000000e+00    3.501480e-01   -1.589941e-02   -5.833928e-03    7.941342e-04   -1.181223e-06   -2.616482e-05    2.808705e-05   -8.357711e-08   -1.851310e-06
           1971    2.664320e-01    0.000000e+00    0.000000e+00    3.463240e-01   -1.533307e-02   -5.302973e-03    8.683939e-04    3.444105e-06   -8.639247e-05    3.071348e-05    2.436901e-07   -6.112758e-06
           1972    2.684320e-01    0.000000e+00    0.000000e+00    3.428003e-01   -1.414379e-02   -4.841068e-03    9.758004e-04    4.845901e-05   -1.739796e-04    3.451225e-05    3.428753e-06   -1.231006e-05
           1973    2.704320e-01    0.000000e+00    0.000000e+00    3.400274e-01   -1.232240e-02   -4.646268e-03    1.216517e-03    1.031838e-04    4.253426e-05    4.302593e-05    7.300868e-06    3.009558e-06
           1974    2.724320e-01    0.000000e+00    0.000000e+00    3.374318e-01   -1.042594e-02   -4.846835e-03    1.354581e-03   -8.989770e-05    9.472252e-05    4.790900e-05   -6.360806e-06    6.702188e-06
           1975    2.744320e-01    0.000000e+00    0.000000e+00    3.347816e-01   -8.535305e-03   -4.893424e-03    1.391705e-03    1.114226e-04   -2.046857e-04    4.922202e-05    7.883824e-06   -1.448275e-05
           1976    2.764320e-01    0.000000e+00    0.000000e+00    3.321883e-01   -6.651434e-03   -5.115229e-03    1.322065e-03    6.552213e-05    2.629874e-04    4.675898e-05    4.636086e-06    1.860794e-05
           1977    2.784320e-01    0.000000e+00    0.000000e+00    3.290129e-01   -5.113159e-03   -5.416947e-03    1.288879e-03   -2.559927e-04    3.342600e-04    4.558524e-05   -1.811302e-05    2.365090e-05
           1978    2.804320e-01    0.000000e+00    0.000000e+00    3.258443e-01   -3.688574e-03   -4.744362e-03    1.031873e-03    1.069984e-04   -3.372100e-04    3.649543e-05    7.570769e-06   -2.385957e-05
           1979    2.822160e-01    0.000000e+00    0.000000e+00    3.239156e-01   -2.181593e-03   -3.942953e-03    4.640938e-04    4.575262e-05   -1.787535e-04    1.641414e-05    3.236907e-06   -1.264650e-05
