x-coordinate,y-coordinate
4.156599866521579895e-02,3.003670747804425625e-02
4.161218730876734689e-02,2.997266620603866033e-02
4.151966928274721663e-02,3.010064709359107360e-02
4.147327354849462966e-02,3.016453866759126121e-02
4.142676748351903360e-02,3.022834978553288338e-02
4.138012275230314174e-02,3.029205971658587709e-02
4.133344362421568358e-02,3.035574452389325564e-02
4.128667840967369801e-02,3.041936597034689688e-02
4.123976651524354636e-02,3.048287944712730832e-02
4.119277916851707411e-02,3.054633715895560195e-02
4.114571054229619607e-02,3.060973450752849448e-02
4.109853449141124410e-02,3.067305201028187878e-02
4.105126589168265477e-02,3.073630049365948594e-02
4.100387780642573282e-02,3.079945942174757909e-02
4.095635754027505265e-02,3.086251900597636669e-02
4.090875595456720804e-02,3.092551722147753729e-02
4.086109084333608421e-02,3.098846738219532618e-02
4.081334264615474328e-02,3.105135455005052919e-02
4.076546752575100491e-02,3.111414512254945600e-02
4.071748574218413824e-02,3.117685425506730099e-02
4.066943752671855344e-02,3.123951247189503053e-02
4.062133033742002658e-02,3.130212551917239960e-02
4.057309095386765069e-02,3.136463660545905224e-02
4.052469601729910553e-02,3.142702745212717919e-02
4.047626052111589351e-02,3.148938684927344439e-02
4.042776264465927638e-02,3.155169764253556997e-02
4.037914311705092379e-02,3.161391362899911017e-02
4.033040433702533845e-02,3.167603625958199248e-02
4.028154459919890823e-02,3.173806373726827113e-02
4.023258727771936161e-02,3.180001424568063700e-02
4.018359453826429728e-02,3.186193679435764259e-02
4.013451881801158305e-02,3.192379350305824676e-02
4.008530840153672753e-02,3.198554318020816606e-02
4.003599503674425825e-02,3.204721068876198453e-02
3.998658235220185764e-02,3.210879858353178629e-02
3.993707270651326857e-02,3.217030858736828758e-02
3.988749128139430777e-02,3.223176076084987435e-02
3.983782547720996631e-02,3.229314472747699116e-02
3.978805710394081596e-02,3.235444558616970556e-02
3.973819073059345341e-02,3.241566674243413770e-02
3.968823071797659280e-02,3.247681152305505886e-02
3.963817229217117544e-02,3.253787575378606217e-02
3.958800333906777047e-02,3.259884916438265251e-02
3.953775930676953904e-02,3.265976081064525527e-02
3.948744716829935553e-02,3.272061616611623286e-02
3.943700078239466278e-02,3.278136021949443896e-02
3.938645757453185237e-02,3.284202385952268016e-02
3.933585546324776250e-02,3.290263829912148941e-02
3.928515183418693907e-02,3.296316783586170779e-02
3.923434401070812622e-02,3.302360998284286503e-02
3.918344376676910490e-02,3.308397429503769083e-02
3.913244951245911651e-02,3.314425922797829827e-02
3.908135343351835239e-02,3.320445784739536887e-02
3.903016445016004032e-02,3.326457750293083937e-02
3.897891327502165520e-02,3.332464420489014700e-02
3.892755702331091028e-02,3.338462098139334533e-02
3.887607341566847591e-02,3.344448854875410604e-02
3.882452316305214784e-02,3.350429873408079101e-02
3.877290422717958457e-02,3.356404964674438579e-02
3.872117867023361359e-02,3.362370829580224596e-02
3.866931565330310183e-02,3.368324740631738201e-02
3.861738423510078372e-02,3.374272699349348259e-02
3.856541397686625433e-02,3.380217257129482233e-02
3.851331303131320244e-02,3.386150358282368628e-02
3.846111236404282929e-02,3.392074700617548483e-02
3.840885561683132776e-02,3.397994088705296595e-02
3.835650880369177729e-02,3.403905518483678339e-02
3.830403574624829943e-02,3.409805738297543715e-02
3.825145209129193757e-02,3.415696107527212144e-02
3.819883653596941459e-02,3.421583632465007019e-02
3.814613852747881367e-02,3.427463766134958290e-02
3.809330691163057697e-02,3.433331908094134494e-02
3.804038191331723939e-02,3.439191628402025330e-02
3.798737232772225053e-02,3.445043695737770584e-02
3.793426560948390258e-02,3.450886950953207383e-02
3.788105245858248982e-02,3.456720508903937672e-02
3.782778975073863154e-02,3.462549554570149013e-02
3.777448063230860048e-02,3.468374349022389225e-02
3.772101727229169865e-02,3.474184980318015953e-02
3.766744515859338227e-02,3.479985605953896111e-02
3.761381970909154909e-02,3.485781288757200391e-02
3.756010276017948679e-02,3.491568493553812852e-02
3.750628259264318642e-02,3.497346101013368985e-02
3.745237598292167069e-02,3.503115643577900395e-02
3.739841081552382901e-02,3.508879715578490377e-02
3.734434382939759434e-02,3.514634224967130155e-02
3.729015854804156038e-02,3.520377605966963641e-02
4.792126089109158271e-02,1.825660199792554853e-02
4.794928910619559309e-02,1.818278393485022598e-02
4.789311484306243288e-02,1.833037517984747664e-02
4.786482528113861906e-02,1.840409348485559995e-02
4.783640273566207995e-02,1.847776060965369144e-02
4.780787401451917079e-02,1.855138665140603979e-02
4.777926740571244307e-02,1.862498250208930589e-02
4.775058017045250708e-02,1.869854701101437283e-02
4.772171018295615769e-02,1.877203981350130876e-02
4.769270008943871098e-02,1.884547760617618153e-02
4.766367136870856142e-02,1.891890804361343742e-02
4.763447625364319871e-02,1.899227225001322641e-02
4.760512850940105956e-02,1.906557578392504768e-02
4.757576454516530134e-02,1.913887280445233235e-02
4.754623588522011168e-02,1.921210339862888458e-02
4.751655339966607411e-02,1.928527202592383513e-02
4.748685254732013666e-02,1.935843316284413182e-02
4.745700090707023061e-02,1.943153274166475875e-02
4.742697454727403533e-02,1.950456090890441418e-02
4.739687167931713047e-02,1.957755750460093286e-02
4.736669114567985256e-02,1.965052201073596433e-02
4.733640050822742612e-02,1.972344088887046862e-02
4.730597386944701555e-02,1.979630312322365471e-02
4.727543251354223569e-02,1.986911734619176834e-02
4.724479060912532835e-02,1.994188931752078828e-02
4.721403751831056150e-02,2.001461439610899978e-02
4.718313519874109407e-02,2.008727609889533056e-02
4.715213743270927488e-02,2.015989723467193420e-02
4.712111200782113235e-02,2.023250657759628757e-02
4.708990921721578626e-02,2.030503968988112834e-02
4.705853323415579853e-02,2.037749826495963146e-02
4.702710626261970284e-02,2.044993466294374451e-02
4.699558915284088312e-02,2.052233185364762263e-02
4.696394405254887550e-02,2.059467323188889434e-02
4.693216847095535438e-02,2.066695737816393735e-02
4.690027849110879610e-02,2.073919113797121835e-02
4.686827871541451168e-02,2.081137630917148998e-02
4.683616924517623736e-02,2.088351275108765379e-02
4.680397244717464378e-02,2.095561027977049101e-02
4.677167637146802115e-02,2.102766336925864302e-02
4.673924685925579664e-02,2.109965651883566329e-02
4.670667999427327577e-02,2.117158762415773110e-02
4.667400084795745446e-02,2.124346780193212339e-02
4.664123749565449173e-02,2.131530962989871061e-02
4.660837183880191942e-02,2.138710470786588103e-02
4.657539235224315149e-02,2.145884757669019871e-02
4.654230224515289865e-02,2.153053948293776401e-02
4.650911042485628838e-02,2.160218438160124363e-02
4.647580072051935712e-02,2.167377451454426812e-02
4.644235755127157361e-02,2.174530240210342455e-02
4.640882393310241660e-02,2.181678796128593348e-02
4.637519593919287725e-02,2.188822913735010561e-02
4.634143494285741099e-02,2.195960758197422133e-02
4.630753402501750632e-02,2.203091965505174846e-02
4.627353046860641778e-02,2.210218286178581432e-02
4.623946578577755456e-02,2.217341685441933524e-02
4.620530935934544225e-02,2.224460692729418598e-02
4.617101753414482035e-02,2.231573184973111718e-02
4.613657495732604447e-02,2.238678389453272258e-02
4.610204161408117812e-02,2.245779191068550742e-02
4.606741506087253663e-02,2.252875446678851909e-02
4.603265448682210964e-02,2.259965149953754165e-02
4.599777127059734988e-02,2.267048824561389633e-02
4.596280767097197378e-02,2.274128538037050590e-02
4.592778204523731422e-02,2.281205185755290007e-02
4.589261089801208171e-02,2.288274603024888915e-02
4.585730918759874097e-02,2.295337521851429155e-02
4.582193336183192772e-02,2.302396727683510974e-02
4.578642935122876484e-02,2.309449487209290844e-02
4.575081235444054817e-02,2.316496558611326473e-02
4.571511863338981185e-02,2.323539744582983624e-02
4.567927819464231987e-02,2.330575466843918045e-02
4.564330974863076845e-02,2.337604665618227273e-02
4.560726675526250579e-02,2.344630040739625193e-02
4.557109895318477155e-02,2.351648993229181472e-02
4.553481343404321841e-02,2.358661874576983147e-02
4.549844832510319126e-02,2.365670628852433593e-02
4.546198556948553154e-02,2.372674309046605284e-02
4.542540012127450899e-02,2.379671586788722690e-02
4.538868791231111255e-02,2.386662222071080780e-02
4.535189051330127535e-02,2.393648380137422885e-02
4.531499626747564208e-02,2.400629424061515027e-02
4.527797127859915782e-02,2.407603545132759593e-02
4.524083128618387045e-02,2.414571547832302517e-02
4.520360089704141687e-02,2.421534725552505415e-02
4.516628614560609656e-02,2.428493386306708121e-02
4.512884837959648537e-02,2.435445432812604824e-02
4.509129210592466991e-02,2.442391090268137763e-02
4.505363509459630461e-02,2.449331289590905847e-02
4.501584897077900993e-02,2.456264462257180120e-02
4.497795752894775262e-02,2.463191892709203426e-02
4.493998767130592126e-02,2.470115026193864943e-02
4.490188529406002188e-02,2.477030866050392369e-02
4.486368770977263581e-02,2.483941465443037858e-02
4.482543268164980443e-02,2.490848883683540946e-02
4.478700789769160528e-02,2.497746858814852561e-02
4.474846455602275730e-02,2.504638235115048614e-02
4.470989320640137571e-02,2.511528036588687313e-02
4.467119476814944423e-02,2.518410705443657055e-02
4.463233429166476446e-02,2.525284242629841774e-02
4.459335946591144045e-02,2.532151297776128948e-02
4.455435777318163953e-02,2.539016840308442810e-02
4.451524379165753414e-02,2.545875970214967268e-02
4.447592981620333841e-02,2.552723667195008414e-02
4.443657207061085801e-02,2.559568862531619304e-02
4.439713619689853591e-02,2.566409536659726084e-02
4.435753662267855751e-02,2.573240757286779715e-02
4.431788458718373402e-02,2.580068947028049675e-02
4.427813077237881256e-02,2.586891194152055040e-02
4.423819593520698229e-02,2.593702871245441577e-02
4.419819221253037250e-02,2.600510511121927743e-02
4.415812507272685178e-02,2.607314409803177663e-02
4.411794033745811139e-02,2.614111374807211868e-02
4.407763608648959663e-02,2.620901261112748570e-02
4.403721589286732629e-02,2.627684248425658092e-02
4.399669234874493962e-02,2.634461066587767339e-02
4.395609476340727600e-02,2.641233456992164719e-02
4.391538561588978484e-02,2.647999139302055494e-02
4.387452829431292417e-02,2.654755888214158435e-02
4.383357825024703641e-02,2.661507021962547861e-02
4.379256071608626094e-02,2.668254056372738187e-02
4.375145574677548332e-02,2.674995768901518994e-02
4.371020771536597571e-02,2.681728733271459067e-02
4.366883775348886360e-02,2.688454218797237810e-02
4.362739486192841049e-02,2.695175208673187411e-02
4.358587969323402672e-02,2.701891739610035731e-02
4.354425117184957533e-02,2.708601247096674436e-02
4.350247770412275089e-02,2.715301742706194982e-02
4.346059216035988437e-02,2.721995237869221165e-02
4.341862176219779546e-02,2.728683414581077604e-02
4.337656887196114641e-02,2.735366407795604415e-02
4.333440260463292809e-02,2.742042254221389863e-02
4.329211494117246595e-02,2.748710415220645409e-02
4.324972730563764189e-02,2.755372224901234124e-02
4.320727852794387092e-02,2.762030155030587367e-02
4.316469176775823008e-02,2.768679241179357667e-02
4.312199815804748648e-02,2.775321479970279878e-02
4.307951650696793117e-02,2.781977384115368393e-02
4.303680148699050995e-02,2.788618129761694445e-02
4.299350043248390679e-02,2.795220963279998472e-02
4.295032447360285638e-02,2.801831972314517902e-02
4.290739997943411599e-02,2.808459341143382595e-02
4.286442851231379164e-02,2.815083655662298581e-02
4.282111242431158732e-02,2.821685434976499082e-02
4.277760337064956397e-02,2.828274581671929438e-02
4.273413580660008482e-02,2.834866431085196481e-02
4.269060235372698631e-02,2.841453956069105863e-02
4.264682737783174332e-02,2.848025421987817121e-02
4.260280741798114224e-02,2.854580523060912950e-02
4.255887593282381420e-02,2.861141542165023324e-02
4.251502284807150145e-02,2.867707829112058071e-02
4.247103630381272865e-02,2.874265176688105619e-02
4.242674539008655515e-02,2.880801976063178393e-02
4.238224773861597877e-02,2.887324757486184335e-02
4.233772439301866641e-02,2.893845760391349636e-02
4.229321364470794986e-02,2.900367661586744292e-02
4.224848186340759287e-02,2.906874357910935874e-02
4.220348483458610800e-02,2.913362783804882700e-02
4.215872474570353523e-02,2.919867565387848640e-02
4.211395305374391468e-02,2.926371522524659832e-02
4.206881975017497111e-02,2.932850477248517829e-02
4.202358002633809625e-02,2.939322018920592985e-02
4.197826992973158894e-02,2.945788593569423700e-02
4.193283331800757435e-02,2.952246303736208791e-02
4.188731919644887725e-02,2.958698556620253592e-02
4.184172043427418497e-02,2.965144821378860526e-02
4.179601399957730973e-02,2.971583460741411553e-02
4.175021057271918051e-02,2.978015207269987460e-02
4.170429523415249834e-02,2.984438961901934168e-02
4.165827028129556048e-02,2.990854870589466918e-02
3.151195149952125407e-02,4.045738046768567603e-02
3.157417784411557099e-02,4.040877421930733071e-02
3.144962114138953602e-02,4.050585322668184135e-02
3.138720360601294362e-02,4.055421377630454016e-02
3.132471471146130310e-02,4.060248201175599425e-02
3.126214420104653224e-02,4.065064436165242989e-02
3.119951509822663227e-02,4.069873061402072556e-02
3.113682431349613228e-02,4.074673634197770872e-02
3.107402580046201429e-02,4.079460100135090528e-02
3.101115690222802646e-02,4.084237332548826954e-02
3.094824122571966651e-02,4.089008392057167512e-02
3.088524202243524142e-02,4.093768416062677079e-02
3.082216243995354946e-02,4.098517790622077661e-02
3.075901051124924762e-02,4.103257536155786867e-02
3.069578048133125153e-02,4.107986856059549913e-02
3.063248755447960450e-02,4.112707759519945022e-02
3.056913785736489753e-02,4.117421039071991751e-02
3.050571426017320564e-02,4.122124370844354457e-02
3.044220993857119084e-02,4.126816797242928436e-02
3.037862711599026780e-02,4.131498581598416070e-02
3.031497228398861987e-02,4.136170573079555463e-02
3.025123965392036499e-02,4.140831938971813869e-02
3.018743710158706267e-02,4.145483734440812834e-02
3.012358742644694401e-02,4.150129069211174609e-02
3.005964611679725479e-02,4.154761758778400399e-02
2.999561279950301723e-02,4.159381740063497479e-02
2.993156246724198652e-02,4.163999373538618265e-02
2.986742476808849911e-02,4.168604827700429089e-02
2.980317122010180814e-02,4.173194134104674102e-02
2.973889125500954814e-02,4.177779745358381480e-02
2.967453812462835308e-02,4.182355053199950101e-02
2.961008435536095426e-02,4.186916195271396524e-02
2.954559153325843346e-02,4.191471817604962291e-02
2.948102376769536764e-02,4.196016792188351358e-02
2.941635638874150541e-02,4.200547597189584204e-02
2.935163216318201207e-02,4.205070271795928460e-02
2.928686799532142365e-02,4.209587232242087418e-02
2.922203663168738974e-02,4.214094537192943773e-02
2.915708399265350484e-02,4.218584336601444162e-02
2.909206993438981717e-02,4.223065263491346255e-02
2.902702213526545463e-02,4.227541273002332484e-02
2.896187789530912243e-02,4.232003228719782156e-02
2.889667631630905495e-02,4.236456821176315390e-02
2.883143977722926743e-02,4.240905277863207118e-02
2.876611698472322440e-02,4.245341061042922498e-02
2.870070413854182781e-02,4.249763555843592139e-02
2.863522410364939194e-02,4.254176094643161848e-02
2.856969864715119475e-02,4.258581895060793709e-02
2.850408707186606952e-02,4.262974838820604573e-02
2.843838756559466038e-02,4.267354637033893977e-02
2.837266756996183539e-02,4.271731365893811916e-02
2.830688173927004003e-02,4.276098170240032192e-02
2.824099689744016817e-02,4.280450040446805854e-02
2.817505047978607555e-02,4.284792578723786022e-02
2.810902571698501232e-02,4.289123173561273233e-02
2.804293096794612666e-02,4.293443094034170293e-02
2.797682052196546684e-02,4.297760625454342259e-02
2.791062333263141793e-02,4.302064806629780913e-02
2.784431081794525725e-02,4.306351230455079948e-02
2.777796379873987212e-02,4.310632316343471909e-02
2.771155157473307803e-02,4.314903248804192321e-02
2.764506401359545507e-02,4.319162465504575166e-02
2.757856146821507579e-02,4.323419354914271456e-02
2.751197457114530273e-02,4.327662997655955940e-02
2.744527318378609318e-02,4.331888654577647352e-02
2.737853669363574105e-02,4.336108767738273279e-02
2.731174129938476400e-02,4.340319526312481913e-02
2.724486740726868306e-02,4.344517824749937612e-02
2.717794952370279973e-02,4.348709112884444061e-02
2.711095732467695002e-02,4.352888492989750308e-02
2.704387635986679056e-02,4.357053625529823393e-02
2.697674531208060084e-02,4.361210680278389262e-02
2.690956731848646172e-02,4.365360136842601213e-02
2.684233452851612217e-02,4.369500713723961649e-02
2.677504174042054375e-02,4.373631536974850742e-02
2.670766735434146680e-02,4.377749028712157181e-02
2.664020975619272105e-02,4.381852880479617657e-02
2.657270079415678318e-02,4.385948273511344753e-02
2.650515092498548220e-02,4.390036920520809516e-02
2.643754288722682116e-02,4.394115938315069914e-02
2.636984383695574821e-02,4.398179825125409642e-02
2.630208530514814569e-02,4.402233805936399402e-02
2.623427874068693863e-02,4.406279733925858033e-02
2.616638306468265993e-02,4.410310685776669404e-02
2.609842061130902141e-02,4.414330383157278465e-02
2.603041602678125496e-02,4.418342938257931174e-02
2.596236168089613786e-02,4.422347048149664200e-02
3.723591572876891465e-02,3.526115558883394230e-02
3.718157679042702335e-02,3.531844394064143078e-02
3.712711741987349129e-02,3.537561792792151549e-02
3.707259639484099950e-02,3.543273315667552076e-02
3.701799502022679045e-02,3.548977145813625445e-02
3.696329868719904627e-02,3.554671878070631008e-02
3.690854501368975860e-02,3.560361102067743921e-02
3.685369659056254160e-02,3.566041179928929050e-02
3.679872663099294922e-02,3.571709505461340833e-02
3.674367089912179002e-02,3.577369503863510325e-02
3.668851828314328989e-02,3.583020049751713121e-02
3.663328010250942179e-02,3.588662238193100068e-02
3.657801678788964728e-02,3.594301973389422977e-02
3.652265245750965089e-02,3.599931772180321732e-02
3.646713945690829850e-02,3.605546927959836501e-02
3.641155775750532647e-02,3.611155279507227700e-02
3.635593352595022087e-02,3.616759414943685608e-02
3.630022939359055234e-02,3.622355606780776338e-02
3.624437275380630596e-02,3.627936567165953446e-02
3.618843346852614745e-02,3.633509260187628431e-02
3.613246666232080434e-02,3.639079178619141625e-02
3.607641495467891340e-02,3.644640556797533459e-02
3.602024634554001903e-02,3.650190125770406968e-02
3.596397154599141610e-02,3.655728928055079763e-02
3.590763576660587625e-02,3.661261529761019456e-02
3.585122538447544499e-02,3.666786519025238417e-02
3.579472080625644564e-02,3.672301878617716120e-02
3.573813024128733723e-02,3.677808416621027726e-02
3.568144798795827577e-02,3.683305510921776327e-02
3.562468084281690539e-02,3.688793841164039050e-02
3.556785597361949991e-02,3.694276197272668150e-02
3.551094191100011288e-02,3.699749287996231123e-02
3.545391029395067450e-02,3.705210132969152803e-02
3.539678081011575494e-02,3.710660732516978672e-02
3.533960965944668575e-02,3.716106970898444550e-02
3.528239182352589653e-02,3.721548297872406125e-02
3.522503043871225148e-02,3.726974482932975119e-02
3.516756503078709295e-02,3.732389666785498883e-02
3.511005292025737301e-02,3.737799878928401570e-02
3.505248492540664201e-02,3.743204149593142016e-02
3.499482009736227389e-02,3.748598080203964511e-02
3.493704266232224714e-02,3.753979952931522923e-02
3.487918403246306753e-02,3.759353099308013896e-02
3.482123261326045688e-02,3.764716224303129438e-02
3.476320119095536315e-02,3.770070698916546531e-02
3.470514668331037278e-02,3.775422680363556271e-02
3.464699269175577911e-02,3.780763825434775571e-02
3.458869989680605356e-02,3.786089837905845523e-02
3.453035124744373296e-02,3.791409733302193719e-02
3.447192966543396325e-02,3.796721601341299102e-02
3.441341903777569988e-02,3.802023670314461090e-02
3.435485768102621018e-02,3.807320141824155346e-02
3.429620275244316119e-02,3.812606231314021044e-02
3.423743723862752303e-02,3.817880037001079863e-02
3.417861870012402908e-02,3.823147933093822698e-02
3.411971148681041538e-02,3.828405894624863776e-02
3.406069521751570878e-02,3.833651624607448821e-02
3.400162083367799098e-02,3.838890810262786391e-02
3.394247637138629592e-02,3.844122075326133342e-02
3.388324247405520573e-02,3.849343217155457020e-02
3.382392715746991574e-02,3.854555108440652772e-02
3.376452618715541226e-02,3.859757230625713437e-02
3.370504477184753378e-02,3.864950155638336576e-02
3.364550458366974417e-02,3.870136342948211905e-02
3.358589032153096871e-02,3.875314007961542379e-02
3.352619008173733650e-02,3.880481761537075969e-02
3.346641362150090671e-02,3.885640700403959064e-02
3.340653648149892463e-02,3.890787941443270281e-02
3.334655537146836990e-02,3.895923069409126804e-02
3.328651425977653677e-02,3.901051177208579579e-02
3.322642810897696863e-02,3.906174011684315078e-02
3.316626855518472333e-02,3.911288221063759923e-02
3.310597720582201392e-02,3.916386881975513629e-02
3.304558726881373643e-02,3.921473870924217092e-02
3.298515429751312789e-02,3.926555739488525598e-02
3.292469750428972386e-02,3.931634784471789434e-02
3.286414195343776573e-02,3.936702030540692454e-02
3.280345730826421391e-02,3.941753826603534849e-02
3.274271706933380710e-02,3.946798936507075334e-02
3.268191362865963123e-02,3.951836418919140587e-02
3.262102185571504748e-02,3.956863226229551805e-02
3.256004542642802063e-02,3.961879756316225021e-02
3.249901029801478824e-02,3.966889151690339982e-02
3.243791043516022765e-02,3.971890643052228276e-02
3.237669728663474661e-02,3.976878254993782003e-02
3.231541557364860096e-02,3.981857460608986821e-02
3.225408017038352421e-02,3.986830037069987592e-02
3.219262841345823384e-02,3.991788219218616457e-02
3.213111819789424284e-02,3.996739168280786375e-02
3.206957601874641656e-02,4.001686129801980407e-02
3.200792654505390383e-02,4.006619711022928881e-02
3.194618183176013010e-02,4.011541380412710078e-02
3.188436792882965581e-02,4.016454348221262793e-02
3.182247770890573452e-02,4.021357700702153648e-02
3.176050223686095048e-02,4.026250272505763061e-02
3.169844731601038912e-02,4.031132764236567551e-02
3.163633687408896888e-02,4.036008189274529340e-02
1.967760431352624448e-02,4.735548225084906110e-02
1.975051786921820998e-02,4.732517875237749611e-02
1.960467823891775055e-02,4.738575569603796500e-02
1.953170929835785705e-02,4.741592535024083399e-02
1.945866871056773847e-02,4.744592138947777843e-02
1.938558365100188918e-02,4.747580888022956414e-02
1.931246418008107646e-02,4.750561200399184419e-02
1.923930566641869622e-02,4.753531919885156665e-02
1.916609543527436274e-02,4.756489875815066160e-02
1.909282656679155837e-02,4.759433267245233301e-02
1.901950919420541605e-02,4.762364561179804889e-02
1.894616785236803366e-02,4.765289864283536736e-02
1.887277796502647570e-02,4.768202938999441948e-02
1.879932663168103202e-02,4.771100506522533979e-02
1.872584345549027293e-02,4.773989994975240403e-02
1.865231602739476913e-02,4.776868181617778542e-02
1.857873469639483716e-02,4.779732575247599979e-02
1.850511909356853529e-02,4.782588148199268946e-02
1.843146722524666506e-02,4.785434352059263902e-02
1.835776620950797453e-02,4.788267807511732005e-02
1.828400551289202647e-02,4.791085683391033828e-02
1.821020024608556789e-02,4.793891875687562171e-02
1.813636431184948578e-02,4.796689980329712361e-02
1.806249391433671636e-02,4.799478972033596053e-02
1.798858560401442319e-02,4.802257912138503670e-02
1.791463023585891309e-02,4.805024299262243559e-02
1.784061447830743996e-02,4.807774475949646437e-02
1.776656246025596839e-02,4.810514897659635275e-02
1.769248435773867686e-02,4.813248244817514704e-02
1.761835010426779022e-02,4.815966322058597149e-02
1.754416341655818876e-02,4.818670070030039998e-02
1.746993852678301040e-02,4.821363302380588661e-02
1.739568095001237796e-02,4.824047511397436261e-02
1.732138753106928289e-02,4.826721781891488150e-02
1.724705442214640935e-02,4.829385002594110271e-02
1.717268072743011187e-02,4.832036873510104497e-02
1.709825909132985794e-02,4.834675248571906891e-02
1.702379139335848113e-02,4.837300601995250110e-02
1.694929405977764481e-02,4.839917539674781083e-02
1.687475701277222837e-02,4.842523129759427475e-02
1.680017071968435000e-02,4.845114600253471598e-02
1.672554328656338657e-02,4.847694201372349659e-02
1.665087646248010478e-02,4.850262367211573972e-02
1.657617439496210723e-02,4.852820269219866589e-02
1.650144554549505885e-02,4.855370349316907169e-02
1.642666910890879656e-02,4.857906414241739551e-02
1.635183615557398579e-02,4.860425774024434986e-02
1.627697215384320967e-02,4.862935891089550933e-02
1.620208190512300098e-02,4.865438158047941108e-02
1.612715799898175109e-02,4.867930333775561530e-02
1.605219025835562946e-02,4.870409295155690016e-02
1.597717491060658690e-02,4.872873807208855795e-02
1.590211780344783984e-02,4.875325574576709620e-02
1.582703240776437217e-02,4.877768669418768716e-02
1.575191210092786662e-02,4.880200997112083688e-02
1.567675096802588833e-02,4.882620688081339838e-02
1.560155633915252457e-02,4.885029949207341654e-02
1.552632704109710958e-02,4.887428361930359205e-02
1.545105731110589867e-02,4.889814056937387410e-02
1.537574274713808357e-02,4.892185554667580899e-02
1.530039394880732678e-02,4.894546159954522163e-02
1.522501801420535206e-02,4.896898080075313270e-02
1.514960641600132316e-02,4.899238550237006856e-02
1.507414751695619094e-02,4.901563707685915872e-02
1.499864488565813558e-02,4.903874635971772200e-02
1.492312150720681921e-02,4.906178784724116171e-02
1.484756426155023346e-02,4.908471776359842054e-02
1.477196338375797412e-02,4.910750360532840919e-02
1.469633596199456868e-02,4.913020119683554621e-02
1.462067869548703755e-02,4.915279903188130017e-02
1.454498171215708180e-02,4.917526352832041203e-02
1.446924204191911943e-02,4.919758358054115294e-02
1.439347208683250216e-02,4.921980077786353158e-02
1.431767560479915886e-02,4.924192719001650037e-02
1.424183702063322107e-02,4.926390877310305588e-02
1.416596588679659707e-02,4.928577796600907418e-02
1.409007010168848890e-02,4.930756130883647004e-02
1.401413887061648232e-02,4.932922073962529158e-02
1.393817054215700652e-02,4.935074986763744037e-02
1.386216329715810915e-02,4.937214110450743182e-02
1.378611243929967617e-02,4.939337658751263155e-02
1.371004275728810416e-02,4.941454488082464708e-02
1.363395966460563720e-02,4.943566471237944432e-02
1.355782626264146612e-02,4.945660228108390150e-02
1.348165549590031945e-02,4.947740393837986306e-02
1.340546430215116755e-02,4.949813036924372717e-02
2.589425142517562395e-02,4.426341645842712946e-02
2.582607626116343105e-02,4.430325152658425025e-02
2.575782659453151879e-02,4.434295875762105099e-02
2.568952536128098901e-02,4.438257735708322355e-02
2.562117376477915376e-02,4.442210890780685928e-02
2.555273504392609890e-02,4.446148938500976699e-02
2.548423287258807374e-02,4.450075952270424878e-02
2.541568822658876042e-02,4.453995537706087471e-02
2.534708500737159129e-02,4.457904866738451877e-02
2.527841004029132005e-02,4.461801572758292145e-02
2.520967008653715244e-02,4.465686807333552055e-02
2.514088848855908220e-02,4.469564671022799307e-02
2.507203754632521264e-02,4.473430193582263875e-02
2.500310503617530350e-02,4.477281164120500839e-02
2.493412458900595360e-02,4.481123537567754250e-02
2.486510553359921882e-02,4.484958973138867405e-02
2.479603205547740302e-02,4.488784597511267377e-02
2.472687562074113790e-02,4.492595201394385118e-02
2.465765600612244979e-02,4.496394324092678474e-02
2.458839679149569385e-02,4.500186216682175444e-02
2.451909582266384446e-02,4.503970481459437097e-02
2.444972289594276454e-02,4.507741523197661415e-02
2.438027307800762905e-02,4.511498397761671414e-02
2.431078225536428827e-02,4.515247687049620678e-02
2.424123211576056924e-02,4.518985942454430832e-02
2.417161438374773597e-02,4.522711608649400417e-02
2.410195697617397576e-02,4.526429857352447239e-02
2.403223400413143432e-02,4.530135778485359227e-02
2.396243257489884607e-02,4.533826915165582033e-02
2.389258504231841704e-02,4.537509315773424062e-02
2.382270084647731059e-02,4.541184756531909533e-02
2.375276425699174646e-02,4.544850215611465072e-02
2.368274693526675051e-02,4.548500221990825487e-02
2.361267436440769862e-02,4.552139628288837114e-02
2.354255992842063661e-02,4.555770949708640161e-02
2.347237701223187090e-02,4.559389014774004739e-02
2.340214017492968715e-02,4.562996613687190367e-02
2.333186190958447953e-02,4.566596126656341514e-02
2.326152920004806793e-02,4.570184988975430768e-02
2.319113762404804296e-02,4.573762300868282338e-02
2.312068060797541069e-02,4.577326701121080255e-02
2.305015140844941107e-02,4.580876784956088021e-02
2.297959460376233082e-02,4.584421406885856587e-02
2.290900849499047029e-02,4.587960170313111485e-02
2.283831819501592336e-02,4.591478057700416199e-02
2.276757555741265246e-02,4.594985448326632804e-02
2.269681820430574648e-02,4.598489843333255361e-02
2.262599760401472551e-02,4.601981442314975745e-02
2.255510562124516533e-02,4.605458530273658091e-02
2.248415827386623933e-02,4.608924304084378171e-02
2.241317342474805768e-02,4.612382398138819423e-02
2.234212678514675351e-02,4.615827763574097825e-02
2.227100812141360672e-02,4.619258250098580432e-02
2.219984695792936308e-02,4.622679908652057440e-02
2.212864996433016110e-02,4.626094105224912850e-02
2.205740573350791628e-02,4.629498433634268717e-02
2.198609688012016436e-02,4.632889199586844031e-02
2.191474082727818545e-02,4.636270033036028748e-02
2.184334378217526323e-02,4.639642192852629077e-02
2.177187919699735338e-02,4.643000020907554065e-02
2.170033949932041739e-02,4.646341808829941578e-02
2.162875079999142594e-02,4.649673089566028206e-02
2.155715931897508528e-02,4.653003786584028467e-02
2.148550963697457364e-02,4.656321910357199417e-02
2.141376511470171121e-02,4.659619509636696993e-02
2.134197019736145881e-02,4.662906115405188179e-02
2.127014575210508379e-02,4.666186257907127544e-02
2.119828483939896827e-02,4.669458404870339280e-02
2.112636257394306938e-02,4.672717038172607973e-02
2.105438872629804975e-02,4.675964279163145887e-02
2.098236757189131385e-02,4.679201002870824605e-02
2.091028241539744786e-02,4.682423437262465959e-02
2.083816112842303697e-02,4.685637803805156598e-02
2.076600672533684966e-02,4.688844711807090698e-02
2.069377216329976177e-02,4.692033512156576491e-02
2.062148678054817955e-02,4.695210803619213197e-02
2.054917724217051808e-02,4.698382574730314287e-02
2.047682202618145500e-02,4.701543916912956367e-02
2.040440866735052095e-02,4.704691916706060101e-02
2.033194144019328034e-02,4.707827497726166377e-02
2.025943774145508650e-02,4.710954637215424012e-02
2.018688913527560622e-02,4.714071342326924680e-02
2.011428008966148484e-02,4.717173943952247123e-02
2.004160464688626089e-02,4.720260955407152431e-02
1.996888446520615409e-02,4.723337416334656008e-02
1.989613879003058333e-02,4.726407840330686116e-02
1.982336223994418320e-02,4.729470957515277685e-02
3.552399531814811467e-02,-1.991143283761624000e-02
3.545508045990045792e-02,-1.987159685626004035e-02
3.559292564248917046e-02,-1.995124204547960370e-02
3.566187116684771397e-02,-1.999102493072100681e-02
3.573078269837531851e-02,-2.003086668087218289e-02
3.579972448664327234e-02,-2.007065600599230309e-02
3.586868979064643942e-02,-2.011040460582694950e-02
3.593762062647995470e-02,-2.015021293504364389e-02
3.600653254959110955e-02,-2.019005401119385729e-02
3.607545379263507601e-02,-2.022987893632460787e-02
3.614439866226226705e-02,-2.026966295544471372e-02
3.621334845411173370e-02,-2.030943845052202157e-02
3.628228867962059873e-02,-2.034923051285241272e-02
3.635121654159097215e-02,-2.038904399162381684e-02
3.642014183150852485e-02,-2.042886192465295098e-02
3.648907361337164201e-02,-2.046866861499762116e-02
3.655801844544367962e-02,-2.050845270011364060e-02
3.662697766607127953e-02,-2.054821184497126682e-02
3.669592764803557283e-02,-2.058798699337675842e-02
3.676485370968007871e-02,-2.062780359202050218e-02
3.683377723915184226e-02,-2.066762457613761927e-02
3.690271293669182551e-02,-2.070742448247000350e-02
3.697165439414284299e-02,-2.074721441496315405e-02
3.704057916033882958e-02,-2.078703325852224171e-02
3.710952189672080820e-02,-2.082682096663533364e-02
3.717848149621197362e-02,-2.086657945091973873e-02
3.724739724419622033e-02,-2.090641388078887108e-02
3.731631295653801972e-02,-2.094624838727099370e-02
3.738525893957056478e-02,-2.098603048473572999e-02
3.745420562994121461e-02,-2.102581135896089762e-02
3.752312727256666008e-02,-2.106563559323939433e-02
3.759203756048731804e-02,-2.110547948278405223e-02
3.766097495414557489e-02,-2.114527645093015884e-02
3.772992032076957769e-02,-2.118505961587704642e-02
3.779885884021404185e-02,-2.122485463605865846e-02
3.786779674836510817e-02,-2.126465071741197310e-02
3.793674918673258650e-02,-2.130442162180521889e-02
3.800569821479504035e-02,-2.134419842634660558e-02
3.807462007456213077e-02,-2.138402229552200523e-02
3.814355391370804343e-02,-2.142382542290095435e-02
3.821249377372448047e-02,-2.146361812073440539e-02
3.828141556463820344e-02,-2.150344210943182580e-02
3.835034836808742104e-02,-2.154324702948185247e-02
3.841928176948632839e-02,-2.158305091666846282e-02
3.848820243184858381e-02,-2.162287686122358124e-02
3.855714914676496713e-02,-2.166265767256871783e-02
3.862609975564117865e-02,-2.170243174411031276e-02
3.869503292930293742e-02,-2.174223602658571786e-02
3.876398790809612582e-02,-2.178200253541636572e-02
3.883292607864108348e-02,-2.182179813180397734e-02
3.890182798771701228e-02,-2.186165652018387529e-02
3.897075695592676359e-02,-2.190146807399631634e-02
3.903969463048420629e-02,-2.194126457098603822e-02
3.910863016204463999e-02,-2.198106476619821753e-02
3.917759773559557901e-02,-2.202080942360024052e-02
3.924654473972367941e-02,-2.206058971131675053e-02
3.931545871456849223e-02,-2.210042723755699379e-02
3.938439466613721796e-02,-2.214022670917640753e-02
3.945332173006346754e-02,-2.218004156557734294e-02
3.952224092582089926e-02,-2.221987004220497136e-02
3.959119109434448835e-02,-2.225964487957395738e-02
3.966012427180087840e-02,-2.229944914335928521e-02
3.972904162338469769e-02,-2.233928081502335392e-02
3.979798806734451133e-02,-2.237906210322864950e-02
3.986694257485878107e-02,-2.241882942503939033e-02
3.993588679784032536e-02,-2.245861456102051304e-02
4.000481873065257071e-02,-2.249842099035116033e-02
4.007374606626763758e-02,-2.253823538483573988e-02
4.014268245349165987e-02,-2.257803409640530071e-02
4.021163210807852245e-02,-2.261780982252156041e-02
4.028057251659691168e-02,-2.265760157330500013e-02
4.034949588439114276e-02,-2.269742283118759973e-02
4.041840939219703416e-02,-2.273726114938159557e-02
4.048732952917924455e-02,-2.277708800753283636e-02
4.055627779825256990e-02,-2.281686613540366906e-02
4.062524130567013447e-02,-2.285661784205186495e-02
4.069416243059271326e-02,-2.289644296329231346e-02
4.076307989470408927e-02,-2.293627444101901600e-02
4.083202826682227893e-02,-2.297605239597643595e-02
4.090097922224433802e-02,-2.301582587885471140e-02
4.096990464256545367e-02,-2.305564357503896850e-02
4.103881809821063875e-02,-2.309548198515606193e-02
4.110776163873247624e-02,-2.313526830398069528e-02
4.117669698792222888e-02,-2.317506881902742233e-02
4.124562410329984247e-02,-2.321488358654620610e-02
4.131458133242981584e-02,-2.325464618001992639e-02
4.138352654309807033e-02,-2.329442959889914747e-02
4.145244622520015410e-02,-2.333425724783114857e-02
4.152136858532066988e-02,-2.337408025608539094e-02
4.159032187097493061e-02,-2.341384969004512567e-02
4.165927127546154018e-02,-2.345362583034747359e-02
4.172817837233198240e-02,-2.349347524122126149e-02
4.179710010588166824e-02,-2.353329932895576945e-02
4.186605271762977587e-02,-2.357306994067953285e-02
4.193501114451753803e-02,-2.361283045857554691e-02
4.200394032823779461e-02,-2.365264163527737440e-02
4.207286247952789909e-02,-2.369246500428455818e-02
4.214180373820459319e-02,-2.373225528147631519e-02
4.221074829935306943e-02,-2.377203983959123509e-02
4.227967631552956990e-02,-2.381185305036118138e-02
4.234859793756963475e-02,-2.385167732971667232e-02
4.241754955785269343e-02,-2.389144964757664719e-02
4.248649038345389539e-02,-2.393124066250332596e-02
4.255540918234384379e-02,-2.397106983399580060e-02
4.262434383448910485e-02,-2.401087155519556621e-02
4.269327314335667756e-02,-2.405068252561774061e-02
4.276219442833054107e-02,-2.409050738933194574e-02
4.283112846918848277e-02,-2.413031016808176235e-02
4.290006476138966823e-02,-2.417010904915265629e-02
4.296899912151085771e-02,-2.420991127493839559e-02
4.303793437386892184e-02,-2.424971195573379784e-02
4.310686605452417747e-02,-2.428951882355611519e-02
4.317580612654598610e-02,-2.432931115562409971e-02
4.324475608037829655e-02,-2.436908636647731191e-02
4.331367812102487197e-02,-2.440890991544925406e-02
4.338260100547099152e-02,-2.444873200323694970e-02
4.345155125373855592e-02,-2.448850670439893518e-02
4.352049040694441762e-02,-2.452830062734152189e-02
4.358940818145051743e-02,-2.456813157803676428e-02
4.365832611696430360e-02,-2.460796223390040657e-02
4.372727916710514307e-02,-2.464773204503258389e-02
4.379624567610108238e-02,-2.468747860291573351e-02
4.386520329753388486e-02,-2.472724048102866584e-02
4.393416339456032715e-02,-2.476699789217762931e-02
4.400318543828395101e-02,-2.480664875380808945e-02
4.407227886475011125e-02,-2.484617324229681373e-02
4.414145012960931508e-02,-2.488555930063155938e-02
4.421083905559600180e-02,-2.492458051045300105e-02
4.424997681817324779e-02,-2.494660795041447887e-02
4.428898737244037209e-02,-2.496886509576674504e-02
4.432824075487806770e-02,-2.499069113307804749e-02
4.436845999955923298e-02,-2.501069636741222804e-02
4.441012945712763393e-02,-2.502747293105304915e-02
4.445336832289788209e-02,-2.503967545140066420e-02
4.449781657843235316e-02,-2.504622188273237376e-02
4.454264210605388130e-02,-2.504933945799601991e-02
4.458753936510716220e-02,-2.505115104771867690e-02
4.463210449437993166e-02,-2.504539123116438643e-02
4.467269672546347881e-02,-2.502611699440212417e-02
4.470977190341759305e-02,-2.500073192780307568e-02
4.474613001999740158e-02,-2.497433004931154041e-02
4.478031985329215814e-02,-2.494518587083353195e-02
4.481058930316524080e-02,-2.491198819190918595e-02
4.483727856716519106e-02,-2.487586129598420154e-02
4.486121827621438601e-02,-2.483785655683192622e-02
4.488347302248441029e-02,-2.479885165038711939e-02
4.490527055540501078e-02,-2.475958940553282112e-02
4.492726937299816592e-02,-2.472044591245667333e-02
4.494933327784100124e-02,-2.468133906979300130e-02
4.498801591873895916e-02,-2.461209009412921103e-02
4.502631498136409199e-02,-2.454263482736426458e-02
4.506438196830279963e-02,-2.447304862279067045e-02
4.510231428753304350e-02,-2.440338933975001387e-02
4.514008353233520815e-02,-2.433364201586350056e-02
4.517769587082059307e-02,-2.426380960017636770e-02
4.521521215985829095e-02,-2.419392558322128531e-02
4.525259145247616938e-02,-2.412396829819768440e-02
4.528982520256069622e-02,-2.405393334884779744e-02
4.532695682661536107e-02,-2.398384423048454187e-02
4.536399777365545533e-02,-2.391370716218662804e-02
4.540094406742636174e-02,-2.384352017401219007e-02
4.543778307948411616e-02,-2.377327681300525283e-02
4.547449636325050226e-02,-2.370296766854486023e-02
4.551108441570694829e-02,-2.363259326273341523e-02
4.554756489675610559e-02,-2.356216304558012703e-02
4.558395589097585798e-02,-2.349168653895776504e-02
4.562025258850204573e-02,-2.342116143489387375e-02
4.565643703538839471e-02,-2.335057866607644084e-02
4.569250047334798975e-02,-2.327993396572043336e-02
4.572842540602720801e-02,-2.320921877224758900e-02
4.576422154601813425e-02,-2.313843828909950898e-02
4.579996963086695183e-02,-2.306763349402426999e-02
4.583564437553042797e-02,-2.299679175934838185e-02
4.587117508104122249e-02,-2.292587763430768005e-02
4.590654996037502739e-02,-2.285488567196374693e-02
4.594180510549771002e-02,-2.278383415555632410e-02
4.597697898993884091e-02,-2.271274239577077483e-02
4.601206903140200866e-02,-2.264160919710094325e-02
4.604704459060278421e-02,-2.257041965925788915e-02
4.608188648097469309e-02,-2.249916458665177782e-02
4.611661526412437484e-02,-2.242785432576007570e-02
4.878241995380103169e-02,-1.581194147354684706e-02
4.875791408707080138e-02,-1.588737833549732845e-02
4.880689109941857562e-02,-1.573649347589472017e-02
4.883114078370018318e-02,-1.566097406083746466e-02
4.885525676576211312e-02,-1.558541166108531710e-02
4.887931651080257289e-02,-1.550983146898150117e-02
4.890326315460208351e-02,-1.543421535292100258e-02
4.892708942460540639e-02,-1.535856117094332868e-02
4.895078738288727305e-02,-1.528286673621124733e-02
4.897433987334481875e-02,-1.520712692416685552e-02
4.899779018632458016e-02,-1.513135536569503760e-02
4.902114538294236740e-02,-1.505555448083781625e-02
4.904436849551759015e-02,-1.497971302381769128e-02
4.906748137327184706e-02,-1.490383785736596953e-02
4.909048387395463509e-02,-1.482792919825093314e-02
4.911335406358816741e-02,-1.475198057140398276e-02
4.913612874208760778e-02,-1.467600320748682803e-02
4.915880152620228510e-02,-1.459999541749184594e-02
4.918132906223854350e-02,-1.452394443567932986e-02
4.920372270031147383e-02,-1.444785390937758547e-02
4.922600158236568879e-02,-1.437172971723452847e-02
4.924817471791458068e-02,-1.429557465656337671e-02
4.927023071386477798e-02,-1.421938557051101275e-02
4.929214808877955406e-02,-1.414315651288293452e-02
4.931392278762520426e-02,-1.406688657721179812e-02
4.933560990928807788e-02,-1.399059167100383597e-02
4.935721436972134724e-02,-1.391427334541637910e-02
4.937870528457875829e-02,-1.383792295257718109e-02
4.940007233486487515e-02,-1.376153780215550772e-02
4.942130863489536258e-02,-1.368511619463235601e-02
4.944240543988817627e-02,-1.360865595669663933e-02
4.946335375926293187e-02,-1.353215492747968790e-02
4.948418816698071931e-02,-1.345562277290073688e-02
4.950494748615485996e-02,-1.337907023466016268e-02
4.952561991254170182e-02,-1.330249417368423344e-02
4.954617267162449851e-02,-1.322588591824533887e-02
4.956658060593597398e-02,-1.314923894304796323e-02
4.958684932009965046e-02,-1.307255503071500131e-02
4.960698260766761847e-02,-1.299583546446387780e-02
4.962699134964298348e-02,-1.291908331825061471e-02
4.964690239207920908e-02,-1.284230577176886413e-02
4.966672514810822198e-02,-1.276550538086195993e-02
4.968644838789566809e-02,-1.268867937379429198e-02
4.970604434489007961e-02,-1.261182080910685198e-02
4.972550593386464157e-02,-1.253492808327390760e-02
4.974482626750818814e-02,-1.245799975858254485e-02
4.976399484719126742e-02,-1.238103351774570357e-02
4.978307099930014828e-02,-1.230404423809846638e-02
4.980206104330311967e-02,-1.222703373101528129e-02
4.982088217657879708e-02,-1.214998180463153915e-02
4.983960631401122138e-02,-1.207290614840743001e-02
4.985826196071281580e-02,-1.199581395993575862e-02
4.987675975994725758e-02,-1.191868373638482574e-02
4.989510594437594065e-02,-1.184151728077130830e-02
4.991333992163957123e-02,-1.176432425619482712e-02
4.993148608560748353e-02,-1.168711052244635236e-02
4.994950704324400276e-02,-1.160986751437036689e-02
4.996740071943286954e-02,-1.153259488091131456e-02
4.998520828819101591e-02,-1.145530236123986495e-02
5.000289266518968129e-02,-1.137798158039699491e-02
5.002042632847113202e-02,-1.130062646736050037e-02
5.003782562568305503e-02,-1.122324105369738000e-02
5.005514337733654728e-02,-1.114583726348086258e-02
5.007233994377040948e-02,-1.106840655832166086e-02
5.008933697154855508e-02,-1.099093180560840356e-02
5.010626814086961700e-02,-1.091344253542656136e-02
5.012314506322827767e-02,-1.083594153627501049e-02
5.013986368331216359e-02,-1.075840620433173370e-02
5.015644889707767534e-02,-1.068084216983192399e-02
5.017290385090052846e-02,-1.060325046332112955e-02
5.018921226951585102e-02,-1.052562781337477819e-02
5.020542305769645081e-02,-1.044798468493955863e-02
5.022153519995674331e-02,-1.037032106088876283e-02
5.023751025736952064e-02,-1.029262910110398041e-02
5.025334358682904262e-02,-1.021490815714887028e-02
5.026906737147152082e-02,-1.013716494755102435e-02
5.028470295819635616e-02,-1.005940395621878446e-02
5.030019380023383058e-02,-9.981614050709547437e-03
5.031556305780915395e-02,-9.903799964936342223e-03
5.033085433358505667e-02,-9.825970547097970936e-03
5.034601710248627626e-02,-9.748115995919499552e-03
5.036102857244631470e-02,-9.670232119814079624e-03
5.037590760395941475e-02,-9.592322844436503709e-03
5.039070113101073306e-02,-9.514397264774519108e-03
5.040538749806665331e-02,-9.436451454613773923e-03
4.615124999037963083e-02,-2.235649833554627722e-02
4.618579378826911941e-02,-2.228509828473841312e-02
4.622022891801404881e-02,-2.221364575615070169e-02
4.625453985020457764e-02,-2.214213350492590104e-02
4.628872212959994625e-02,-2.207055966811340142e-02
4.632278811676285302e-02,-2.199893043106817062e-02
4.635676815108600440e-02,-2.192726033012891776e-02
4.639064808555912883e-02,-2.185554289613469633e-02
4.642436862326650149e-02,-2.178375039055269538e-02
4.645797292249026489e-02,-2.171190335290812054e-02
4.649150024029304051e-02,-2.164002040100412860e-02
4.652493934610602705e-02,-2.156809634844818885e-02
4.655825366905487483e-02,-2.149611444092491483e-02
4.659143704105224437e-02,-2.142407204119704117e-02
4.662451478808694871e-02,-2.135198108822990506e-02
4.665748012293307462e-02,-2.127983868759175667e-02
4.669033340173501384e-02,-2.120764516264943972e-02
4.672308087056332992e-02,-2.113540357545222459e-02
4.675569585709822562e-02,-2.106310211520503670e-02
4.678818693286595359e-02,-2.099074485114987149e-02
4.682059071533573730e-02,-2.091834846953208316e-02
4.685290952681239046e-02,-2.084591411776458292e-02
4.688512299867586552e-02,-2.077343284828597411e-02
4.691720170208390356e-02,-2.070089181564157416e-02
4.694913091792937698e-02,-2.062828492351594101e-02
4.698096359208873973e-02,-2.055563557509716352e-02
4.701273941074987639e-02,-2.048296134618063022e-02
4.704434993567475215e-02,-2.041021520841946463e-02
4.707584134366464557e-02,-2.033741723081874606e-02
4.710728320282284859e-02,-2.026459789475516804e-02
4.713853445921152574e-02,-2.019169671446547493e-02
4.716966894763709867e-02,-2.011874537612878128e-02
4.720079448839087366e-02,-2.004579030913467702e-02
4.723177866280900417e-02,-1.997277512952283160e-02
4.726259483720579579e-02,-1.989968880494364170e-02
4.729329064350630552e-02,-1.982655189409629828e-02
4.732390146257309943e-02,-1.975337934092377679e-02
4.735439541558675303e-02,-1.968015805765676099e-02
4.738475068270048274e-02,-1.960687913669431279e-02
4.741501504870072187e-02,-1.953356261530716717e-02
4.744518286590097139e-02,-1.946020634999243853e-02
4.747523518810486259e-02,-1.938680267075896385e-02
4.750517390793285166e-02,-1.931335257604042954e-02
4.753498433355188291e-02,-1.923985033613748868e-02
4.756465978755594626e-02,-1.916629348674077013e-02
4.759421967389467628e-02,-1.909269013411959634e-02
4.762369958008803861e-02,-1.901905469677381277e-02
4.765309924901077465e-02,-1.894538719953535802e-02
4.768236670813422867e-02,-1.887166705088716770e-02
4.771147194034246891e-02,-1.879788273993683936e-02
4.774044141488861109e-02,-1.872404499382737675e-02
4.776934190505296302e-02,-1.865018022463205832e-02
4.779815076423412495e-02,-1.857627968437644550e-02
4.782683673148431513e-02,-1.850233134070103716e-02
4.785539913713025145e-02,-1.842833520359901667e-02
4.788387216283594011e-02,-1.835430458094036363e-02
4.791223988675561568e-02,-1.828023359172737186e-02
4.794044731320334235e-02,-1.820610140465468013e-02
4.796852514994650457e-02,-1.813191999378283362e-02
4.799649140231038863e-02,-1.805769649152392381e-02
4.802434339554854936e-02,-1.798343003588133773e-02
4.805211793142461635e-02,-1.790913455357253173e-02
4.807980428808388690e-02,-1.783480618664559647e-02
4.810734983944033039e-02,-1.776042549359427986e-02
4.813472932708538071e-02,-1.768598356290986343e-02
4.816198887608872520e-02,-1.761149757604255767e-02
4.818918318860074268e-02,-1.753698776161099343e-02
4.821624632311626718e-02,-1.746243024137600353e-02
4.824317442353270868e-02,-1.738782379765653821e-02
4.827001590181850127e-02,-1.731318618354685257e-02
4.829678763469715669e-02,-1.723852342921322611e-02
4.832341091010940171e-02,-1.716380775420401489e-02
4.834984129510384171e-02,-1.708902357094476895e-02
4.837623671214126564e-02,-1.701422690972317908e-02
4.840252559684665029e-02,-1.693939296996241003e-02
4.842860983268636177e-02,-1.686448733047745882e-02
4.845465331561003841e-02,-1.678956743107016050e-02
4.848060745580843461e-02,-1.671461669853960968e-02
4.850637232464652393e-02,-1.663960059066881339e-02
4.853201688998157876e-02,-1.656454327641345217e-02
4.855758851513355956e-02,-1.648946110029851642e-02
4.858307560782791634e-02,-1.641435018083884853e-02
4.860840884574947618e-02,-1.633918725405814759e-02
4.863359658316233902e-02,-1.626397539197636452e-02
4.865867168783273577e-02,-1.618872593856986175e-02
4.868364554025526175e-02,-1.611344285486044497e-02
4.870854532886904897e-02,-1.603813514413977154e-02
4.873333560120112623e-02,-1.596279137244716734e-02
5.121566885580967204e-02,-2.588816821320269034e-03
5.121160058155635464e-02,-2.668029770651290326e-03
5.121958669870518843e-02,-2.509596290963015622e-03
5.122338861420364098e-02,-2.430370111763215709e-03
5.122710910574778537e-02,-2.351140068877290417e-03
5.123070817538980665e-02,-2.271904415698488590e-03
5.123415592010149150e-02,-2.192662036641715006e-03
5.123746372491830986e-02,-2.113413712456365789e-03
5.124069559928016993e-02,-2.034162179085945241e-03
5.124380568188331014e-02,-1.954905871792994403e-03
5.124671318732926251e-02,-1.875641839434918001e-03
5.124951125827700155e-02,-1.796373825257098966e-03
5.125224200933710395e-02,-1.717103518948981215e-03
5.125487985262121293e-02,-1.637830044082957395e-03
5.125738647220480504e-02,-1.558552316184482834e-03
5.125975123612393214e-02,-1.479270221576672569e-03
5.126198206033497073e-02,-1.399984251898164604e-03
5.126408054383049112e-02,-1.320694652803456985e-03
5.126603600471981576e-02,-1.241401425325215418e-03
5.126785471908511943e-02,-1.162104940472277487e-03
5.126959188830753494e-02,-1.082806580162425439e-03
5.127121622972535819e-02,-1.003505908258618511e-03
5.127269441326458288e-02,-9.242023438914577895e-04
5.127409981549421042e-02,-8.448973841927523171e-04
5.127537052786017985e-02,-7.655902764821220481e-04
5.127644213403842466e-02,-6.862801541686758136e-04
5.127741321522596291e-02,-6.069687412905609919e-04
5.127832485406479818e-02,-5.276566255213216341e-04
5.127913654363532719e-02,-4.483434170781642417e-04
5.127975038059771201e-02,-3.690284993633167338e-04
5.128022608533937265e-02,-2.897125243467510978e-04
5.128063029381872001e-02,-2.103962176185987694e-04
5.128090156554576673e-02,-1.310793413543170829e-04
5.128102038201320240e-02,-5.176207645474686773e-05
5.128101132527326106e-02,2.755526815282059275e-05
5.128091947209529461e-02,1.068725682612837210e-04
5.128071895450073137e-02,1.861896599037480627e-04
5.128037033673488870e-02,2.655062515976332324e-04
5.127987266880848494e-02,3.448220017820982858e-04
5.127928948407273896e-02,4.241372671643508043e-04
5.127860837766454183e-02,5.034516829920176800e-04
5.127771201735618900e-02,5.827638848646789563e-04
5.127673585406920809e-02,6.620753188900777887e-04
5.127572369092615878e-02,7.413861815204079910e-04
5.127450308265518036e-02,8.206940693351279844e-04
5.127315181172299730e-02,8.999999904570000131e-04
5.127173573916752464e-02,9.789472896172550682e-04
5.127017842520156798e-02,1.057891934760353580e-03
5.126848240258329720e-02,1.136833778499764507e-03
5.126665353366506583e-02,1.215772613896520804e-03
5.126468061135690951e-02,1.294707961276443837e-03
5.126261436895308832e-02,1.373640985752578930e-03
5.126045592122343425e-02,1.452571486955694675e-03
5.125814687078988907e-02,1.531497700719379376e-03
5.125574993768221982e-02,1.610421406678253691e-03
5.125325323998242144e-02,1.689341922694285146e-03
5.125055249145019087e-02,1.768255697610312876e-03
5.124773753025151785e-02,1.847165603612035143e-03
5.124484330903372742e-02,1.926072538588695805e-03
5.124179926618688957e-02,2.004973835917945278e-03
5.123865516602525705e-02,2.083871279276248989e-03
5.123542441540238773e-02,2.162765162732888883e-03
5.123205218534702954e-02,2.241653133193726149e-03
5.122854359372063654e-02,2.320535194149245597e-03
5.122490084290768492e-02,2.399411140130458617e-03
5.122111643392009139e-02,2.478280408760402936e-03
5.121723715680083500e-02,2.557145099709186905e-03
5.121326776685329596e-02,2.636005278510602894e-03
5.120916038906617174e-02,2.714858413270028990e-03
5.120490151404478996e-02,2.793703477314964708e-03
5.120052836079614506e-02,2.872542318331566900e-03
5.119608431753810973e-02,2.951377222436191682e-03
5.119147150292686216e-02,3.030202326302289077e-03
5.118668176523313157e-02,3.109016981853495246e-03
5.118181340682222136e-02,3.187826772000757532e-03
5.117688237392854084e-02,3.266632697848879160e-03
5.117182801957901456e-02,3.345430771510025936e-03
5.116657615556012562e-02,3.424215931081195635e-03
5.116120371871595712e-02,3.502992993363205840e-03
5.115576922274514549e-02,3.581765771422530664e-03
5.115025462389637123e-02,3.660533029071040383e-03
5.114455943690746076e-02,3.739287321598792294e-03
5.113870016682999647e-02,3.818029697911050260e-03
5.113277305879898593e-02,3.896766978223213228e-03
5.112671315828613838e-02,3.975494048112073776e-03
5.112052758105397471e-02,4.054211455800838318e-03
5.111427312021331326e-02,4.132923425108445126e-03
5.110784163092878946e-02,4.211620990342891148e-03
5.110124391804474892e-02,4.290304943917676653e-03
5.109457901258332435e-02,4.368983199400329476e-03
5.108778381125405471e-02,4.447650228394662598e-03
5.041992860715988761e-02,-9.358478390899455102e-03
5.043433459369952437e-02,-9.280480238886421734e-03
5.044860173274776788e-02,-9.202456593502236423e-03
5.046273409855939196e-02,-9.124408413337038726e-03
5.047676869483869871e-02,-9.046342614861490466e-03
5.049073292106651817e-02,-8.968264151162788980e-03
5.050459637249064132e-02,-8.890167752369095011e-03
5.051826220834183118e-02,-8.812036598448024297e-03
5.053179652854462162e-02,-8.733882427836866733e-03
5.054525410011976444e-02,-8.655715085186295107e-03
5.055856529560706636e-02,-8.577522707749658110e-03
5.057176559047359132e-02,-8.499311458073853867e-03
5.058488157292979903e-02,-8.421086072647330362e-03
5.059786109803218052e-02,-8.342837918770431779e-03
5.061069062662888057e-02,-8.264565030801864290e-03
5.062339512169541922e-02,-8.186271752106245511e-03
5.063601615602106309e-02,-8.107964971969834969e-03
5.064852417671835555e-02,-8.029640064704107738e-03
5.066088322717515052e-02,-7.951291506383515936e-03
5.067309503723089331e-02,-7.872919905501717802e-03
5.068522568051635202e-02,-7.794535593457714399e-03
5.069724789757604211e-02,-7.716134676964879480e-03
5.070905520814045914e-02,-7.637701146676608571e-03
5.072079801491194417e-02,-7.559257767146446844e-03
5.073249026904794179e-02,-7.480806984509067586e-03
5.074396910567472579e-02,-7.402324694918952300e-03
5.075533165331690133e-02,-7.323825341020050693e-03
5.076661363130644672e-02,-7.245314498523987810e-03
5.077774344486132851e-02,-7.166781925449011367e-03
5.078877488119203781e-02,-7.088235404775056377e-03
5.079971468344250674e-02,-7.009676135376817670e-03
5.081051000967948955e-02,-6.931096867263127070e-03
5.082116994116774727e-02,-6.852499077936088749e-03
5.083169239219845897e-02,-6.773882809647286882e-03
5.084207169692366024e-02,-6.695247518496296769e-03
5.085236385953357391e-02,-6.616600715139630065e-03
5.086255246563832488e-02,-6.537940503577313427e-03
5.087259057802231976e-02,-6.459260935605427856e-03
5.088254943146607728e-02,-6.380571205555665183e-03
5.089238877286497709e-02,-6.301866559070899536e-03
5.090202563539809183e-02,-6.223136818281392937e-03
5.091155003490982489e-02,-6.144393367111179727e-03
5.092101290503081579e-02,-6.065642526385440873e-03
5.093038499606555858e-02,-5.986880802624042729e-03
5.093957042833373999e-02,-5.908097160730957365e-03
5.094859574880904185e-02,-5.829294934729591961e-03
5.095754765929139118e-02,-5.750484389015294087e-03
5.096643335122214014e-02,-5.671666288022855253e-03
5.097517313011919876e-02,-5.592831966371815400e-03
5.098371695784514879e-02,-5.513976120235356687e-03
5.099217417270008462e-02,-5.435110880426420946e-03
5.100052842479189941e-02,-5.356234774046996286e-03
5.100873394575469039e-02,-5.277343005108321196e-03
5.101685437004781221e-02,-5.198442400576060336e-03
5.102487000678380957e-02,-5.119531142974811759e-03
5.103273859186129024e-02,-5.040605051101147704e-03
5.104047382192038185e-02,-4.961665760175318178e-03
5.104806774851073509e-02,-4.882712793692882240e-03
5.105552772147011614e-02,-4.803747038370638836e-03
5.106290447261561949e-02,-4.724773451274360582e-03
5.107017356144271519e-02,-4.645789909073078962e-03
5.107729491996503002e-02,-4.566792886823507931e-03
5.108427088929317489e-02,-4.487782913100515393e-03
5.109114464230587321e-02,-4.408763960560028658e-03
5.109793200066847091e-02,-4.329737557208187745e-03
5.110458520465264304e-02,-4.250699727079729900e-03
5.111108418195094150e-02,-4.171649100685049204e-03
5.111745978654518713e-02,-4.092588406188552713e-03
5.112376950223115890e-02,-4.013522351388199190e-03
5.112990710204603356e-02,-3.934442934530799768e-03
5.113586898167737926e-02,-3.855349932574375030e-03
5.114182152426088868e-02,-3.776256191638601659e-03
5.114763743465822882e-02,-3.697152469844718677e-03
5.115325497317819992e-02,-3.618034250455411625e-03
5.115879930191564312e-02,-3.538910891342099668e-03
5.116423764144395481e-02,-3.459780225818739983e-03
5.116952084209627771e-02,-3.380639013426139927e-03
5.117465848918348326e-02,-3.301488262512673917e-03
5.117971830871148597e-02,-3.222332398624301597e-03
5.118466631212650192e-02,-3.143169567757328042e-03
5.118939922947016857e-02,-3.063993612486762361e-03
5.119407289580438919e-02,-2.984813983484815077e-03
5.119869250735686189e-02,-2.905631330066520655e-03
5.120309777233837678e-02,-2.826436450662410480e-03
5.120738744870149267e-02,-2.747235111899983418e-03
4.819667315847746270e-02,1.751659864628813887e-02
4.822357057634945460e-02,1.744236107939784244e-02
4.816964180410739094e-02,1.759078754772129202e-02
4.814248010808873379e-02,1.766492879603367289e-02
4.811521453176306751e-02,1.773903193626133815e-02
4.808786775659527196e-02,1.781310517348640848e-02
4.806037262493643991e-02,1.788712337041785047e-02
4.803274153848210992e-02,1.796109102300697674e-02
4.800505055044913122e-02,1.803503626354231379e-02
4.797723636307273803e-02,1.810893516607545162e-02
5.000130158846671086e-02,1.138503093196261556e-02
5.001875368711734826e-02,1.130802373055699028e-02
4.998372557804212774e-02,1.146200996209396222e-02
4.996600407393401999e-02,1.153895560398223580e-02
4.994815031649543074e-02,1.161587068026652229e-02
4.993021133398507783e-02,1.169276595266234738e-02
4.991215503576114376e-02,1.176963368962506869e-02
4.989396850979083836e-02,1.184647076731078566e-02
4.987570487499901756e-02,1.192328960045758827e-02
4.985729699645122942e-02,1.200007388314863060e-02
4.983871058244165875e-02,1.207681522915058508e-02
4.982003099892925307e-02,1.215353394061407730e-02
4.980127419994283267e-02,1.223023378577704073e-02
4.978241330901282680e-02,1.230690811388744817e-02
4.976341234995945023e-02,1.238354784351276480e-02
4.974427760130819415e-02,1.246015429793921429e-02
4.972502031762740526e-02,1.253673002752136827e-02
4.970563563169230065e-02,1.261327361034493381e-02
4.968612979651523126e-02,1.268978639412151992e-02
4.966652824091518509e-02,1.276627471934505681e-02
4.964685982875953474e-02,1.284274592178249845e-02
4.962704933188478301e-02,1.291918035247826939e-02
4.960706106708001606e-02,1.299556856186134986e-02
4.958696569978872370e-02,1.307192864425188623e-02
4.956679626665604771e-02,1.314826919397526182e-02
4.954653594243742243e-02,1.322458566867486598e-02
4.952613335238009035e-02,1.330086421841290140e-02
4.950560085578891573e-02,1.337710795351573778e-02
4.948494484604509802e-02,1.345331828182211135e-02
4.946414251225408898e-02,1.352948877544664710e-02
4.944323869483796541e-02,1.360563155009446128e-02
4.942224113326457863e-02,1.368174847432883715e-02
4.940109354353874188e-02,1.375782383238169024e-02
4.937984722461709330e-02,1.383387174399165059e-02
4.935852396786067492e-02,1.390989806899191675e-02
4.933706284304264361e-02,1.398588560955378937e-02
4.931544853265028977e-02,1.406182971112216427e-02
4.929371211869213593e-02,1.413773895985111564e-02
4.927190463583175362e-02,1.421362783338564820e-02
4.924998545946891737e-02,1.428948449043017897e-02
4.922791697531173072e-02,1.436529787669733882e-02
4.920570911850183360e-02,1.444107054367219090e-02
4.918339103309053023e-02,1.451681080431161015e-02
4.916098931250152682e-02,1.459252637713255238e-02
4.913850584573464797e-02,1.466821775509764142e-02
4.911586866592074913e-02,1.474386321670045907e-02
4.909306643744364151e-02,1.481945916792410702e-02
4.907017669522911740e-02,1.489502865053388310e-02
4.904720365941363236e-02,1.497057282489409544e-02
4.902412853895017630e-02,1.504608590129566208e-02
4.900093353347596131e-02,1.512156224941000812e-02
4.897759395412197569e-02,1.519699399577387200e-02
4.895410664063546552e-02,1.527237989083491017e-02
4.893049622102201707e-02,1.534772730954725960e-02
4.890678492111243114e-02,1.542304304097130360e-02
4.888298430060750155e-02,1.549833059194985312e-02
4.885909192238219179e-02,1.557358907537084031e-02
4.883509116788997684e-02,1.564881307619800377e-02
4.881095813217683349e-02,1.572399473891418833e-02
4.878667313343064416e-02,1.579912744946790348e-02
4.876225362271490588e-02,1.587421655926754549e-02
4.873772372037886436e-02,1.594926966639573923e-02
4.871310065732496752e-02,1.602429225844078861e-02
4.868839135713998179e-02,1.609928650040253970e-02
4.866358025667346515e-02,1.617424711934335041e-02
4.863863382815861169e-02,1.624916282908162729e-02
4.861353773940602779e-02,1.632402850026072605e-02
4.858832503306228373e-02,1.639885500874174729e-02
4.856304751057881341e-02,1.647365966066137791e-02
4.853764076293084345e-02,1.654842045515807561e-02
4.851207680766037728e-02,1.662312770787947522e-02
4.848639611285184003e-02,1.669779489846269505e-02
4.846061266071553103e-02,1.677242662019995043e-02
4.843474533924969905e-02,1.684702936014688401e-02
4.840879999114915816e-02,1.692160505435915535e-02
4.838267403637812325e-02,1.699611749078740186e-02
4.835639656563510413e-02,1.707057679398992292e-02
4.833010010247724281e-02,1.714502940112868148e-02
4.830365311110502297e-02,1.721942848689715991e-02
4.827702808915612653e-02,1.729376423254081266e-02
4.825034267886108008e-02,1.736807827274278876e-02
5.108085876912774742e-02,4.526306023205156452e-03
5.107385778926833847e-02,4.604955074950712289e-03
5.106673268030767487e-02,4.683592938412182473e-03
5.105946425896778357e-02,4.762217736637254679e-03
5.105206597428874754e-02,4.840830414874646749e-03
5.104452264738743722e-02,4.919429261172024448e-03
5.103686418487113352e-02,4.998017025601516998e-03
5.102912845434652567e-02,5.076597220006633104e-03
5.102125399590596438e-02,5.155163554521204929e-03
5.101326122683200875e-02,5.233718041262868173e-03
5.100519653576253420e-02,5.312265173081110251e-03
5.099694976489500126e-02,5.390793271171446036e-03
5.098854300125685995e-02,5.469304552997432921e-03
5.098006881926164802e-02,5.547808540534788363e-03
5.097146136052965043e-02,5.626297955626781422e-03
5.096272770743597025e-02,5.704773518326032057e-03
5.095391736273633537e-02,5.783240481041462128e-03
5.094498081122120214e-02,5.861693137607607886e-03
5.093590156598978153e-02,5.940129456805600880e-03
5.092669128820678792e-02,6.018550486237696923e-03
5.091733772493272497e-02,6.096954521181659377e-03
5.090787050404331493e-02,6.175344951403899385e-03
5.089832308800731203e-02,6.253725640365529609e-03
5.088865073187939098e-02,6.332091004138235522e-03
5.087883003283664995e-02,6.410437924945841873e-03
5.086887619354252960e-02,6.488768029484325364e-03
5.085883639979520837e-02,6.567087191104313028e-03
5.084869475056372212e-02,6.645393190047530971e-03
5.083840952687751491e-02,6.723680478842321805e-03
5.082799220847365740e-02,6.801950327129796525e-03
5.081743728405857530e-02,6.880201693636023470e-03
5.080674590785887179e-02,6.958434540389468737e-03
5.079597214520444742e-02,7.036656134769310803e-03
5.078508905944520424e-02,7.114862513904597272e-03
5.077405997479052940e-02,7.193048463322807701e-03
5.076295682777285517e-02,7.271224009000452904e-03
5.075172745472011915e-02,7.349381400991714976e-03
5.074030016544432697e-02,7.427510163007307320e-03
5.072876751031993314e-02,7.505623453004887403e-03
5.071717460655423421e-02,7.583727805012512556e-03
5.070548923628553223e-02,7.661818397662664877e-03
5.069361650994209240e-02,7.739880659444743800e-03
5.068158923738116245e-02,7.817919341266124297e-03
5.066949175619232110e-02,7.895947115585982140e-03
5.065732728948448005e-02,7.973964536818275647e-03
5.064501710142282204e-02,8.051959005633893551e-03
5.063251482744038356e-02,8.129922961916703772e-03
5.061992697069189751e-02,8.207873203147020985e-03
5.060723807796338458e-02,8.285806955171519730e-03
5.059440251576049347e-02,8.363716734149914678e-03
5.058148216242722844e-02,8.441612530847505957e-03
5.056845968791526952e-02,8.519491257597227099e-03
5.055529209418437031e-02,8.597345612716668362e-03
5.054199321683905399e-02,8.675177670710519304e-03
5.052855651629858946e-02,8.752986011211031162e-03
5.051498540295956685e-02,8.830771035806239330e-03
5.050132874856237686e-02,8.908541103707437459e-03
5.048756997268118857e-02,8.986293144977548428e-03
5.047366877703297200e-02,9.064019871590753979e-03
5.045962104560391265e-02,9.141720216145877986e-03
5.044547067581378608e-02,9.219401980214534872e-03
5.043123698939402932e-02,9.297068500419003456e-03
5.041685682329434537e-02,9.374707975639457597e-03
5.040237131029954437e-02,9.452327971079936900e-03
5.038780438360451058e-02,9.529932681743093908e-03
5.037304871866675471e-02,9.607501665715799388e-03
5.035814301354885059e-02,9.685042058906067133e-03
5.034316913288724993e-02,9.762569251146184166e-03
5.032812514378731672e-02,9.840082922095668913e-03
5.031293210884262707e-02,9.917567442629950450e-03
5.029755014690136944e-02,9.995014735297763631e-03
5.028206800239001795e-02,1.007244204803975883e-02
5.026652678234980881e-02,1.014985753855187148e-02
5.025089005334899828e-02,1.022725379133785327e-02
5.023505630487801188e-02,1.030460991273430930e-02
5.021908172520220259e-02,1.038193718088826351e-02
5.020304370475589528e-02,1.045925124892677603e-02
5.018691705047508694e-02,1.053654688652841225e-02
5.017067325542627632e-02,1.061381799712179594e-02
5.015429657964769194e-02,1.069106105726564532e-02
5.013778579813255726e-02,1.076827558004990124e-02
5.012112802446466731e-02,1.084545848888978335e-02
5.010433724479383677e-02,1.092261258956875487e-02
5.008747090713495942e-02,1.099975022762277217e-02
5.007049658222413602e-02,1.107686413300417588e-02
5.005337249218157897e-02,1.115394495301950950e-02
5.003611408616840533e-02,1.123099579707277640e-02
3.435208647127135223e-02,-1.923483800374848826e-02
3.428316216557572571e-02,-1.919501836670713807e-02
3.442100622985715813e-02,-1.927466550748038396e-02
3.448993281266388850e-02,-1.931448120240667268e-02
3.455887474792642550e-02,-1.935427030578314861e-02
3.462782547184391907e-02,-1.939404417831546920e-02
3.469676203630413236e-02,-1.943384258363383202e-02
3.476569167852167769e-02,-1.947365298317782836e-02
3.483462489558358799e-02,-1.951345718848558966e-02
3.490355904096894418e-02,-1.955325978449707833e-02
3.497248785466994941e-02,-1.959307162181183823e-02
3.504142196948709098e-02,-1.963287427068649560e-02
3.511038289476000468e-02,-1.967263044934952979e-02
3.517933867997403291e-02,-1.971239554480302969e-02
3.524826464803848536e-02,-1.975221231031058788e-02
3.531717320228029700e-02,-1.979205921902247450e-02
3.538611791228966907e-02,-1.983184348664612795e-02
2.952658822039792852e-02,-1.644884377152094554e-02
2.945765968835517210e-02,-1.640903145248355857e-02
2.959553046160725773e-02,-1.648863234553613055e-02
2.966446636209682519e-02,-1.652843190218757780e-02
2.973339458660914647e-02,-1.656824475344751552e-02
2.980233422326774781e-02,-1.660803783772656431e-02
2.987128243173687095e-02,-1.664781608024671483e-02
2.994021845273240473e-02,-1.668761542369607068e-02
3.000912881260388992e-02,-1.672745919100026776e-02
3.007805539655711291e-02,-1.676727487116165191e-02
3.014700213807246232e-02,-1.680705565484737554e-02
3.021594399516429330e-02,-1.684684489436813828e-02
3.028488463658138979e-02,-1.688663623849084167e-02
3.035382674991502286e-02,-1.692642503436754195e-02
3.042276856497628384e-02,-1.696621434656496105e-02
3.049170932041351742e-02,-1.700600549378791446e-02
3.056065225306334177e-02,-1.704579287055026787e-02
3.062959577214001070e-02,-1.708557923171565018e-02
3.069852310983534061e-02,-1.712539361595465451e-02
3.076745072280622634e-02,-1.716520752348387260e-02
3.083639454443731082e-02,-1.720499336069020169e-02
3.090532342009133515e-02,-1.724480508142248875e-02
3.097425023596625179e-02,-1.728462036947007660e-02
3.104319368340963808e-02,-1.732440685478370962e-02
3.111212639394687202e-02,-1.736421193342940414e-02
3.118104529807278619e-02,-1.740404092465634711e-02
3.124996884607409917e-02,-1.744386187293473986e-02
3.131891949146922011e-02,-1.748363587690985113e-02
3.138786926076157779e-02,-1.752341139827120683e-02
3.145679191442386086e-02,-1.756323389573818949e-02
3.152570881906730654e-02,-1.760306635296736075e-02
3.159464817768967843e-02,-1.764285991024695452e-02
3.166360485769302568e-02,-1.768262345943067554e-02
3.173253169047286770e-02,-1.772243871670252380e-02
3.180146524840838512e-02,-1.776224232360898436e-02
3.187042268728091515e-02,-1.780200455808998716e-02
3.193935234260109057e-02,-1.784181492363695262e-02
3.200827811330417272e-02,-1.788163202656222264e-02
3.207721727810985968e-02,-1.792142593079452950e-02
3.214614393525182245e-02,-1.796124149243406506e-02
3.221506961371913003e-02,-1.800105875416796453e-02
3.228400940981104167e-02,-1.804085156481012586e-02
3.235296276120690206e-02,-1.808062087874115834e-02
3.242191474704793352e-02,-1.812039257011914886e-02
3.249084728416691548e-02,-1.816019795345040835e-02
3.255975394349681223e-02,-1.820004812011330117e-02
3.262867317799786337e-02,-1.823987651956258255e-02
3.269761476471221701e-02,-1.827966623517568445e-02
3.276655273131014179e-02,-1.831946221584038192e-02
3.283548866106924397e-02,-1.835926172190964142e-02
3.290442626135109405e-02,-1.839905833635726434e-02
3.297336390397571232e-02,-1.843885487674125009e-02
3.304229918247292980e-02,-1.847865551384068536e-02
3.311123825660448883e-02,-1.851844957341631376e-02
3.318018807974557755e-02,-1.855822500619586438e-02
3.324913425072862500e-02,-1.859800677243612574e-02
3.331806607506850038e-02,-1.863781338994169312e-02
3.338698550626006262e-02,-1.867764146093366107e-02
3.345591184041326466e-02,-1.871745758374931609e-02
3.352485618955194924e-02,-1.875724250903595611e-02
3.359380917567108410e-02,-1.879701246470017947e-02
3.366273482515443061e-02,-1.883682976555966365e-02
3.373165936489183614e-02,-1.887664899029047744e-02
3.380061265372569235e-02,-1.891641842168915316e-02
3.386953974854273186e-02,-1.895623322049481974e-02
3.393846421104340649e-02,-1.899605257842795422e-02
3.400741756444166514e-02,-1.903582189796880833e-02
3.407634445595702360e-02,-1.907563704947341787e-02
3.414526826455124148e-02,-1.911545753893713340e-02
3.421422060930311149e-02,-1.915522860488921841e-02
2.352873203091251919e-02,-1.298704199794809520e-02
2.345982302339596343e-02,-1.294719588053076104e-02
2.359767454773030460e-02,-1.302683009723727692e-02
2.366662683651508253e-02,-1.306660125742481818e-02
2.373553208536533649e-02,-1.310645385705191610e-02
2.380445375490432974e-02,-1.314627803092334457e-02
2.387340933505831264e-02,-1.318604349550250333e-02
2.394231592140163775e-02,-1.322589378072924760e-02
2.401123657085260654e-02,-1.326571972023640571e-02
2.408019227891370143e-02,-1.330548496341714751e-02
2.414910187824642271e-02,-1.334533002927324082e-02
2.421801262895642223e-02,-1.338517311581151857e-02
2.428695079016782166e-02,-1.342496876427842767e-02
2.435587275922998160e-02,-1.346479244271683168e-02
2.442480046627783230e-02,-1.350460618988456700e-02
2.449373475374485784e-02,-1.354440854099700497e-02
2.456264021758430838e-02,-1.358426077001534393e-02
2.463155289670148143e-02,-1.362410051456572346e-02
2.470049180456787216e-02,-1.366389487195036022e-02
2.476943151850156954e-02,-1.370368783459663918e-02
2.483834730697798490e-02,-1.374352219822117492e-02
2.490725078539558768e-02,-1.378337786330300838e-02
2.497617986476888957e-02,-1.382318922818926397e-02
2.504512257594836838e-02,-1.386297700428326674e-02
2.511405195753802291e-02,-1.390278784625851617e-02
2.518295459852621515e-02,-1.394264496087223824e-02
2.525187368323246473e-02,-1.398247361907940800e-02
2.532081011452429545e-02,-1.402227226334630192e-02
2.538972707369260146e-02,-1.406210461192071437e-02
2.545864966156993064e-02,-1.410192721620593184e-02
2.552758701073968781e-02,-1.414172426877654577e-02
2.559652251749114371e-02,-1.418152450991857702e-02
2.566544912235960152e-02,-1.422134016397789275e-02
2.573436143129825826e-02,-1.426118055897076381e-02
2.580326289157352029e-02,-1.430103971709697878e-02
2.587218526737128030e-02,-1.434086267935177905e-02
2.594112123921131843e-02,-1.438066211918179703e-02
2.601003973192240332e-02,-1.442049181293062268e-02
2.607895110420496709e-02,-1.446033383179593651e-02
2.614787286435949973e-02,-1.450015786933346595e-02
2.621680896167074074e-02,-1.453995708828089914e-02
2.628572991670137873e-02,-1.457978252255772225e-02
2.635464955779533852e-02,-1.461961022428238249e-02
2.642359623669279442e-02,-1.465939110727822008e-02
2.649254022187604030e-02,-1.469917666427664540e-02
2.656146777485878310e-02,-1.473899067757112290e-02
2.663038480278633741e-02,-1.477882290678844690e-02
2.669930065902960392e-02,-1.481865716327789538e-02
2.676821845610334941e-02,-1.485848806185161540e-02
2.683713594263446856e-02,-1.489831949796175704e-02
2.690604997214003299e-02,-1.493815691224101641e-02
2.697497196278728776e-02,-1.497798055926604678e-02
2.704391687106589073e-02,-1.501776452270020025e-02
2.711288099127407217e-02,-1.505751510553971981e-02
2.718179875697880263e-02,-1.509734622951666543e-02
2.725069631296454450e-02,-1.513721233617895678e-02
2.731981152067866278e-02,-1.517669962175109515e-02
2.738889612826152578e-02,-1.521623972944480957e-02
2.745773121259974248e-02,-1.525621371768669764e-02
2.752666494641461958e-02,-1.529601700839017774e-02
2.759571707002516153e-02,-1.533561480462903096e-02
2.766476648673820218e-02,-1.537521706103116628e-02
2.773381188760793911e-02,-1.541482636752497526e-02
2.780290446009403907e-02,-1.545435330248798311e-02
2.787203582066474436e-02,-1.549381239558866169e-02
2.794108143702233801e-02,-1.553342123329899682e-02
2.801004197673429355e-02,-1.557317821274541852e-02
2.807896830990267226e-02,-1.561299431965696739e-02
2.814789251453667790e-02,-1.565281412048789150e-02
2.821683089613609072e-02,-1.569260938720667617e-02
2.828577831279852767e-02,-1.573238899142656577e-02
2.835471146258582847e-02,-1.577219331039074121e-02
2.842363809711513645e-02,-1.581200891705610706e-02
2.849256797093226157e-02,-1.585181891165792986e-02
2.856149721778402512e-02,-1.589162999264441545e-02
2.863042731334490207e-02,-1.593143960262116687e-02
2.869935644862572216e-02,-1.597125087686198514e-02
2.876828106054341375e-02,-1.601106999001339348e-02
2.883722512127324250e-02,-1.605085539874402667e-02
2.890618592995695610e-02,-1.609061178722248978e-02
2.897512419764418715e-02,-1.613040724268333809e-02
2.904403514993496652e-02,-1.617025000377510582e-02
2.911295013566125855e-02,-1.621008575644825381e-02
2.918190784933765575e-02,-1.624984750283750903e-02
2.925085625102826284e-02,-1.628962539499233253e-02
2.931978174675264892e-02,-1.632944297558848457e-02
2.938872341814725495e-02,-1.636923253711061038e-02
1.746283132698245311e-02,-9.483887546363187204e-03
1.739388914443234027e-02,-9.444098874729507306e-03
1.753178224418529968e-02,-9.523661090136997798e-03
1.760072381567730562e-02,-9.563450823217531718e-03
1.766964934043547056e-02,-9.603268348781454980e-03
1.773858418379938712e-02,-9.643069734887247182e-03
1.780752889733261748e-02,-9.682854025375171869e-03
1.787645375966178188e-02,-9.722672695028820866e-03
1.794538172696170594e-02,-9.762485989415752019e-03
1.801432512752047799e-02,-9.802272556650431373e-03
1.808326856029696117e-02,-9.842059065514819488e-03
1.815221292564336494e-02,-9.881843960360865015e-03
1.822115185831704384e-02,-9.921638265469457166e-03
1.829007413991605088e-02,-9.961461405510898745e-03
1.835900773239073497e-02,-1.000126495582812601e-02
1.842795263097635888e-02,-1.004104892636769990e-02
1.849687908269984429e-02,-1.008086484540013025e-02
1.856580973303374391e-02,-1.012067349508078036e-02
1.863474936534498250e-02,-1.016046658946547290e-02
1.870367661916192206e-02,-1.020028111922864807e-02
1.877260279290067155e-02,-1.024009752313505620e-02
1.884154610305236247e-02,-1.027988424679807805e-02
1.891050787105997763e-02,-1.031963898665756371e-02
1.897943400894690907e-02,-1.035945542222501022e-02
1.904834269333607194e-02,-1.039930208630551051e-02
1.911729967256725962e-02,-1.043906511795976086e-02
1.918623526604498059e-02,-1.047886517842036569e-02
1.925513874028790193e-02,-1.051872086711462886e-02
1.932407034917184643e-02,-1.055852785714252347e-02
1.939302954112581343e-02,-1.059828707084517485e-02
1.946197904288575128e-02,-1.063806304534232507e-02
1.953088718235020463e-02,-1.067791064870616570e-02
1.959980908064838656e-02,-1.071773444333832918e-02
1.966875106472608728e-02,-1.075752346840543397e-02
1.973767682599242290e-02,-1.079734058391060292e-02
1.980660753408219205e-02,-1.083714913238088308e-02
1.987554803996769218e-02,-1.087694071421543666e-02
1.994448549767026749e-02,-1.091673757378938681e-02
2.001342811302404476e-02,-1.095652550670574849e-02
2.008236135360677577e-02,-1.099632966556604932e-02
2.015126845283325696e-02,-1.103617907175646548e-02
2.022019200319462306e-02,-1.107600000325291434e-02
2.028913503576657701e-02,-1.111578721362356005e-02
2.035807256449456010e-02,-1.115558395043888922e-02
2.042701501106469406e-02,-1.119537217497660123e-02
2.049594741896978295e-02,-1.123517777538187226e-02
2.056485378792272112e-02,-1.127502844593213267e-02
2.063378072308615085e-02,-1.131484351700198787e-02
2.070272052970696663e-02,-1.135463631337008811e-02
2.077164071257513178e-02,-1.139446308474995756e-02
2.084057031918324157e-02,-1.143427353840656413e-02
2.090951188182111481e-02,-1.147406329137436003e-02
2.097844991352292715e-02,-1.151385915792359736e-02
2.104738946310999448e-02,-1.155365239526610563e-02
2.111632544391455618e-02,-1.159345181397733633e-02
2.118524804856296295e-02,-1.163327439393733141e-02
2.125415928998513129e-02,-1.167311663314808158e-02
2.132306884612522255e-02,-1.171296178785479966e-02
2.139198886053346460e-02,-1.175278885123568103e-02
2.146092599379260946e-02,-1.179258627522804075e-02
2.152986107219492448e-02,-1.183238725434776310e-02
2.159878050020490672e-02,-1.187221533273455192e-02
2.166771492159133561e-02,-1.191201745046294169e-02
2.173665112391942947e-02,-1.195181648433879008e-02
2.180557054986670407e-02,-1.199164456626882445e-02
2.187450436086351910e-02,-1.203144774069220442e-02
2.194344163375307882e-02,-1.207124492106926433e-02
2.201236219268728686e-02,-1.211107104134220500e-02
2.208128321196457799e-02,-1.215089636357400034e-02
2.215020351452910014e-02,-1.219072292922346486e-02
2.221912333549823371e-02,-1.223055032840135621e-02
2.228806680808551391e-02,-1.227033675857056201e-02
2.235701941798111728e-02,-1.231010736765262084e-02
2.242595746340778767e-02,-1.234990321151669887e-02
2.249488222943567609e-02,-1.238972204873649112e-02
2.256380196515376038e-02,-1.242954959349804912e-02
2.263272361301182575e-02,-1.246937382835587756e-02
2.270164704499222710e-02,-1.250919497350524122e-02
2.277056510678718282e-02,-1.254902541841626876e-02
2.283948533553521731e-02,-1.258885211073101917e-02
2.290843638897779172e-02,-1.262862541914119667e-02
2.297737461052144770e-02,-1.266842093076954619e-02
2.304627498228456473e-02,-1.270828197531500940e-02
2.311519125302091693e-02,-1.274811551328727810e-02
2.318411356925124608e-02,-1.278793859600602101e-02
2.325303386484532664e-02,-1.282776517170063774e-02
2.332198466413620830e-02,-1.286753891936656159e-02
2.339092293134761164e-02,-1.290733435132305172e-02
1.146482260144212478e-02,-6.022340324891075139e-03
1.139588719122091275e-02,-5.982539910648271460e-03
1.153376726545322396e-02,-6.062124699184556070e-03
1.160272448019799077e-02,-6.101887317633606332e-03
1.167167494558149846e-02,-6.141661634330561684e-03
1.174061208459396127e-02,-6.181459049849840660e-03
1.180954960468941911e-02,-6.221255804618811870e-03
1.187849584698597895e-02,-6.261037442122111170e-03
1.194745135619366960e-02,-6.300803018976696736e-03
1.201640812387115217e-02,-6.340566415079232007e-03
1.208535018444189223e-02,-6.380355298623330805e-03
1.215428698991494194e-02,-6.420153289447927056e-03
1.222324186258371206e-02,-6.459919970118196443e-03
1.229218557928990832e-02,-6.499705981631343638e-03
1.236111796356547873e-02,-6.539511631544004180e-03
1.243006746689466480e-02,-6.579287618267009273e-03
1.249901875711103075e-02,-6.619060510328123904e-03
1.256796568555495694e-02,-6.658840960878106320e-03
1.263691636913533492e-02,-6.698614902711034699e-03
1.270586589921694244e-02,-6.738390844179839231e-03
1.277481313247307883e-02,-6.778170766888980299e-03
1.284376111935693274e-02,-6.817949383350361235e-03
1.291270735324133619e-02,-6.857731037939174962e-03
1.298165170304205369e-02,-6.897515957892835260e-03
1.305059640849991036e-02,-6.937300261426001917e-03
1.311954168866841762e-02,-6.977083569042842603e-03
1.318848603752606138e-02,-7.016868490506975205e-03
1.325742803807390333e-02,-7.056657481184169800e-03
1.332636957072079638e-02,-7.096447282588036823e-03
1.339531170864251448e-02,-7.136236035274175736e-03
1.346425388392074804e-02,-7.176024723304482746e-03
1.353319412437013931e-02,-7.215816763092341816e-03
1.360213256977091216e-02,-7.255611913655284594e-03
1.367107315173647121e-02,-7.295403362963767332e-03
1.374002399493639941e-02,-7.335177027712276067e-03
1.380897583279623760e-02,-7.374948967555173228e-03
1.387791518635955214e-02,-7.414742544068702625e-03
1.394685019875632585e-02,-7.454543644152494472e-03
1.401579358524390924e-02,-7.494330231342936563e-03
1.408474790111431153e-02,-7.534097877052958053e-03
1.415369126708157857e-02,-7.573884498247903350e-03
1.422262383225161159e-02,-7.613689836592220719e-03
1.429155920953355079e-02,-7.653490301607025585e-03
1.436050375268995566e-02,-7.693274884322749523e-03
1.442945768595252712e-02,-7.733043195261015898e-03
1.449841222898558615e-02,-7.772810447622565538e-03
1.456734893087635076e-02,-7.812608614008526714e-03
1.463628390678788083e-02,-7.852409773567190637e-03
1.470523277262977824e-02,-7.892186867815212739e-03
1.477416961483678237e-02,-7.931984792932196895e-03
1.484310375063394374e-02,-7.971787407192735403e-03
1.491205166914416971e-02,-8.011566142793939346e-03
1.498099987013154673e-02,-8.051344388530437199e-03
1.504994666013487539e-02,-8.091125080042629869e-03
1.511889161220666446e-02,-8.130908956899029691e-03
1.518782358406775730e-02,-8.170715318255826476e-03
1.525675596943665627e-02,-8.210520963094191868e-03
1.532570113424524746e-02,-8.250304471346009069e-03
1.539464635965307436e-02,-8.290087874694988118e-03
1.546359007305043130e-02,-8.329873896962587329e-03
1.553253440934046319e-02,-8.369658840322017138e-03
1.560147645156055411e-02,-8.409447758753456348e-03
1.567041725370135058e-02,-8.449238825883493079e-03
1.573935856762300953e-02,-8.489029006245525297e-03
1.580829981101848289e-02,-8.528819308765979781e-03
1.587724116157365056e-02,-8.568609425738893393e-03
1.594618245191120609e-02,-8.608399646986293619e-03
1.601512215610831000e-02,-8.648192615795247118e-03
1.608405849569553153e-02,-8.687991414873703910e-03
1.615299663140101413e-02,-8.727787101551462423e-03
1.622194839782680267e-02,-8.767559166293131465e-03
1.629089643334090051e-02,-8.807337695492059929e-03
1.635983014382597078e-02,-8.847141048488882387e-03
1.642876533735558239e-02,-8.886941831564321506e-03
1.649769953916155676e-02,-8.926744333038241427e-03
1.656663484509613912e-02,-8.966544921279682653e-03
1.663558636948278546e-02,-9.006317405335226983e-03
1.670453403037968493e-02,-9.046096583096581434e-03
1.677346426954811481e-02,-9.085905948252360337e-03
1.684239260422078222e-02,-9.125718612784045405e-03
1.691133440671890864e-02,-9.165507943308479760e-03
1.698028489007778752e-02,-9.205282233348892687e-03
1.704921883777642602e-02,-9.245085170190832022e-03
1.711814444672968630e-02,-9.284902554588270532e-03
1.718707838731382484e-02,-9.324705506827010021e-03
1.725602642142806675e-02,-9.364484043716829811e-03
1.732496423608925751e-02,-9.404280281168459280e-03
5.468061762455631372e-03,-2.558639869066052768e-03
5.399127520027346798e-03,-2.518837438964114956e-03
5.536997394789341942e-03,-2.598439891829677946e-03
5.605933479292867123e-03,-2.638239131418869399e-03
5.674868218013050768e-03,-2.678040701961511508e-03
5.743804358176556046e-03,-2.717839845109203643e-03
5.812740997007927873e-03,-2.757638124546558153e-03
5.881676314001211929e-03,-2.797438693512893995e-03
5.950611178612152594e-03,-2.837240046045116058e-03
6.019547459728626787e-03,-2.877038945066337852e-03
6.088484756909462101e-03,-2.916836084139906755e-03
6.157419107752444033e-03,-2.956638326427695352e-03
6.226354127924476484e-03,-2.996439409365923151e-03
6.295292021585605774e-03,-3.036235515230083833e-03
6.364227630080478322e-03,-3.076035579207554282e-03
6.433161314864048637e-03,-3.115838975237720122e-03
6.502096000242721385e-03,-3.155640638137973807e-03
6.571033699196563056e-03,-3.195437081158039247e-03
6.639971225664233548e-03,-3.235233823006911005e-03
6.708905886370888395e-03,-3.275035528708793251e-03
6.777839006292147271e-03,-3.314839903036212194e-03
6.846774939838808256e-03,-3.354639403773678960e-03
6.915713768170848527e-03,-3.394433890531791623e-03
6.984649997914474905e-03,-3.434232878519833439e-03
7.053584569906641739e-03,-3.474034737880857954e-03
7.122518772284758271e-03,-3.513837237302631228e-03
7.191452395480861688e-03,-3.553640739919085474e-03
7.260388817235407383e-03,-3.593439395273579414e-03
7.329326513705360958e-03,-3.633235842639040425e-03
7.398259716974799755e-03,-3.673040072316742250e-03
7.467193652158344262e-03,-3.712843034444854914e-03
7.536130693022334223e-03,-3.752640617594870873e-03
7.605067447070548194e-03,-3.792438697497027122e-03
7.674002789486972405e-03,-3.832239222364626149e-03
7.742938082349604990e-03,-3.872039833151671648e-03
7.811875125937926996e-03,-3.911837411663021853e-03
7.880810766755785846e-03,-3.951637419040821171e-03
7.949744155804046655e-03,-3.991441327703349785e-03
8.018677665759822368e-03,-4.031245028453502716e-03
8.087613562574529069e-03,-4.071044584549909570e-03
8.156551298413994636e-03,-4.110840972657026256e-03
8.225487045651095827e-03,-4.150640823298682412e-03
8.294416049052772896e-03,-4.190452207056957409e-03
8.363364695516571287e-03,-4.230229828012362948e-03
8.432317119300669975e-03,-4.270001114378690378e-03
8.501079984744763091e-03,-4.310098368219721261e-03
8.569784261812313578e-03,-4.350296474359085890e-03
8.638663876090696067e-03,-4.390193383878765281e-03
8.707509447364853925e-03,-4.430149003226420412e-03
8.776293509246798491e-03,-4.470210455877510723e-03
8.845124768494003892e-03,-4.510190727739811847e-03
8.913993479882127355e-03,-4.550106412781353311e-03
8.982877620948325967e-03,-4.589995538793490218e-03
9.051788768759659945e-03,-4.629838001342013142e-03
9.120793359196441991e-03,-4.669518249940783454e-03
9.189810806672880916e-03,-4.709176240911770381e-03
9.258721601376120047e-03,-4.749019308688512409e-03
9.327541837397394439e-03,-4.789018699853162322e-03
9.396388960822626632e-03,-4.828971444559477383e-03
9.465339769921215021e-03,-4.868745209270081142e-03
9.534296094233144989e-03,-4.908509449242264185e-03
9.603239006081927889e-03,-4.948296824073348220e-03
9.672189579824734540e-03,-4.988070960087220493e-03
9.741140121243677119e-03,-5.027845153721286972e-03
9.810086950629045080e-03,-5.067625773641356787e-03
9.879032450346991734e-03,-5.107408701091651661e-03
9.947982027351150169e-03,-5.147184561412858871e-03
1.001693220700634879e-02,-5.186959376592162503e-03
1.008588099722602070e-02,-5.226736600517678175e-03
1.015483418985814457e-02,-5.266506194352149617e-03
1.022378006446981839e-02,-5.306288469220912275e-03
1.029271608757665116e-02,-5.346087816276586489e-03
1.036166398064740195e-02,-5.385866593294105255e-03
1.043061672358130097e-02,-5.425636966597250331e-03
1.049956446682038039e-02,-5.465416005207470590e-03
1.056851248042964785e-02,-5.505194575227269176e-03
1.063746108415434231e-02,-5.544972122496450058e-03
1.070640942598236403e-02,-5.584750123667575616e-03
1.077535817281620976e-02,-5.624527422896079959e-03
1.084430552672102643e-02,-5.664307136307616605e-03
1.091325071383403116e-02,-5.704090605194805062e-03
1.098219570307381980e-02,-5.743874417129905645e-03
1.105114227874742262e-02,-5.783655479111037695e-03
1.112008749000473022e-02,-5.823438906217389549e-03
1.118902697456590836e-02,-5.863232259768852601e-03
1.125797983736503277e-02,-5.903002418817566641e-03
1.132694347014386212e-02,-5.942753905393822686e-03
5.198413192190000278e-04,8.999999999999999754e-04
5.191455320505267276e-04,9.793792424181088641e-04
5.187331549975706139e-04,1.058761353219699660e-03
5.184942467394947074e-04,1.138144304720647591e-03
5.183599123686036562e-04,1.217527271214157401e-03
5.182855062937832130e-04,1.296910385812751398e-03
5.182437678411776216e-04,1.376293529204781129e-03
5.208117210605394407e-04,8.320139765009618420e-04
5.223136180574864274e-04,7.640333058204157660e-04
5.246125598760166802e-04,6.960749204227140424e-04
5.284162818527798075e-04,6.281744622504387794e-04
5.353634779350938079e-04,5.605233224852834316e-04
5.494526296316619906e-04,4.939837344149817676e-04
5.734177810827480702e-04,4.303308254226872131e-04
6.059588644027251534e-04,3.706042021545628016e-04
6.400495697274386853e-04,3.117483123618202583e-04
6.786611659407608063e-04,2.557606302153262183e-04
7.255914267490992057e-04,2.065364007604508962e-04
7.787249696840529501e-04,1.640966359743066874e-04
8.349006857051448653e-04,1.257743760879780808e-04
8.922430795845966460e-04,8.923655710162825419e-05
9.501665520677912312e-04,5.362709818038119701e-05
1.008424389217458996e-03,1.857834686303155020e-05
1.066906946189200619e-03,-1.609413629428740541e-05
1.125533878299999962e-03,-5.051815651300000206e-05
1.194290124704101407e-03,-9.062771132129884464e-05
1.263121789487351007e-03,-1.306074058381565429e-04
1.331999314747828221e-03,-1.705077893455406439e-04
1.400903094608252873e-03,-2.103629657406573279e-04
1.469819928021727420e-03,-2.501955385558238916e-04
1.538745902825661670e-03,-2.900122750989954780e-04
1.607676834338371335e-03,-3.298204416961294703e-04
1.676607911694199616e-03,-3.696283532757262103e-04
1.745540769052920374e-03,-4.094331813131341655e-04
1.814475608826671875e-03,-4.492345771109101829e-04
1.883410832988318805e-03,-4.890353068824915012e-04
1.952346894380158895e-03,-5.288345864538883260e-04
2.021282793004574013e-03,-5.686341480085476286e-04
2.090217329432300566e-03,-6.084360689022532201e-04
2.159152638425580317e-03,-6.482366516995204716e-04
2.228088879922176385e-03,-6.880356193813071293e-04
2.297025033626927046e-03,-7.278347391045890662e-04
2.365961477565978275e-03,-7.676333561408046598e-04
2.434897102045420394e-03,-8.074333924981601457e-04
2.503831309937562793e-03,-8.472358824006196972e-04
2.572766795026632403e-03,-8.870361601684274670e-04
2.641703579171852858e-03,-9.268341879535330237e-04
2.710639902782067349e-03,-9.666330133981023429e-04
2.779574380797356688e-03,-1.006435035420814687e-03
2.848508736138466186e-03,-1.046237269930005856e-03
2.917444652143204396e-03,-1.086036801385902159e-03
2.986380849615244328e-03,-1.125835845336393710e-03
3.055315989076893592e-03,-1.165636721771005002e-03
3.124250432099870065e-03,-1.205438804438107572e-03
3.193186524347435464e-03,-1.245238030594142094e-03
3.262122414879759132e-03,-1.285037606157470296e-03
3.331057276482179280e-03,-1.324838963865224671e-03
3.399993825742629247e-03,-1.364637398418713093e-03
3.468930170676408180e-03,-1.404436186918834803e-03
3.537865494388199063e-03,-1.444236744251967781e-03
3.606802342846366846e-03,-1.484034660518516579e-03
3.675739658626777599e-03,-1.523831767444956990e-03
3.744675236768021248e-03,-1.563631884086739586e-03
3.813608122761625533e-03,-1.603436663327132555e-03
3.882542287212035082e-03,-1.643239228306852054e-03
3.951479165035081016e-03,-1.683037093860802018e-03
4.020415910916372119e-03,-1.722835187904090976e-03
4.089351235216718249e-03,-1.762635744186364685e-03
4.158286487315206170e-03,-1.802436425545743534e-03
4.227223658946890547e-03,-1.842233782131236057e-03
4.296158684202154576e-03,-1.882034856283313880e-03
4.365092598725875406e-03,-1.921837854242098523e-03
4.434030026914516885e-03,-1.961634766372361699e-03
4.502965908590717686e-03,-2.001434357167634730e-03
4.571900006254746122e-03,-2.041237038010458062e-03
4.640836154114695578e-03,-2.081036167869130572e-03
4.709771419283636205e-03,-2.120836826575598407e-03
4.778706380517255478e-03,-2.160638011705662363e-03
4.847643236852158984e-03,-2.200435914440935451e-03
4.916577622756616341e-03,-2.240238095939049105e-03
4.985511455948343947e-03,-2.280041234715088523e-03
5.054448676233148051e-03,-2.319838507007533461e-03
5.123384041868288274e-03,-2.359638991603692226e-03
5.192317692709299756e-03,-2.399442446324627325e-03
5.261253228277548363e-03,-2.439242636725662099e-03
5.330190782304711737e-03,-2.479039330937992877e-03
5.182203954276007199e-04,1.455676664846216424e-03
5.182079233204110345e-04,1.535059808390134206e-03
5.182010740146828724e-04,1.614442952744636660e-03
5.181970262742857788e-04,1.693826096259983330e-03
5.181944100399026726e-04,1.773209240246368355e-03
5.181924522632229673e-04,1.852592384247026686e-03
5.181901748934134152e-04,1.931975528169222172e-03
5.181874092367081373e-04,2.011358672107216652e-03
5.181852375463632220e-04,2.090741816061265131e-03
5.181832678918562359e-04,2.170124960017599108e-03
5.181812276238388767e-04,2.249508103973381443e-03
5.181797745177212393e-04,2.328891247941334165e-03
5.181784584280285004e-04,2.408274391912839166e-03
5.181771056016340818e-04,2.487657535882940776e-03
5.181763210937858580e-04,2.567040679860372460e-03
5.181757415197817259e-04,2.646423823840541104e-03
5.181750466495568894e-04,2.725806967819172782e-03
5.181743684468083713e-04,2.805190111798003955e-03
5.181736946400642470e-04,2.884573255776975206e-03
5.181730231389613693e-04,2.963956399755880104e-03
5.181723791600599148e-04,3.043339543734910769e-03
5.181716071551596952e-04,3.122722687713409308e-03
5.181710013862702181e-04,3.202105831692609109e-03
5.181710289999775457e-04,3.281488975674495562e-03
5.181707599785258375e-04,3.360872119655124342e-03
5.181699816567319952e-04,3.440255263633599896e-03
5.181693140832011437e-04,3.519638407612547294e-03
5.181685848903556067e-04,3.599021551591209331e-03
5.181679822589318942e-04,3.678404695570442959e-03
5.181679416311387723e-04,3.757787839552101296e-03
5.181680457682715001e-04,3.837170983534064512e-03
5.181679877446900093e-04,3.916554127515864230e-03
5.181678939781320147e-04,3.995937271498007856e-03
5.181683921439038864e-04,4.075320415477784453e-03
5.181690368796259454e-04,4.154703559456716239e-03
5.181690255217660888e-04,4.234086703438329907e-03
5.181690684409924214e-04,4.313469847420963593e-03
5.181689298338749928e-04,4.392852991401892913e-03
5.181681709433418959e-04,4.472236135380489898e-03
5.181680094380744029e-04,4.551619279361348094e-03
5.181679101262880692e-04,4.631002423343082326e-03
5.181670995557829300e-04,4.710385567322017582e-03
5.181673503575234168e-04,4.789768711300197365e-03
5.181680681730768331e-04,4.869151855279942737e-03
5.181680041987721383e-04,4.948534999261816614e-03
5.181682790739732978e-04,5.027918143243068592e-03
5.181692595641804438e-04,5.107301287219318496e-03
5.181706226362182803e-04,5.186684431189364161e-03
5.181719801519734693e-04,5.266067575159462735e-03
5.181733438939447071e-04,5.345450719129589932e-03
5.181747147724367029e-04,5.424833863099561004e-03
5.181756669540168135e-04,5.504217007075731111e-03
5.181760474930006011e-04,5.583600151056716809e-03
5.181760185856641157e-04,5.662983295038515226e-03
5.181759775914898062e-04,5.742366439020355276e-03
5.181760146222636528e-04,5.821749583002027058e-03
5.181760185757605794e-04,5.901132726983772565e-03
5.181758943297343515e-04,5.980515870966057572e-03
5.181761784360721995e-04,6.059899014946624335e-03
5.181769141617802036e-04,6.139282158925276831e-03
5.181770910989958422e-04,6.218665302906282479e-03
5.181769775257217929e-04,6.298048446888566618e-03
5.181769975208306601e-04,6.377431590870251410e-03
5.181769861764639164e-04,6.456814734851875487e-03
5.181770353693572733e-04,6.536197878833921969e-03
5.181770319924557588e-04,6.615581022815662272e-03
5.181765123916044812e-04,6.694964166795239376e-03
5.181756578633790657e-04,6.774347310773388801e-03
5.181750236774799578e-04,6.853730454752475845e-03
5.181750596178324314e-04,6.933113598734470286e-03
5.181747487808783820e-04,7.012496742714723931e-03
5.181740238315761873e-04,7.091879886693485714e-03
5.181741081757300273e-04,7.171263030676592980e-03
5.181735584886644139e-04,7.250646174652939160e-03
5.181720708435665936e-04,7.330029318622363795e-03
5.181712872176248968e-04,7.409412462599943364e-03
5.181706816820093233e-04,7.488795606580025271e-03
5.181700145309650618e-04,7.568178750558765371e-03
5.181699205246106032e-04,7.647561894540241129e-03
5.181700545723938933e-04,7.726945038522136690e-03
5.181700031102738462e-04,7.806328182503998424e-03
5.181698240315504248e-04,7.885711326487104822e-03
5.181705062171556306e-04,7.965094470463575035e-03
5.181720081336243199e-04,8.044477614432336138e-03
5.181733388099153724e-04,8.123860758401350510e-03
5.181747866657181786e-04,8.203243902376353147e-03
5.181760188528669337e-04,8.282627046343141869e-03
5.166774952103529760e-04,2.876347125077499678e-02
5.166551726205686427e-04,2.884285439161669504e-02
5.166322784256315590e-04,2.892223753229829566e-02
5.166091235558242225e-04,2.900162067290706566e-02
5.165846445385999545e-04,2.908100381310808197e-02
5.165589392969665650e-04,2.916038695293197980e-02
5.165330768451519960e-04,2.923977009270512656e-02
5.165059108512175864e-04,2.931915323203142590e-02
5.164775218809741948e-04,2.939853637094092323e-02
5.164493300394974555e-04,2.947791950991806784e-02
5.164212135395270789e-04,2.955730264891665016e-02
5.163930867991739417e-04,2.963668578791846947e-02
5.163653670942794198e-04,2.971606892707155667e-02
5.163387913867202366e-04,2.979545206656698114e-02
5.163127235863512092e-04,2.987483520630293196e-02
5.162858948032646948e-04,2.995421834587404936e-02
5.162590731610740193e-04,3.003360148481534070e-02
5.162288170874361004e-04,3.011298462357948208e-02
5.161971331850933025e-04,3.019236776299650399e-02
5.161947438728493702e-04,3.027175090278506550e-02
5.162155790482296025e-04,3.035113404725599609e-02
5.162416300969058236e-04,3.043051719082025958e-02
5.163171681550110439e-04,3.050990029398943995e-02
5.163197558494984430e-04,3.058928346132518822e-02
5.161917774814002696e-04,3.066866666877245476e-02
5.164329233435878321e-04,3.074804923676893731e-02
5.167587982501267805e-04,3.082743161314783348e-02
5.166253703025056130e-04,3.090681466409914493e-02
5.166197501536714479e-04,3.098619778351982892e-02
5.169035352538572763e-04,3.106558056253829608e-02
5.171995833362046232e-04,3.114496316979471768e-02
5.173099402510323913e-04,3.122434629775202447e-02
5.175053670692516487e-04,3.130372907559178519e-02
5.180149989433011429e-04,3.138311070362943128e-02
5.182316491185377490e-04,3.146249323343423832e-02
5.181670568827459510e-04,3.154187662687536753e-02
5.181604640893727656e-04,3.162125976228420676e-02
5.181677646398864974e-04,3.170064286587286062e-02
5.181646832270553294e-04,3.178002602793604525e-02
5.181662587340373676e-04,3.185940917099853997e-02
5.181680369536281489e-04,3.193879231220605325e-02
5.181694213652856184e-04,3.201817545746805938e-02
5.181721840199297316e-04,3.209755860131553729e-02
5.181749293273562153e-04,3.217694174506342125e-02
5.181776999516637776e-04,3.225632488908845852e-02
5.181810781926115021e-04,3.233570803299086471e-02
5.181846170595721512e-04,3.241509117688130132e-02
5.181876964636090380e-04,3.249447432081065817e-02
5.181897252938130272e-04,3.257385746476729876e-02
5.181903052487390159e-04,3.265324060874450623e-02
5.181897895489980758e-04,3.273262375272842362e-02
5.181884513812914407e-04,3.281200689669938608e-02
5.181859372243429471e-04,3.289139004064013660e-02
5.181833213746889818e-04,3.297077318457881934e-02
5.181813812573493041e-04,3.305015632853713220e-02
5.181793247930247372e-04,3.312953947249292624e-02
5.181775075829669593e-04,3.320892261645296689e-02
5.181762242328116471e-04,3.328830576042467182e-02
5.181748522161122843e-04,3.336768890439488489e-02
5.181736615457446446e-04,3.344707204836745718e-02
5.181730462584045781e-04,3.352645519234719040e-02
5.181729288456821299e-04,3.360583833632878326e-02
5.181730505417008435e-04,3.368522148031082020e-02
5.181730361915690836e-04,3.376460462429257264e-02
5.181725147984351208e-04,3.384398776827213240e-02
5.181716632178437042e-04,3.392337091225033907e-02
5.181710244571184013e-04,3.400275405622942004e-02
5.181710736112063193e-04,3.408213720021110310e-02
5.181707244041448314e-04,3.416152034419211309e-02
5.181700091882731696e-04,3.424090348817065282e-02
5.181705467616262977e-04,3.432028663214906072e-02
5.181711310964146446e-04,3.439966977612934212e-02
5.181710097322774801e-04,3.447905292011138600e-02
5.181709726870622774e-04,3.455843606409323560e-02
5.181710095860194744e-04,3.463781920807491171e-02
5.181710004275953468e-04,3.471720235205669886e-02
5.181709981166393413e-04,3.479658549603848600e-02
5.181710006965731122e-04,3.487596864002023844e-02
5.181710000110883486e-04,3.495535178400199783e-02
5.181709998706412329e-04,3.503473492798375027e-02
5.181710000509770139e-04,3.511411807196552354e-02
5.181709999993593411e-04,3.519350121594728292e-02
5.181709999884304748e-04,3.527288435992905619e-02
5.181710000110751214e-04,3.535226750391081557e-02
5.181709999983117850e-04,3.543165064789258190e-02
5.181709999614722215e-04,3.551103379187433434e-02
5.181710001083656781e-04,3.559041693585610761e-02
5.181709999618053968e-04,3.566980007983790169e-02
5.181709994811846453e-04,3.574918322381967495e-02
5.181710015686611043e-04,3.582856636780142739e-02
5.180774780273638205e-04,2.217467046031055405e-02
5.180686981008885122e-04,2.225405360380732292e-02
5.180604431259017324e-04,2.233343674735981110e-02
5.180523976701936154e-04,2.241281989093345597e-02
5.180436691141446660e-04,2.249220303443539432e-02
5.180350366272320865e-04,2.257158617794877836e-02
5.180261670592040254e-04,2.265096932143407030e-02
5.180167200361994418e-04,2.273035246485406724e-02
5.180079395201574351e-04,2.280973560835070080e-02
5.179990549364911186e-04,2.288911875183347391e-02
5.179889878405330482e-04,2.296850189517740670e-02
5.179787882496739680e-04,2.304788503850496717e-02
5.179688931236722934e-04,2.312726818187006705e-02
5.179589408621920873e-04,2.320665132522851601e-02
5.179480713534184624e-04,2.328603446846490982e-02
5.179363366533116554e-04,2.336541761158093117e-02
5.179242887649136836e-04,2.344480075464831087e-02
5.179123054846336126e-04,2.352418389772560625e-02
5.179001393951560743e-04,2.360356704077489973e-02
5.178874421076740077e-04,2.368295018374133587e-02
5.178743154952293159e-04,2.376233332663849063e-02
5.178606755635767377e-04,2.384171646944801409e-02
5.178465954926738096e-04,2.392109961218112993e-02
5.178326172548541884e-04,2.400048275493287669e-02
5.178183908116266261e-04,2.407986589763901064e-02
5.178036290709938120e-04,2.415924904024839559e-02
5.177890026552477111e-04,2.423863218288350996e-02
5.177740792403338378e-04,2.431801532546168376e-02
5.177586204049667651e-04,2.439739846793866074e-02
5.177437455272625166e-04,2.447678161052605633e-02
5.177290166298288915e-04,2.455616475314183547e-02
5.177136131530770801e-04,2.463554789562954692e-02
5.176976391735341014e-04,2.471493103800410929e-02
5.176815637523302788e-04,2.479431418035837539e-02
5.176655443033190487e-04,2.487369732272388251e-02
5.176490340332475914e-04,2.495308046498808871e-02
5.176321460161925929e-04,2.503246360717438501e-02
5.176154105776004793e-04,2.511184674939214573e-02
5.175993143418829157e-04,2.519122989174187727e-02
5.175831221285212254e-04,2.527061303407166989e-02
5.175663248161089169e-04,2.534999617627657978e-02
5.175496254508514440e-04,2.542937931850222655e-02
5.175327667580282903e-04,2.550876246069350498e-02
5.175153223633769534e-04,2.558814560275892575e-02
5.174974019018158729e-04,2.566752874471791776e-02
5.174792054214165816e-04,2.574691188661461932e-02
5.174611267369122903e-04,2.582629502853784481e-02
5.174436727559017946e-04,2.590567817060035818e-02
5.174261913692425850e-04,2.598506131265741065e-02
5.174080565025160078e-04,2.606444445456813225e-02
5.173894524879344261e-04,2.614382759636969464e-02
5.173705299833484010e-04,2.622321073809719821e-02
5.173510985215377033e-04,2.630259387970095702e-02
5.173306545472645696e-04,2.638197702104908351e-02
5.173095682884456831e-04,2.646136016223216147e-02
5.172881196358826601e-04,2.654074330331610693e-02
5.172660735057758516e-04,2.662012644423611754e-02
5.172440890041928334e-04,2.669950958517396458e-02
5.172227508328020897e-04,2.677889272628821565e-02
5.172019524929001013e-04,2.685827586754528304e-02
5.171811819404731250e-04,2.693765900881012199e-02
5.171604308468472555e-04,2.701704215007964122e-02
5.171403213485989067e-04,2.709642529151415694e-02
5.171200797749388612e-04,2.717580843291487677e-02
5.170992425382987204e-04,2.725519157416227481e-02
5.170783965097136515e-04,2.733457471540689382e-02
5.170577814226774531e-04,2.741395785671260632e-02
5.170369982560801348e-04,2.749334099797363581e-02
5.170152111310785583e-04,2.757272413896491234e-02
5.169926455845376238e-04,2.765210727974102417e-02
5.169698379072937234e-04,2.773149042044597765e-02
5.169471255591078385e-04,2.781087356117802056e-02
5.169242063580425104e-04,2.789025670185293904e-02
5.169014893792837906e-04,2.796963984258369826e-02
5.168799992588162450e-04,2.804902298365575739e-02
5.168584028523847285e-04,2.812840612469942950e-02
5.168361975119605727e-04,2.820778926557610672e-02
5.168142806245220894e-04,2.828717240653449289e-02
5.167915298581889604e-04,2.836655554725251577e-02
5.167679572439180368e-04,2.844593868773581669e-02
5.167450917412119444e-04,2.852532182842416192e-02
5.167223507047751744e-04,2.860470496914923472e-02
5.166995961592904659e-04,2.868408810986952315e-02
5.174807856944230004e-04,1.495080441842609742e-02
5.174982163592419622e-04,1.503018756049406476e-02
5.175161964334514106e-04,1.510957070243933859e-02
5.175343398421629239e-04,1.518895384434813117e-02
5.175523941553368491e-04,1.526833698627673604e-02
5.175704658268775798e-04,1.534772012820137532e-02
5.175884686565076229e-04,1.542710327014212672e-02
5.176065808178667745e-04,1.550648641205747656e-02
5.176251985663874724e-04,1.558586955385550879e-02
5.176441464459575125e-04,1.566525269557770411e-02
5.176627574172839533e-04,1.574463583737711891e-02
5.176803170861694588e-04,1.582401897941590821e-02
5.176973396688930697e-04,1.590340212157467098e-02
5.177139358790311136e-04,1.598278526382106504e-02
5.177295804723346714e-04,1.606216840626193548e-02
5.177441965396648547e-04,1.614155154889833702e-02
5.177580749534721385e-04,1.622093469166746571e-02
5.177715877127827236e-04,1.630031783449972099e-02
5.177844969848136285e-04,1.637970097743140369e-02
5.177971933801183042e-04,1.645908412039786065e-02
5.178104997852572920e-04,1.653846726326418937e-02
5.178239992076195779e-04,1.661785040609852285e-02
5.178373221098969649e-04,1.669723354896228418e-02
5.178505861205684587e-04,1.677661669183642609e-02
5.178644210906020989e-04,1.685599983461206694e-02
5.178784446328819902e-04,1.693538297735511580e-02
5.178917789203680167e-04,1.701476612021721874e-02
5.179054724585546287e-04,1.709414926301697918e-02
5.179195846714552791e-04,1.717353240574491166e-02
5.179331072474112991e-04,1.725291554857528650e-02
5.179458990778199132e-04,1.733229869152701219e-02
5.179586587253388191e-04,1.741168183448280754e-02
5.179720889968696682e-04,1.749106497732862836e-02
5.179850006423235374e-04,1.757044812026000921e-02
5.179966441944308230e-04,1.764983126338981814e-02
5.180069582614430694e-04,1.772921440670408716e-02
5.180157447810775561e-04,1.780859755019769536e-02
5.180234959374960908e-04,1.788798069380307873e-02
5.180309651215181301e-04,1.796736383743415336e-02
5.180377987154227400e-04,1.804674698112099240e-02
5.180445213337814313e-04,1.812613012481803856e-02
5.180519380126736694e-04,1.820551326845365123e-02
5.180588853462476549e-04,1.828489641213072378e-02
5.180655655219501858e-04,1.836427955583141980e-02
5.180729615673977098e-04,1.844366269946881923e-02
5.180800332080292897e-04,1.852304584313499425e-02
5.180865785630254638e-04,1.860242898684751761e-02
5.180932265546286421e-04,1.868181213055081918e-02
5.181000585800238237e-04,1.876119527423919867e-02
5.181065872593457015e-04,1.884057841795200305e-02
5.181125100010918567e-04,1.891996156171309174e-02
5.181190336207707088e-04,1.899934470542710696e-02
5.181256159145648235e-04,1.907872784913463779e-02
5.181309805991793317e-04,1.915811099293477510e-02
5.181362398521355359e-04,1.923749413674405787e-02
5.181415486730936784e-04,1.931687728054748421e-02
5.181462810323207149e-04,1.939626042438812731e-02
5.181506108373523699e-04,1.947564356825277898e-02
5.181543907629884271e-04,1.955502671214445071e-02
5.181572111509054552e-04,1.963440985607719375e-02
5.181589605866550406e-04,1.971379300003930565e-02
5.181601426724645942e-04,1.979317614401284939e-02
5.181614529062561741e-04,1.987255928798370430e-02
5.181629361071802328e-04,1.995194243195217224e-02
5.181641047434363580e-04,2.003132557592488330e-02
5.181646989479652549e-04,2.011070871990477266e-02
5.181657975198785977e-04,2.019009186387839272e-02
5.181671454542797388e-04,2.026947500784863701e-02
5.181678438813320424e-04,2.034885815182694777e-02
5.181682052506632026e-04,2.042824129581060494e-02
5.181678787201170026e-04,2.050762443978981081e-02
5.181665129828248641e-04,2.058700758375955203e-02
5.181652445731457085e-04,2.066639072773362312e-02
5.181637001370206037e-04,2.074577387169813589e-02
5.181610255982646660e-04,2.082515701563486879e-02
5.181582189291510749e-04,2.090454015956835776e-02
5.181556071715300287e-04,2.098392330350672130e-02
5.181529416588236386e-04,2.106330644744380115e-02
5.181502134363562533e-04,2.114268959137842463e-02
5.181476105698247861e-04,2.122207273531805799e-02
5.181450432215414922e-04,2.130145587925925260e-02
5.181415583416145451e-04,2.138083902316196758e-02
5.181372899445894995e-04,2.146022216703146607e-02
5.181327092722011170e-04,2.153960531088183056e-02
5.181272038637260930e-04,2.161898845467069910e-02
5.181209058266343561e-04,2.169837159840451099e-02
5.181142705966626646e-04,2.177775474210913095e-02
5.181071364047503064e-04,2.185713788576979302e-02
5.180996791336615805e-04,2.193652102940155807e-02
5.180922986676259490e-04,2.201590417303992547e-02
5.180851808208047785e-04,2.209528731670483415e-02
5.181761687867084262e-04,8.362010190303480889e-03
5.181757409235162844e-04,8.441393334366251860e-03
5.181749513782083535e-04,8.520776478269169799e-03
5.181736376142593789e-04,8.600159621961705678e-03
5.181721942501972111e-04,8.679542767070875728e-03
5.181697739544775111e-04,8.758925909859240772e-03
5.181666692077946737e-04,8.838309050070779910e-03
5.181695111170586893e-04,8.917692210320878402e-03
5.181645176445582885e-04,8.997075336323418979e-03
5.181559863134627218e-04,9.076458430267313887e-03
5.182340616578547240e-04,9.155841803768709208e-03
5.181059797895065135e-04,9.235224668640407142e-03
5.175788116081442812e-04,9.314606378741426690e-03
5.175718430926399541e-04,9.393989128968856586e-03
5.176831644624430235e-04,9.473371881628032259e-03
5.170637141491071526e-04,9.552752722862304161e-03
5.167014508539721556e-04,9.632134810837911232e-03
5.167217262612690482e-04,9.711518288667538371e-03
5.166237095893216717e-04,9.790901363435145985e-03
5.164716264630562440e-04,9.870284380888253231e-03
5.164787690071363010e-04,9.949667539128254773e-03
5.166558888681128817e-04,1.002905061825552085e-02
5.164869068390009468e-04,1.010843327330026437e-02
5.161812293582466928e-04,1.018781592534679162e-02
5.161681398929867434e-04,1.026719907916275910e-02
5.161901381502979804e-04,1.034658227895941286e-02
5.161809873020054311e-04,1.042596539698802116e-02
5.162085233006483533e-04,1.050534853784990293e-02
5.162396657817192947e-04,1.058473168077446631e-02
5.162642119942392228e-04,1.066411481867091636e-02
5.162897589159967399e-04,1.074349795869263338e-02
5.163153112114394778e-04,1.082288109889877406e-02
5.163408817313209923e-04,1.090226423859687495e-02
5.163670508985622725e-04,1.098164737827837280e-02
5.163931597611247674e-04,1.106103051799045382e-02
5.164194579486043341e-04,1.114041365760360877e-02
5.164462901091016129e-04,1.121979679705188693e-02
5.164731183340900717e-04,1.129917993650207675e-02
5.164999227278631007e-04,1.137856307595752972e-02
5.165267432039707040e-04,1.145794621540860599e-02
5.165531530072888042e-04,1.153732935499761358e-02
5.165789689602885921e-04,1.161671249478154685e-02
5.166043879058527730e-04,1.169609563469370048e-02
5.166299147015747948e-04,1.177547877457177893e-02
5.166551690787958648e-04,1.185486191453562210e-02
5.166799026906191165e-04,1.193424505466444616e-02
5.167047370461890464e-04,1.201362819476216315e-02
5.167293426691576489e-04,1.209301133492986582e-02
5.167534093969524322e-04,1.217239447526375674e-02
5.167774327057926944e-04,1.225177761561032155e-02
5.168016869438971659e-04,1.233116075588787039e-02
5.168258234534195460e-04,1.241054389620052309e-02
5.168489059268675757e-04,1.248992703682398793e-02
5.168713868894664462e-04,1.256931017762599398e-02
5.168934882263879604e-04,1.264869331853102699e-02
5.169144056632035949e-04,1.272807645975518494e-02
5.169352165846083716e-04,1.280745960100972310e-02
5.169567421467137144e-04,1.288684274207334973e-02
5.169782700342633649e-04,1.296622588313576206e-02
5.169995206373087385e-04,1.304560902427449182e-02
5.170209686837393213e-04,1.312499216535878768e-02
5.170435499271529853e-04,1.320437530612711234e-02
5.170663090676519500e-04,1.328375844684773557e-02
5.170882937261559939e-04,1.336314158778554792e-02
5.171096917882579431e-04,1.344252472888379270e-02
5.171313097710201340e-04,1.352190786992112093e-02
5.171534973446560322e-04,1.360129101080262415e-02
5.171757220906278863e-04,1.368067415167399832e-02
5.171974956265635009e-04,1.376005729266890042e-02
5.172188553364334695e-04,1.383944043377730894e-02
5.172403193760836048e-04,1.391882357485751259e-02
5.172615439969018665e-04,1.399820671600168244e-02
5.172822006922113153e-04,1.407758985729618689e-02
5.173023815382267682e-04,1.415697299871243250e-02
5.173222315400806924e-04,1.423635614021365875e-02
5.173415426527684701e-04,1.431573928184648806e-02
5.173598411830387022e-04,1.439512242371839175e-02
5.173775598178472065e-04,1.447450556572457345e-02
5.173948870343708824e-04,1.455388870781494648e-02
5.174115926911094718e-04,1.463327185003891924e-02
5.174285348252611249e-04,1.471265499221219124e-02
5.174460358756203648e-04,1.479203813426527292e-02
5.174634920132259669e-04,1.487142127632780711e-02
5.181799476182604586e-04,4.273489989396430516e-02
5.181792029530959661e-04,4.281428303794294205e-02
5.181789448939256876e-04,4.289366618192336916e-02
5.181789710124853681e-04,4.297304932590555182e-02
5.181783446628912158e-04,4.305243246988515321e-02
5.181771370260515120e-04,4.313181561385791979e-02
5.181757322578534790e-04,4.321119875782718917e-02
5.181743930688213502e-04,4.329058190179761040e-02
5.181729528789292020e-04,4.336996504576676181e-02
5.181717733412647200e-04,4.344934818973921614e-02
5.181711292085964008e-04,4.352873133371850528e-02
5.181705151866529760e-04,4.360811447769815524e-02
5.181697768890912176e-04,4.368749762167639661e-02
5.181690918543011481e-04,4.376688076565521390e-02
5.181688186633603586e-04,4.384626390963691778e-02
5.181692210687466067e-04,4.392564705361778205e-02
5.181699433153332543e-04,4.400503019759631484e-02
5.181700289541548094e-04,4.408441334157735259e-02
5.181701000241591831e-04,4.416379648555963933e-02
5.181708964424207092e-04,4.424317962953776967e-02
5.181723117929146324e-04,4.432256277350747620e-02
5.181733336307229026e-04,4.440194591748174158e-02
5.181739677956596121e-04,4.448132906146121113e-02
5.181752948162319248e-04,4.456071220543159073e-02
5.181765033228016978e-04,4.464009534940432955e-02
5.181770039925645078e-04,4.471947849338493014e-02
5.181770355406898395e-04,4.479886163736672422e-02
5.181769803347571323e-04,4.487824478134849748e-02
5.181770031185095561e-04,4.495762792533020830e-02
5.181770261659062295e-04,4.503701106931185666e-02
5.181769218688228899e-04,4.511639421329423361e-02
5.181770545353781487e-04,4.519577735727520196e-02
5.181777601257043326e-04,4.527516050125353353e-02
5.181782458277823904e-04,4.535454364523550802e-02
5.181778417419404545e-04,4.543392678921544942e-02
5.181764709185076060e-04,4.551330993318546125e-02
5.181749192394759229e-04,4.559269307715334979e-02
5.181737934714734494e-04,4.567207622112628984e-02
5.181731525671392884e-04,4.575145936510557204e-02
5.181724224967562339e-04,4.583084250908456975e-02
5.181719211853372080e-04,4.591022565306404624e-02
5.181719703868304565e-04,4.598960879704604848e-02
5.181720820732776565e-04,4.606899194102809236e-02
5.181718703891569034e-04,4.614837508500948399e-02
5.181711268846372334e-04,4.622775822898803760e-02
5.181698545616917739e-04,4.630714137295953436e-02
5.181684238274856429e-04,4.638652451692854006e-02
5.181670783715874732e-04,4.646590766089891272e-02
5.181657391170761467e-04,4.654529080486938947e-02
5.181643197892974676e-04,4.662467394883850619e-02
5.181629991950487124e-04,4.670405709280928130e-02
5.181621732047827274e-04,4.678344023678712715e-02
5.181619602195349080e-04,4.686282338076839388e-02
5.181619955273747847e-04,4.694220652475035449e-02
5.181619005370695580e-04,4.702158966873257184e-02
5.181624074077992997e-04,4.710097281271210384e-02
5.181630303886881807e-04,4.718035595669121951e-02
5.181629539098301035e-04,4.725973910067328421e-02
5.181634199735487547e-04,4.733912224465320479e-02
5.181640599681103330e-04,4.741850538863199432e-02
5.181640119766143561e-04,4.749788853261368432e-02
5.181641051267345689e-04,4.757727167659720618e-02
5.181638136446311410e-04,4.765665482057596103e-02
5.181623947173841747e-04,4.773603796454554266e-02
5.181602286696443491e-04,4.781542110850382082e-02
5.181565943081756741e-04,4.789480425239718564e-02
5.181516657550754240e-04,4.797418739622771183e-02
5.181474714468998002e-04,4.805357054009907342e-02
5.181432193358443978e-04,4.813295368396550145e-02
5.181383500829004046e-04,4.821233682779865054e-02
5.181337357081631676e-04,4.829171997164834890e-02
5.181283059270493964e-04,4.837110311544104424e-02
5.181220241394939897e-04,4.845048625917569574e-02
5.181160596676301008e-04,4.852986940293204515e-02
5.181090773420211296e-04,4.860925254661685457e-02
5.181015290190558618e-04,4.868863569022623128e-02
5.180952819119577458e-04,4.876801883391727876e-02
5.180895408957400961e-04,4.884740197789985694e-02
5.180843491837090016e-04,4.892678512142968617e-02
5.180807178230398052e-04,4.900616826483986804e-02
5.180794410341605380e-04,4.908555141182172066e-02
5.180819519958685185e-04,4.916493455062871665e-02
5.180916910439777208e-04,4.924431768950786326e-02
5.181157767717163749e-04,4.932370087310473938e-02
5.181644185231282576e-04,4.940308391281848094e-02
5.182704601940466439e-04,4.948246696434269870e-02
5.184926884851546926e-04,4.956185044241496335e-02
5.188210548659037431e-04,4.964123126189035756e-02
5.193872628901992534e-04,4.972061291913733999e-02
5.203400654170000457e-04,4.979999999307999775e-02
5.207232707014910165e-04,4.984877543778501452e-02
5.211464548958480957e-04,4.989755055232088232e-02
5.233177448969162076e-04,4.994628353627216660e-02
5.181709992162441235e-04,3.590794951178321454e-02
5.181709929459676163e-04,3.598733265576499474e-02
5.181710227430613366e-04,3.606671579974662228e-02
5.181709856021012158e-04,3.614609894372855514e-02
5.181709046807838259e-04,3.622548208771065453e-02
5.181714041967693668e-04,3.630486523169031143e-02
5.181720555229176557e-04,3.638424837566932302e-02
5.181720707814827919e-04,3.646363151965102689e-02
5.181718922719338524e-04,3.654301466363361894e-02
5.181720781120465738e-04,3.662239780761446933e-02
5.181727787054561402e-04,3.670178095159312009e-02
5.181733893107943502e-04,3.678116409557328353e-02
5.181742284895446025e-04,3.686054723954985957e-02
5.181756335049472360e-04,3.693993038351944119e-02
5.181766409396332566e-04,3.701931352749451842e-02
5.181770623726382865e-04,3.709869667147590311e-02
5.181770807043939962e-04,3.717807981545782903e-02
5.181765668436661559e-04,3.725746295943754838e-02
5.181758105809245981e-04,3.733684610341602567e-02
5.181751433888982534e-04,3.741622924739497480e-02
5.181745077907158777e-04,3.749561239137403496e-02
5.181737713582704706e-04,3.757499553535270653e-02
5.181730771107087965e-04,3.765437867933153770e-02
5.181729473653786484e-04,3.773376182331252687e-02
5.181729831848678417e-04,3.781314496729494545e-02
5.181729587121143739e-04,3.789252811127669790e-02
5.181734841126926696e-04,3.797191125525616745e-02
5.181742553685698667e-04,3.805129439923472107e-02
5.181749112700184722e-04,3.813067754321367714e-02
5.181755840875735056e-04,3.821006068719258464e-02
5.181762430912827469e-04,3.828944383117156153e-02
5.181769196884818043e-04,3.836882697515044821e-02
5.181777086780807191e-04,3.844821011912887693e-02
5.181780374951106384e-04,3.852759326310924159e-02
5.181779871909063685e-04,3.860697640709118833e-02
5.181785135720973906e-04,3.868635955107072033e-02
5.181794001198850464e-04,3.876574269504876741e-02
5.181799927316825712e-04,3.884512583902800104e-02
5.181799248002026854e-04,3.892450898300987144e-02
5.181803281317086830e-04,3.900389212699056918e-02
5.181809994974220313e-04,3.908327527096903953e-02
5.181804657170759358e-04,3.916265841494793315e-02
5.181795870818010474e-04,3.924204155892667412e-02
5.181789844284599711e-04,3.932142470290580366e-02
5.181783923942813452e-04,3.940080784688566179e-02
5.181773565452623721e-04,3.948019099086014921e-02
5.181759017975015331e-04,3.955957413482901613e-02
5.181744867047732069e-04,3.963895727879838266e-02
5.181734781526015250e-04,3.971834042277343213e-02
5.181729684185989050e-04,3.979772356675398415e-02
5.181728957588287773e-04,3.987710671073600721e-02
5.181733295796109176e-04,3.995648985471617759e-02
5.181741161893063750e-04,4.003587299869452998e-02
5.181748565988044102e-04,4.011525614267321543e-02
5.181750539283702921e-04,4.019463928665390623e-02
5.181750111649665799e-04,4.027402243063624848e-02
5.181750794976733689e-04,4.035340557461827848e-02
5.181745444133164461e-04,4.043278871859766477e-02
5.181739289913955566e-04,4.051217186257688452e-02
5.181739598573367614e-04,4.059155500655877574e-02
5.181740350118638943e-04,4.067093815054087513e-02
5.181739845280500419e-04,4.075032129452244023e-02
5.181739767865258233e-04,4.082970443850416492e-02
5.181741096788257438e-04,4.090908758248649330e-02
5.181738322086853468e-04,4.098847072646709389e-02
5.181730867185874168e-04,4.106785387044568220e-02
5.181729800686463681e-04,4.114723701442700443e-02
5.181728894056061418e-04,4.122662015840838912e-02
5.181721404419824912e-04,4.130600330238696355e-02
5.181712823029706013e-04,4.138538644636515634e-02
5.181709964250276468e-04,4.146476959034550019e-02
5.181710411064749909e-04,4.154415273432749550e-02
5.181703061052083271e-04,4.162353587830705526e-02
5.181701047341826785e-04,4.170291902228519254e-02
5.181709438182531329e-04,4.178230216626428739e-02
5.181715747299092765e-04,4.186168531024457573e-02
5.181725353764806818e-04,4.194106845421888968e-02
5.181739639307347389e-04,4.202045159818847131e-02
5.181752103544211155e-04,4.209983474216110605e-02
5.181770101987492709e-04,4.217921788612188916e-02
5.181790230994242968e-04,4.225860103007787749e-02
5.181798899833993822e-04,4.233798417405447434e-02
5.181800387406697728e-04,4.241736731803798927e-02
5.181799959981625396e-04,4.249675046201917272e-02
5.181799665556245053e-04,4.257613360600078639e-02
5.181800900568656401e-04,4.265551674998314946e-02
6.548235288238933929e-03,5.030882568634423291e-02
6.627195287071342179e-03,5.030876753823109587e-02
6.469275312530254306e-03,5.030890188768464416e-02
6.390315420030441562e-03,5.030904272401941213e-02
6.311355481683113798e-03,5.030914555414205125e-02
6.232395483146037883e-03,5.030920643639457540e-02
6.153435503172873661e-03,5.030928561841194885e-02
6.074475487461029194e-03,5.030928406358915056e-02
5.995515548853653370e-03,5.030917819376280742e-02
5.916555697896988888e-03,5.030903534182802617e-02
5.837595529773625253e-03,5.030892219908694035e-02
5.758636516569494782e-03,5.030857028123155578e-02
5.679679123341876620e-03,5.030791353707213254e-02
5.600720053654438535e-03,5.030758070514326080e-02
5.521759887822798134e-03,5.030745021563345215e-02
5.442800041913325483e-03,5.030730674738493474e-02
5.363840102510239807e-03,5.030734623800306449e-02
5.284880072662785123e-03,5.030741512642022961e-02
5.205920061248821284e-03,5.030740069855338392e-02
5.126960046838802652e-03,5.030739710447185847e-02
5.048000030320114011e-03,5.030740113549885678e-02
4.969040015248270617e-03,5.030739993456773140e-02
4.890079999872085602e-03,5.030739983427929413e-02
4.811119984399872367e-03,5.030740008111429795e-02
4.732159969021528488e-03,5.030739998854583117e-02
4.653199953616815078e-03,5.030739999144603208e-02
4.574239938208937532e-03,5.030740000550852631e-02
4.495279922806847892e-03,5.030739999881143204e-02
4.416319907402680052e-03,5.030739999963630693e-02
4.337359891998524355e-03,5.030740000035344162e-02
4.258399876594719073e-03,5.030739999989734118e-02
4.179439861190728175e-03,5.030739999999127299e-02
4.100479845786780646e-03,5.030740000002109635e-02
4.021519830382837453e-03,5.030739999999205708e-02
3.942559814978889056e-03,5.030740000000044621e-02
3.863599799574957139e-03,5.030740000000114703e-02
3.784639784170977083e-03,5.030739999999943313e-02
3.705679768767048202e-03,5.030740000000008538e-02
3.626719753363097636e-03,5.030740000000005069e-02
3.547759737959135361e-03,5.030739999999996742e-02
3.468799722555203878e-03,5.030740000000001599e-02
3.389839707151244205e-03,5.030739999999999518e-02
3.310879691747319227e-03,5.030739999999999518e-02
3.231919676343373866e-03,5.030739999999998824e-02
3.152959660939435443e-03,5.030740000000000905e-02
3.073999645535512634e-03,5.030740000000007150e-02
2.995039630131553395e-03,5.030739999999975232e-02
2.916079614727637090e-03,5.030740000000027967e-02
2.837119599323681320e-03,5.030740000000077233e-02
2.758159583919748969e-03,5.030739999999605389e-02
2.679199568515798404e-03,5.030740000000755163e-02
2.600239553111826155e-03,5.030740000000354095e-02
2.521279537708045592e-03,5.030739999994426892e-02
2.442319522303608870e-03,5.030740000015650193e-02
2.363359506900280203e-03,5.030739999988450423e-02
2.284399491497562159e-03,5.030739999936212348e-02
2.205439476085804471e-03,5.030740000272621720e-02
2.126479460698933992e-03,5.030739999536266299e-02
2.047519445293175845e-03,5.030739999614247671e-02
1.968559429787436477e-03,5.030740004009572747e-02
1.889599414727153280e-03,5.030739989171454513e-02
1.810639398894933966e-03,5.030740007662606872e-02
1.731679382618810190e-03,5.030740045323766479e-02
1.652719372810162058e-03,5.030739803726600595e-02
1.573759344602538007e-03,5.030740356572815236e-02
1.494799333128141172e-03,5.030740186901284938e-02
1.415839401358404527e-03,5.030734066798230042e-02
1.336879227849730204e-03,5.030724159576965837e-02
1.257919761602621384e-03,5.030705405176373601e-02
1.178960837065482631e-03,5.030668895164241983e-02
1.100000000000999918e-03,5.030611772193999826e-02
1.051254036756963522e-03,5.030552378120246859e-02
1.002508973520517066e-03,5.030472152183412815e-02
9.537621032990983676e-04,5.030403779649050139e-02
9.050085349066118489e-04,5.030343141380484717e-02
8.563282917269320581e-04,5.030069055816422524e-02
8.081497783423638448e-04,5.029314780303725807e-02
7.613171519288249511e-04,5.027955490887907330e-02
7.166486495774997134e-04,5.025996743878125006e-02
6.730372664648597535e-04,5.023812723859877316e-02
6.312719218643745309e-04,5.021292043260842941e-02
5.996911933243327403e-04,5.017573980358800562e-02
5.776453410579636665e-04,5.013221789246175703e-02
5.571372654730999668e-04,5.008795059141779582e-02
5.400093481254590556e-04,5.004226992624469239e-02
5.290838472385465344e-04,4.999472288596937264e-02
1.332924096108994115e-02,4.951873836688991393e-02
1.325297578345224769e-02,4.953919089437625739e-02
1.317667286871791049e-02,4.955950225097748019e-02
1.310035079792190409e-02,4.957974157163517331e-02
1.302400072144741135e-02,4.959987482365754707e-02
1.294761143895529869e-02,4.961985894307400363e-02
1.287118770045874577e-02,4.963971079039972145e-02
1.279473942398207283e-02,4.965946806487871179e-02
1.271826666258362229e-02,4.967913026271345012e-02
1.264175558227648155e-02,4.969864266324990759e-02
1.256521912291001623e-02,4.971805562852738003e-02
1.248866306962922133e-02,4.973739095824691175e-02
1.241206767610547601e-02,4.975656970969438708e-02
1.233543994978544660e-02,4.977561927586442864e-02
1.225878509281748581e-02,4.979455911979880495e-02
1.218209046989756662e-02,4.981333711598030789e-02
1.210537022268313653e-02,4.983201055339139818e-02
1.202863164834220081e-02,4.985060827537759337e-02
1.195185699020957261e-02,4.986905633448489306e-02
1.187505681625717485e-02,4.988739822990814754e-02
1.179823883499273030e-02,4.990566518234450244e-02
1.172138821081418134e-02,4.992379433849147841e-02
1.164450339600225752e-02,4.994177796729555585e-02
1.156759133535110312e-02,4.995964468427384342e-02
1.149065893120760490e-02,4.997742386170886397e-02
1.141369110369662605e-02,4.999504850073630685e-02
1.133668694872351154e-02,5.001251410965722871e-02
1.125967483443366182e-02,5.002994484600446767e-02
1.118263446442401172e-02,5.004724953208043031e-02
1.110555215634772760e-02,5.006436699482441632e-02
1.102845349970218297e-02,5.008141071004815204e-02
1.095133359119985529e-02,5.009835768416208424e-02
1.087417962590496098e-02,5.011514915827619543e-02
1.079698894883632763e-02,5.013177110080292015e-02
1.071976110631751682e-02,5.014821930292323593e-02
1.064250040313081264e-02,5.016451255316014407e-02
1.056521303762201699e-02,5.018067911080506538e-02
1.048787463944123033e-02,5.019659964559986670e-02
1.041045830396684219e-02,5.021213718177714586e-02
1.033295198797148755e-02,5.022721840960454875e-02
1.025534097958252094e-02,5.024175643415789566e-02
1.017759210310603332e-02,5.025553428200209283e-02
1.009965302649628270e-02,5.026818688865253987e-02
1.002148801783342771e-02,5.027940949652538044e-02
9.943055249808123094e-03,5.028851245487755278e-02
9.864347953659714438e-03,5.029484758841002573e-02
9.785500406181889266e-03,5.029915342852613741e-02
9.706594861602609384e-03,5.030206727981446219e-02
9.627657643525924791e-03,5.030398351526343959e-02
9.548707837547718708e-03,5.030528557857644883e-02
9.469752613538990130e-03,5.030614077939405543e-02
9.390794150870998905e-03,5.030665135492241175e-02
9.311834718204878986e-03,5.030696551074085449e-02
9.232874988720973439e-03,5.030717613037796049e-02
9.153915059066420473e-03,5.030729640688486742e-02
9.074955045372945853e-03,5.030729953949704403e-02
8.995995040085783337e-03,5.030732395692637943e-02
8.917035056772807181e-03,5.030739868280161009e-02
8.838075045099119675e-03,5.030740734602470038e-02
8.759115026004338916e-03,5.030739878412636423e-02
8.680155011079819516e-03,5.030739988737119306e-02
8.601194991509186760e-03,5.030739015299382638e-02
8.522234994518811113e-03,5.030743316420644567e-02
8.443275008744420204e-03,5.030750236529230729e-02
8.364314995831569413e-03,5.030750818179733491e-02
8.285354973114455318e-03,5.030749110831358312e-02
8.206394963089020528e-03,5.030750366211323571e-02
8.127434975178827667e-03,5.030756781071882289e-02
8.048474996329135420e-03,5.030765305935434167e-02
7.969515002055598679e-03,5.030770233175488326e-02
7.890554984025537413e-03,5.030769621881776843e-02
7.811594985312247420e-03,5.030773506577063126e-02
7.732635004113855813e-03,5.030781480356517898e-02
7.653675017450688872e-03,5.030788179655256570e-02
7.574715031107856836e-03,5.030794897386359904e-02
7.495755043971160693e-03,5.030801563286829703e-02
7.416795056898252067e-03,5.030808210196606456e-02
7.337835080195010372e-03,5.030816548663902960e-02
7.258875073210729716e-03,5.030819922317072979e-02
7.179915052875997239e-03,5.030819112779791324e-02
7.100955141003441502e-03,5.030830465278080671e-02
7.021995227186903464e-03,5.030843645468800057e-02
6.943035229651200145e-03,5.030849417796900980e-02
6.864075238667325350e-03,5.030855777541724805e-02
6.706155269373750838e-03,5.030869653676318248e-02
6.785115255975562344e-03,5.030862898891819146e-02
